loan_id,loan_identifier,sector,rating,current_balance,weight,annual_pd,annual_cpr,lgd,coupon_spread_bps,reference_rate,coupon_floor,maturity_years,discount_margin_bps,market_price,model_price,price_gap,expected_loss_pct,source_family
L001,Synthetic Bloomberg-Compatible Loan 001,Telecom,B-,6.1107299118835465,0.0018812736294990299,0.01,0.0322342177518286,0.505886213282428,598.0689113110718,0.0525,0.01,4.0,679.7497353878849,99.73558403430722,99.78617328944992,0.05058925514269674,0.505886213282428,synthetic_bloomberg_compatible
L002,Synthetic Bloomberg-Compatible Loan 002,Telecom,BB,6.860151816947501,0.002111993639660823,0.01911334335375101,0.03834499789499795,0.486480496687417,346.4083490512263,0.0525,0.01,7.0,538.8551729710931,93.99509611972421,94.42685959480545,0.43176347508124024,0.9298268768089931,synthetic_bloomberg_compatible
L003,Synthetic Bloomberg-Compatible Loan 003,Healthcare,B-,9.258165454225603,0.002850255661390367,0.056370764467376634,0.041849485552886326,0.41979936758450154,576.825771987205,0.0525,0.01,5.0,716.0201905306152,94.33774983030149,92.21334925563356,-2.1244005746679306,2.36644112736596,synthetic_bloomberg_compatible
L004,Synthetic Bloomberg-Compatible Loan 004,Industrials,BB,5.05108050356113,0.0015550457455739907,0.024121068856736105,0.04079088396396192,0.4032298953415315,345.19931901332325,0.0525,0.01,7.0,419.1422129074429,98.85201323733907,98.36779403766577,-0.48421919967329075,0.9726336070627574,synthetic_bloomberg_compatible
L005,Synthetic Bloomberg-Compatible Loan 005,Telecom,CCC+,9.489203558747155,0.002921383971709005,0.03745430861594941,0.02,0.4777737270171294,809.050697700967,0.0525,0.01,5.0,1043.630792774817,91.90524142059765,91.11115796172304,-0.79408345887461,1.789468462029193,synthetic_bloomberg_compatible
L006,Synthetic Bloomberg-Compatible Loan 006,Software,BB,18.750031802199008,0.005772459409987647,0.017276699736360368,0.08931500324044098,0.5853501569676012,389.7641207156528,0.0525,0.01,7.0,448.6268757950836,97.14924556543471,98.86140668553122,1.7121611200965106,1.0112918902560655,synthetic_bloomberg_compatible
L007,Synthetic Bloomberg-Compatible Loan 007,Industrials,B,7.880866352515017,0.0024262348787107138,0.03291690822761378,0.03407061713638749,0.4487687073070007,505.37094869664685,0.0525,0.01,7.0,499.40771000921916,98.91365964005192,99.4218086079212,0.5081489678692748,1.477207835384941,synthetic_bloomberg_compatible
L008,Synthetic Bloomberg-Compatible Loan 008,Software,B,9.95948022527103,0.0030661652178216106,0.0245342635332716,0.035664559839071526,0.45704298047916375,547.6472720241022,0.0525,0.01,4.0,471.81300178274387,99.01379592063546,102.66115035706744,3.647354436431982,1.1213212929107712,synthetic_bloomberg_compatible
L009,Synthetic Bloomberg-Compatible Loan 009,Software,B,11.913660484376676,0.0036677869294265753,0.02322660029379732,0.04812636007191244,0.37926681840387305,508.28610664711465,0.0525,0.01,3.0,527.1872382303894,101.95799431604908,100.4243383609568,-1.5336559550922857,0.8809078795766973,synthetic_bloomberg_compatible
L010,Synthetic Bloomberg-Compatible Loan 010,Software,B,8.120314725321236,0.002499952407693752,0.02018979789319214,0.05833064098199708,0.552403174885348,505.13602936987564,0.0525,0.01,6.0,587.4496224536769,97.29704087837582,97.72290640693431,0.42586552855848936,1.115290845649285,synthetic_bloomberg_compatible
L011,Synthetic Bloomberg-Compatible Loan 011,Telecom,BB,7.049088848065745,0.0021701605459721884,0.025656063571399462,0.02025481824263359,0.4607412195462418,418.903638573213,0.0525,0.01,7.0,504.01912148810845,98.73531927049017,97.19839848230592,-1.536920788184247,1.1820806018642498,synthetic_bloomberg_compatible
L012,Synthetic Bloomberg-Compatible Loan 012,Energy,B,7.018604320714059,0.0021607754580626505,0.014911839389194015,0.03559800458479431,0.5320898865051025,454.1448089149811,0.0525,0.01,3.0,583.7020676219305,99.2657335329379,98.00395673811792,-1.2617767948199798,0.793443892817856,synthetic_bloomberg_compatible
L013,Synthetic Bloomberg-Compatible Loan 013,Industrials,CCC+,8.509564881278708,0.0026197885098027812,0.026484183480250993,0.03292667851668106,0.5773821370503549,815.9470166670126,0.0525,0.01,5.0,1011.5711161730643,91.31837686092669,93.0843077054496,1.765930844522913,1.5291494455861026,synthetic_bloomberg_compatible
L014,Synthetic Bloomberg-Compatible Loan 014,Retail,B,4.1202888535571125,0.0012684885239391196,0.03705691066747029,0.022815502003327198,0.5701413008910279,530.3832720160918,0.0525,0.01,6.0,675.0632029722611,89.43914522707841,92.27172519440889,2.8325799673304743,2.112767525495412,synthetic_bloomberg_compatible
L015,Synthetic Bloomberg-Compatible Loan 015,Telecom,B,10.199160858610904,0.0031399542514568652,0.016770683984969618,0.02,0.47610715365060785,464.57434799182187,0.0525,0.01,5.0,619.7966461588916,95.8571320850512,96.11251317029401,0.2553810852428029,0.7984642616857719,synthetic_bloomberg_compatible
L016,Synthetic Bloomberg-Compatible Loan 016,Software,B,9.075434230878207,0.0027939992997565413,0.01,0.04743966888849698,0.6725325652165652,611.2310337837125,0.0525,0.01,7.0,510.3956439693361,104.69293887595832,105.54556663373778,0.8526277577794588,0.6725325652165652,synthetic_bloomberg_compatible
L017,Synthetic Bloomberg-Compatible Loan 017,Healthcare,B-,7.1818367548810835,0.00221102884486022,0.017264155491310933,0.02,0.5085863566179145,589.5813705977271,0.0525,0.01,4.0,761.0114220045318,94.08524617177126,96.09123675944963,2.005990587678369,0.878031394141099,synthetic_bloomberg_compatible
L018,Synthetic Bloomberg-Compatible Loan 018,Energy,BB,7.5868841643874605,0.0023357283523150283,0.01,0.06361320918216967,0.5930864995062315,328.8454269262024,0.0525,0.01,4.0,440.6989949289268,95.45280943495662,98.63238389244191,3.1795744574852876,0.5930864995062315,synthetic_bloomberg_compatible
L019,Synthetic Bloomberg-Compatible Loan 019,Telecom,CCC+,6.722601998487392,0.0020696470051437,0.014121785305518716,0.05620247189158709,0.4444088902330465,753.2469717718955,0.0525,0.01,4.0,1017.2830780070183,93.44633109963293,94.66158170883077,1.2152506091978381,0.6275846935734916,synthetic_bloomberg_compatible
L020,Synthetic Bloomberg-Compatible Loan 020,Healthcare,B,5.953134355165574,0.0018327556342259653,0.01,0.07018500752341825,0.6586178721985079,488.0581467676492,0.0525,0.01,7.0,568.007252573088,99.73532458323898,99.31105153713654,-0.4242730461024422,0.6586178721985079,synthetic_bloomberg_compatible
L021,Synthetic Bloomberg-Compatible Loan 021,Energy,B,4.663570776855687,0.0014357454589408643,0.012257669689171538,0.03771811575431612,0.548528564894434,547.1526251466844,0.0525,0.01,5.0,623.4439676895439,101.0270718598122,99.36138586636332,-1.665685993448875,0.6723681963551267,synthetic_bloomberg_compatible
L022,Synthetic Bloomberg-Compatible Loan 022,Energy,B-,1.1714011975150673,0.0003606322344836565,0.03541237153584622,0.06044220874227054,0.5380225590464793,618.0884429625597,0.0525,0.01,6.0,735.9632408764325,93.17479714361366,94.31170953454824,1.136912390934583,1.9052654755620688,synthetic_bloomberg_compatible
L023,Synthetic Bloomberg-Compatible Loan 023,Industrials,CCC+,4.570342322552698,0.001407043775978557,0.011645460867538048,0.030229005291049393,0.532349095980482,848.8728367785976,0.0525,0.01,5.0,922.592939617666,98.03417541618448,99.65145539140434,1.6172799752198586,0.619945056510996,synthetic_bloomberg_compatible
L024,Synthetic Bloomberg-Compatible Loan 024,Retail,CCC+,13.772691708524842,0.0042401156804656205,0.029514265431922985,0.02,0.5895028092151726,862.6027061373796,0.0525,0.01,3.0,1018.0737501195167,97.23503527520732,95.47541710615558,-1.7596181690517483,1.739874238404086,synthetic_bloomberg_compatible
L025,Synthetic Bloomberg-Compatible Loan 025,Retail,B-,9.459150784753591,0.002912131805106544,0.015954851056135103,0.060523464317308595,0.6091324499101134,681.1892906888696,0.0525,0.01,7.0,673.9329644053016,101.36581392138665,101.1398784607564,-0.2259354606302395,0.9718617511774534,synthetic_bloomberg_compatible
L026,Synthetic Bloomberg-Compatible Loan 026,Retail,BB,6.045893953007162,0.0018613129731721609,0.01,0.02,0.5664483840492576,461.19979422331653,0.0525,0.01,3.0,321.7096797479945,105.0,105.28006495763658,0.2800649576365828,0.5664483840492576,synthetic_bloomberg_compatible
L027,Synthetic Bloomberg-Compatible Loan 027,Energy,B-,8.361192283567023,0.002574109931393934,0.02784154308749193,0.03545089537404994,0.5287487530729789,668.7763397749194,0.0525,0.01,4.0,752.2466048953008,99.17985000111291,97.02235337063672,-2.1574966304761887,1.4721181191138972,synthetic_bloomberg_compatible
L028,Synthetic Bloomberg-Compatible Loan 028,Energy,B,8.573643780051862,0.002639516094593403,0.02194622811806965,0.02,0.42285409468459606,511.49162537805563,0.0525,0.01,7.0,539.9454967760032,98.4902663339124,100.1337177047071,1.6434513707946934,0.9280052422607968,synthetic_bloomberg_compatible
L029,Synthetic Bloomberg-Compatible Loan 029,Retail,CCC+,8.104006583751064,0.002494931718328568,0.01,0.04844617046651677,0.4938455148078631,874.3347536008107,0.0525,0.01,4.0,919.9795997150713,102.18592018950012,100.8210315786104,-1.3648886108897216,0.4938455148078631,synthetic_bloomberg_compatible
L030,Synthetic Bloomberg-Compatible Loan 030,Retail,B,12.478789777864828,0.0038417698827607006,0.01,0.08208196897716247,0.5277683486209555,517.1200433969462,0.0525,0.01,5.0,621.6691381811238,98.19795520790942,98.96556912633469,0.767613918425269,0.5277683486209555,synthetic_bloomberg_compatible
L031,Synthetic Bloomberg-Compatible Loan 031,Energy,CCC+,5.963008117526603,0.0018357954100009708,0.024934405756435657,0.02,0.5571475859856071,851.9783183237997,0.0525,0.01,5.0,1030.2407762559692,93.9754375704735,93.93430498893119,-0.04113258154231403,1.3892143975183753,synthetic_bloomberg_compatible
L032,Synthetic Bloomberg-Compatible Loan 032,Industrials,BB,4.3025120223895055,0.0013245884738880551,0.01,0.038171852209218905,0.41972024869497837,349.66817067262286,0.0525,0.01,6.0,380.3600611861986,102.37948764869574,101.92311049228793,-0.45637715640781096,0.41972024869497837,synthetic_bloomberg_compatible
L033,Synthetic Bloomberg-Compatible Loan 033,Healthcare,B,7.577089293949536,0.002332712864521435,0.01,0.057838756481347585,0.5610999264182349,540.7196967032816,0.0525,0.01,4.0,575.7952409840879,102.16247304738134,100.98146493087962,-1.1810081165017152,0.5610999264182349,synthetic_bloomberg_compatible
L034,Synthetic Bloomberg-Compatible Loan 034,Retail,BB,4.752030406469974,0.0014629789925560512,0.01,0.053593394588317585,0.5683125208096573,431.033686032122,0.0525,0.01,5.0,444.0783243108125,103.36786157221279,101.93818683498259,-1.4296747372302008,0.5683125208096573,synthetic_bloomberg_compatible
L035,Synthetic Bloomberg-Compatible Loan 035,Retail,BB,6.738725525838965,0.0020746108584408377,0.023754974237945328,0.042496967769932566,0.5546202972860574,372.47861339656976,0.0525,0.01,4.0,499.7726767652018,98.94290860786668,96.03542273284705,-2.9074858750196313,1.3174990873871875,synthetic_bloomberg_compatible
L036,Synthetic Bloomberg-Compatible Loan 036,Industrials,B,8.307174331967548,0.002557479749839678,0.020211344225491763,0.07042203953243098,0.6077535371516287,437.5247330779964,0.0525,0.01,3.0,473.8327221810439,99.69919194334491,99.20271723100562,-0.4964747123392925,1.2283515943631766,synthetic_bloomberg_compatible
L037,Synthetic Bloomberg-Compatible Loan 037,Retail,B,7.569795674861192,0.0023304674219225357,0.020335229642358812,0.02,0.5261836695986026,505.34413925667417,0.0525,0.01,6.0,575.3612045897252,97.54857127313082,98.15405498458064,0.6054837114498213,1.070006575534664,synthetic_bloomberg_compatible
L038,Synthetic Bloomberg-Compatible Loan 038,Energy,B,3.535306494066959,0.0010883935266965184,0.01652987131738888,0.02,0.5858202840922346,428.1434286020426,0.0525,0.01,3.0,619.9798436934766,96.04931791726291,96.0797299169435,0.03041199968059516,0.9683533911160834,synthetic_bloomberg_compatible
L039,Synthetic Bloomberg-Compatible Loan 039,Energy,B,7.48078350449709,0.0023030637809131685,0.052687547844105766,0.0842972707374857,0.5468328574110687,544.1624421164015,0.0525,0.01,6.0,589.8419146212034,91.38814422779225,93.74504797112134,2.3569037433290845,2.881128233757475,synthetic_bloomberg_compatible
L040,Synthetic Bloomberg-Compatible Loan 040,Healthcare,B,16.440026655878206,0.005061292032530957,0.018208444096487596,0.0701230496560633,0.44808958039213603,508.50148289186274,0.0525,0.01,6.0,594.2877529966943,99.79751970763905,98.62476950068306,-1.172750206955996,0.8159014074788794,synthetic_bloomberg_compatible
L041,Synthetic Bloomberg-Compatible Loan 041,Telecom,B,6.512446656676285,0.0020049477452600754,0.01,0.06900992976124769,0.49232111210464985,433.2599014346024,0.0525,0.01,5.0,623.5485449566353,98.11703364874238,96.25138235833136,-1.865651290411023,0.49232111210464985,synthetic_bloomberg_compatible
L042,Synthetic Bloomberg-Compatible Loan 042,Healthcare,B-,10.624651926918634,0.0032709476250697357,0.01,0.02,0.38923216680039613,583.3775946530328,0.0525,0.01,3.0,697.5089087911632,99.29776776166612,99.33297040741735,0.03520264575122667,0.38923216680039613,synthetic_bloomberg_compatible
L043,Synthetic Bloomberg-Compatible Loan 043,Retail,B,7.553780330073067,0.002325536874139915,0.012504904013879773,0.02634290505771957,0.6206556638286296,470.54631614241094,0.0525,0.01,4.0,655.5615229414775,94.96533638262304,95.91208039918226,0.9467440165592222,0.7761239501847845,synthetic_bloomberg_compatible
L044,Synthetic Bloomberg-Compatible Loan 044,Software,B-,10.174495994802436,0.0031323608283262147,0.01,0.05577558291992951,0.5575344790187706,669.1697204186377,0.0525,0.01,7.0,681.8921643714667,100.41992487247887,101.86758720403742,1.447662331558547,0.5575344790187706,synthetic_bloomberg_compatible
L045,Synthetic Bloomberg-Compatible Loan 045,Energy,B,13.436510805707242,0.004136617689827545,0.018005257194925583,0.02790297140715522,0.582717077887915,483.1678555115351,0.0525,0.01,3.0,590.65362693067,95.9572511287676,97.91405869033608,1.956807561568482,1.0491970859247395,synthetic_bloomberg_compatible
L046,Synthetic Bloomberg-Compatible Loan 046,Telecom,B-,8.366044704122967,0.0025756038168974287,0.022749659147775006,0.02,0.4288049306259558,632.5674935113315,0.0525,0.01,7.0,746.9747019475207,97.21005078357253,97.05398840138778,-0.1560623821847429,0.9755166012625803,synthetic_bloomberg_compatible
L047,Synthetic Bloomberg-Compatible Loan 047,Telecom,B-,19.958017638896468,0.0061443547370856125,0.01,0.02,0.5621427839662941,603.7667120337265,0.0525,0.01,4.0,654.8996654272353,99.22252484856247,100.53075259643336,1.3082277478708875,0.5621427839662941,synthetic_bloomberg_compatible
L048,Synthetic Bloomberg-Compatible Loan 048,Energy,B-,5.858255128743214,0.0018035457379894232,0.019717925984120862,0.025076568187356738,0.433475959940924,556.9794231432588,0.0525,0.01,4.0,722.6421972090006,95.28661930753158,96.33489979773535,1.0482804902037657,0.8547246894010879,synthetic_bloomberg_compatible
L049,Synthetic Bloomberg-Compatible Loan 049,Energy,B-,10.684413866862942,0.00328934617373514,0.01847013322277545,0.03336763270354532,0.4691582164388195,606.19179988728,0.0525,0.01,3.0,745.3606574772929,96.95062238079443,97.66974898298379,0.7191266021893625,0.8665414760184715,synthetic_bloomberg_compatible
L050,Synthetic Bloomberg-Compatible Loan 050,Retail,B,5.0746210748578315,0.0015622930395376303,0.01,0.04579005165955204,0.47443305667063496,491.0051953689076,0.0525,0.01,4.0,563.3689393920855,101.26210045071046,100.15364970301069,-1.1084507476997771,0.47443305667063496,synthetic_bloomberg_compatible
L051,Synthetic Bloomberg-Compatible Loan 051,Healthcare,B,7.238010761717807,0.0022283227981602523,0.01,0.029509182016306933,0.49100258961250887,573.6152138116654,0.0525,0.01,5.0,546.9981390790849,102.44031396899366,103.6686007470518,1.2282867780581341,0.49100258961250887,synthetic_bloomberg_compatible
L052,Synthetic Bloomberg-Compatible Loan 052,Energy,B,5.722519736234296,0.0017617576998664914,0.019961823566045155,0.051547662284014584,0.5265232909597837,582.1074872355698,0.0525,0.01,4.0,525.644500267632,99.4505714162434,102.2297484977531,2.779177081509701,1.051036503755266,synthetic_bloomberg_compatible
L053,Synthetic Bloomberg-Compatible Loan 053,Energy,B,5.569128500827541,0.0017145340636842048,0.01,0.048197204844770386,0.6238715490253993,537.6007772763078,0.0525,0.01,7.0,562.5423780595771,102.07010321591606,101.29870174899112,-0.7714014669249423,0.6238715490253993,synthetic_bloomberg_compatible
L054,Synthetic Bloomberg-Compatible Loan 054,Healthcare,B,7.627984600739735,0.0023483816962175416,0.04018253185219745,0.1,0.4834917132356436,393.4482863206265,0.0525,0.01,4.0,576.6573238395223,92.40833724593732,93.34382165880928,0.9354844128719577,1.9427921167364763,synthetic_bloomberg_compatible
L055,Synthetic Bloomberg-Compatible Loan 055,Energy,B,4.970043317027668,0.001530097314824708,0.024358981451602393,0.04509456815242702,0.4875679355787097,494.5674292457203,0.0525,0.01,4.0,537.3750976666805,103.39769827035794,98.93146962241998,-4.466228647937953,1.187665829915786,synthetic_bloomberg_compatible
L056,Synthetic Bloomberg-Compatible Loan 056,Retail,B,23.053019936876055,0.007097194461699326,0.01,0.02,0.5820733757527679,487.2010524976189,0.0525,0.01,6.0,554.6182586179107,98.69088928933996,99.97730934819921,1.2864200588592496,0.5820733757527679,synthetic_bloomberg_compatible
L057,Synthetic Bloomberg-Compatible Loan 057,Healthcare,B-,8.939829374771064,0.0027522514490897552,0.022031729306007126,0.046026718511974575,0.558226687595585,637.7620787838632,0.0525,0.01,5.0,676.4896444929027,99.1310757059024,98.7892982776833,-0.3417774282191033,1.2298699272494935,synthetic_bloomberg_compatible
L058,Synthetic Bloomberg-Compatible Loan 058,Energy,B,5.060430157475367,0.001557924167236776,0.01,0.035379962466615865,0.6057347121648702,480.00729180449423,0.0525,0.01,6.0,651.3110182114689,96.0456562716796,96.31178638402879,0.26613011234918815,0.6057347121648702,synthetic_bloomberg_compatible
L059,Synthetic Bloomberg-Compatible Loan 059,Industrials,BB,5.429639632846058,0.001671590465664611,0.01909547986453937,0.02,0.5051077645709895,289.1513995900052,0.0525,0.01,7.0,394.5179356095783,96.67109186226482,97.14006164010578,0.46896977784096805,0.9645275147787822,synthetic_bloomberg_compatible
L060,Synthetic Bloomberg-Compatible Loan 060,Telecom,BB,12.690337879211585,0.003906897923137725,0.02031791358011829,0.07936802732996852,0.4241539915466534,379.9729741647501,0.0525,0.01,3.0,391.57822243586327,100.93977382938212,100.6391251562063,-0.30064867317581445,0.8617924144907129,synthetic_bloomberg_compatible
L061,Synthetic Bloomberg-Compatible Loan 061,Retail,B,5.360452848136041,0.0016502903467816505,0.025278606337413394,0.07223909557551092,0.4619140470758918,498.0587394185734,0.0525,0.01,6.0,572.2978177338949,98.52016320250476,97.87971594248084,-0.6404472600239188,1.1676543357752907,synthetic_bloomberg_compatible
L062,Synthetic Bloomberg-Compatible Loan 062,Healthcare,B,4.827520123358563,0.0014862195572232393,0.014465432236847948,0.03167711026414197,0.389149099324534,537.2283371393308,0.0525,0.01,3.0,501.9351507979051,101.2684613509811,102.52002842473571,1.2515670737546145,0.5629209926309459,synthetic_bloomberg_compatible
L063,Synthetic Bloomberg-Compatible Loan 063,Retail,B-,8.621939634104068,0.002654384648424568,0.015367935950110613,0.02,0.5055464352687733,625.615869436526,0.0525,0.01,6.0,718.7536346380767,96.27723859256133,98.41643071348972,2.139192120928385,0.7769205237017248,synthetic_bloomberg_compatible
L064,Synthetic Bloomberg-Compatible Loan 064,Industrials,B,6.701280078171465,0.0020630827539005504,0.01032407698409378,0.09382094844411396,0.6455244956873423,535.9240046373149,0.0525,0.01,5.0,638.0995423084427,97.39822259867942,98.63249182460737,1.234269225927946,0.6664444588594435,synthetic_bloomberg_compatible
L065,Synthetic Bloomberg-Compatible Loan 065,Energy,BB,9.753191471048229,0.0030026563409807526,0.01831033641873405,0.05148110141607971,0.4205177438282624,403.3143127571553,0.0525,0.01,7.0,447.44187267920825,99.88487256983305,100.13467481637109,0.24980224653803873,0.7699821359542509,synthetic_bloomberg_compatible
L066,Synthetic Bloomberg-Compatible Loan 066,Healthcare,CCC+,4.0434935667890946,0.0012448460213330837,0.02519345040412661,0.0385419112748416,0.4974288319700947,872.178107271401,0.0525,0.01,7.0,1117.807344154299,91.95560783962048,92.62624647294062,0.670638633320138,1.253194860782121,synthetic_bloomberg_compatible
L067,Synthetic Bloomberg-Compatible Loan 067,Telecom,BB,7.007125254043312,0.002157241466914238,0.01,0.02390702326841209,0.5525210973975858,387.4483209183503,0.0525,0.01,4.0,400.38242289316076,101.39523127869559,101.79456288363728,0.3993316049416933,0.5525210973975858,synthetic_bloomberg_compatible
L068,Synthetic Bloomberg-Compatible Loan 068,Healthcare,BB,7.34512507901246,0.002261299438164639,0.027360734504625544,0.02,0.47504315793090357,349.0072608165557,0.0525,0.01,6.0,455.5162833148339,96.87992366625883,95.9737135475779,-0.9062101186809315,1.2997529722386356,synthetic_bloomberg_compatible
L069,Synthetic Bloomberg-Compatible Loan 069,Energy,B,3.612975105787391,0.0011123048945979694,0.01,0.02,0.4408595631652921,528.0045181009687,0.0525,0.01,5.0,586.1810366482928,99.76845279355594,100.81956590165835,1.0511131081024132,0.4408595631652921,synthetic_bloomberg_compatible
L070,Synthetic Bloomberg-Compatible Loan 070,Telecom,B-,17.950772244406473,0.005526396181718296,0.020314991371028178,0.0215205657917611,0.47023412208775117,538.8144922324514,0.0525,0.01,5.0,827.1491367640767,93.19468891636409,91.38421326394742,-1.8104756524166703,0.9552802132575675,synthetic_bloomberg_compatible
L071,Synthetic Bloomberg-Compatible Loan 071,Healthcare,BB,17.956671110740892,0.005528212230183686,0.01,0.055221572856776355,0.5450085667218941,352.12692144582275,0.0525,0.01,4.0,410.5339954664172,100.30738255723895,100.36480783394346,0.0574252767045067,0.5450085667218941,synthetic_bloomberg_compatible
L072,Synthetic Bloomberg-Compatible Loan 072,Retail,B,10.5652780215894,0.003252668538285186,0.026336434888336237,0.04622915814320331,0.4466547741529902,489.7579179277235,0.0525,0.01,6.0,526.2129841256088,97.67000937469666,99.01281579163435,1.342806416937691,1.1763294377044753,synthetic_bloomberg_compatible
L073,Synthetic Bloomberg-Compatible Loan 073,Software,B,4.815819659143464,0.0014826174057457281,0.01,0.026912028150250303,0.44794234043148096,532.2759740279206,0.0525,0.01,7.0,606.2302003677843,101.02162229545556,100.22145863634884,-0.8001636591067154,0.44794234043148096,synthetic_bloomberg_compatible
L074,Synthetic Bloomberg-Compatible Loan 074,Telecom,B-,5.5869937688495925,0.0017200341361957483,0.01,0.037561275735186125,0.5173140620247357,623.3618960405555,0.0525,0.01,6.0,715.7270823972008,99.27777789364403,99.35376446232081,0.07598656867678244,0.5173140620247357,synthetic_bloomberg_compatible
L075,Synthetic Bloomberg-Compatible Loan 075,Telecom,B,5.9958734916696965,0.0018459134748787494,0.01,0.025728512051745648,0.5840176914655724,535.1914212072869,0.0525,0.01,4.0,674.0752423309708,96.96800558938003,97.85226161237847,0.8842560229984429,0.5840176914655724,synthetic_bloomberg_compatible
L076,Synthetic Bloomberg-Compatible Loan 076,Industrials,B-,7.922765656515474,0.0024391341651866442,0.01,0.09624653973724402,0.5243418983285755,639.5094912351126,0.0525,0.01,6.0,753.5988905516145,100.6890940583018,98.74317858028307,-1.9459154780187333,0.5243418983285755,synthetic_bloomberg_compatible
L077,Synthetic Bloomberg-Compatible Loan 077,Energy,B,4.546124467953024,0.0013995879708818847,0.01,0.03677607218000838,0.48833237002451557,515.6119009766124,0.0525,0.01,4.0,680.0252169456148,98.28077560516357,97.42045075021339,-0.8603248549501785,0.48833237002451557,synthetic_bloomberg_compatible
L078,Synthetic Bloomberg-Compatible Loan 078,Industrials,B,8.585609946559597,0.0026432000462361387,0.037674967431515556,0.021207892079524913,0.4642800854684165,550.5714414424215,0.0525,0.01,4.0,616.0349955452624,95.96056691990164,96.6365641714362,0.675997251534568,1.749173709912385,synthetic_bloomberg_compatible
L079,Synthetic Bloomberg-Compatible Loan 079,Energy,B-,12.91616545673289,0.003976422099877771,0.02091987778095671,0.06548613565972894,0.477105156338132,621.7720985732475,0.0525,0.01,5.0,668.6953666324275,97.98332083144217,99.30460228363695,1.321281452194782,0.9980981559257965,synthetic_bloomberg_compatible
L080,Synthetic Bloomberg-Compatible Loan 080,Retail,B-,10.336650084464011,0.0031822822316928566,0.016776461751629296,0.0663040905603277,0.3940340526869082,676.4143947372276,0.0525,0.01,7.0,786.6256406612675,98.87507394566121,98.3942848607837,-0.4807890848775145,0.6610497213741399,synthetic_bloomberg_compatible
L081,Synthetic Bloomberg-Compatible Loan 081,Telecom,B-,6.573091800900741,0.002023618200710048,0.016570683970083246,0.041088869393366055,0.4309715855177326,548.0166493861391,0.0525,0.01,6.0,712.739450380385,95.99261871964688,96.30130038964228,0.30868166999539426,0.7141493943700054,synthetic_bloomberg_compatible
L082,Synthetic Bloomberg-Compatible Loan 082,Healthcare,B,19.535136967322455,0.006014165010599761,0.02163249471940381,0.02,0.5840640803285405,479.2207352750982,0.0525,0.01,7.0,641.4631895850729,93.40966960525564,94.30205539269274,0.8923857874370924,1.2634763133500595,synthetic_bloomberg_compatible
L083,Synthetic Bloomberg-Compatible Loan 083,Retail,BB,5.920154308339682,0.001822602265759698,0.014826954406580817,0.027271662003414965,0.5084295365710396,345.1569620054897,0.0525,0.01,7.0,483.78415982461144,97.5790746495852,96.77821249342755,-0.800862156157649,0.7538461557697819,synthetic_bloomberg_compatible
L084,Synthetic Bloomberg-Compatible Loan 084,Energy,BB,7.864423762589681,0.0024211727975398463,0.02809082173176193,0.0313804973580039,0.48999678084031484,357.60592833053437,0.0525,0.01,6.0,446.74291178464165,97.93977517300601,96.39442885016072,-1.5453463228452904,1.3764412219722504,synthetic_bloomberg_compatible
L085,Synthetic Bloomberg-Compatible Loan 085,Telecom,CCC+,7.532201692989531,0.002318893589051035,0.012527727038333653,0.022161523297061933,0.6759056237655485,877.1038573979788,0.0525,0.01,4.0,922.676137377623,101.53425471751419,99.85167359602092,-1.6825811214932713,0.8467561158209436,synthetic_bloomberg_compatible
L086,Synthetic Bloomberg-Compatible Loan 086,Retail,B-,6.218996999100486,0.0019146051658393618,0.012214518210066246,0.04581666268454091,0.5761157016121737,698.4961016534942,0.0525,0.01,4.0,685.9626011476847,102.75852259895365,101.93119025399724,-0.8273323449564032,0.7036975728446987,synthetic_bloomberg_compatible
L087,Synthetic Bloomberg-Compatible Loan 087,Industrials,B,16.563273629080427,0.00509923533618606,0.013559429519600093,0.05495733340852357,0.4127097662089352,471.04425541392345,0.0525,0.01,4.0,446.746064266033,103.02599529806785,102.78198982109305,-0.2440054769748059,0.5596108986960688,synthetic_bloomberg_compatible
L088,Synthetic Bloomberg-Compatible Loan 088,Healthcare,B-,17.25614662281589,0.005312545973458979,0.015904180245801716,0.02,0.5053113024281601,631.6013361375702,0.0525,0.01,3.0,525.9214411155158,104.41270295897496,103.66201526937336,-0.7506876896016053,0.8036562034058281,synthetic_bloomberg_compatible
L089,Synthetic Bloomberg-Compatible Loan 089,Telecom,BB,7.161351819136988,0.0022047222710182956,0.03681068425690973,0.09697763642950377,0.6045651236774399,438.1997566131135,0.0525,0.01,7.0,505.8640246360359,94.38404254240102,94.9320919757308,0.5480494333297798,2.225445588042982,synthetic_bloomberg_compatible
L090,Synthetic Bloomberg-Compatible Loan 090,Retail,B,5.624397254037156,0.0017315493219999644,0.01,0.02,0.49717398938580004,501.49253015303975,0.0525,0.01,4.0,517.4325709331888,102.05665921231618,101.83734510289601,-0.21931410942016782,0.49717398938580004,synthetic_bloomberg_compatible
L091,Synthetic Bloomberg-Compatible Loan 091,Software,B-,11.09351268758861,0.0034152929647712905,0.014622437333698191,0.038480860922873575,0.6116777136406802,607.4528322335711,0.0525,0.01,7.0,677.0061224551944,97.90744293376993,98.84974649383328,0.9423035600633511,0.8944219036130634,synthetic_bloomberg_compatible
L092,Synthetic Bloomberg-Compatible Loan 092,Telecom,B,8.915235446245708,0.002744679864377664,0.012377676697337513,0.08266064274755845,0.5664304438032315,485.40751711403135,0.0525,0.01,3.0,611.4326440058117,97.8503158629441,98.38513497919664,0.5348191162525353,0.7011092904925804,synthetic_bloomberg_compatible
L093,Synthetic Bloomberg-Compatible Loan 093,Energy,B,9.964332476840246,0.0030676590513001793,0.01,0.02799308831368678,0.4371191549558757,543.7210470303409,0.0525,0.01,5.0,561.5574744224748,102.82898196320947,102.26853992472256,-0.5604420384869115,0.4371191549558757,synthetic_bloomberg_compatible
L094,Synthetic Bloomberg-Compatible Loan 094,Software,B-,6.875460125140169,0.002116706516343378,0.01,0.03488352313895724,0.4438929286095247,601.0087208017455,0.0525,0.01,4.0,665.9053236277834,101.57339455778617,100.4618910558786,-1.1115035019075776,0.4438929286095247,synthetic_bloomberg_compatible
L095,Synthetic Bloomberg-Compatible Loan 095,Industrials,B,3.4741497061266173,0.001069565554575989,0.025528634844985396,0.06950572522887834,0.4095148477045604,463.1282850262068,0.0525,0.01,4.0,512.222242539968,100.306716063539,99.18772842815862,-1.1189876353803783,1.0454355010649528,synthetic_bloomberg_compatible
L096,Synthetic Bloomberg-Compatible Loan 096,Industrials,B,8.794282616293392,0.0027074428447934626,0.015147597131906831,0.08418522425426322,0.7,476.2675417874755,0.0525,0.01,3.0,563.4193972426123,97.10740348697173,98.44548572897989,1.3380822420081557,1.0603317992334782,synthetic_bloomberg_compatible
L097,Synthetic Bloomberg-Compatible Loan 097,Industrials,BB,4.517034735899901,0.0013906322902038192,0.01,0.049034952169643736,0.5784895646662056,506.2917712747774,0.0525,0.01,3.0,531.7175204032847,97.30023363520172,100.99350332795846,3.6932696927567434,0.5784895646662056,synthetic_bloomberg_compatible
L098,Synthetic Bloomberg-Compatible Loan 098,Software,B-,6.960941111261381,0.0021430230329187016,0.01,0.02556956702639407,0.49209379776753415,611.043457407906,0.0525,0.01,5.0,711.5031408092234,97.61592111587268,99.14647560317407,1.5305544873013872,0.49209379776753415,synthetic_bloomberg_compatible
L099,Synthetic Bloomberg-Compatible Loan 099,Healthcare,B,14.260836487575247,0.004390397874810239,0.01,0.0672958923612664,0.6111939848479779,531.6746977154464,0.0525,0.01,6.0,651.0122029803001,101.57452201943705,98.19116891716848,-3.383353102268572,0.6111939848479779,synthetic_bloomberg_compatible
L100,Synthetic Bloomberg-Compatible Loan 100,Healthcare,CCC+,7.808927534769989,0.0024040875079853496,0.022859699075391617,0.0789596807712163,0.46720458016126465,858.4896807407295,0.0525,0.01,5.0,1002.4005399687495,98.09035362639813,96.37041763109309,-1.7199359953050362,1.068015610913119,synthetic_bloomberg_compatible
L101,Synthetic Bloomberg-Compatible Loan 101,Industrials,B-,13.373149498194762,0.0041171110255382275,0.03648682564319538,0.1,0.45168272097698947,613.8839243620266,0.0525,0.01,3.0,723.0323425001397,97.12557218382965,96.802934707063,-0.3226374767666442,1.6480468686331482,synthetic_bloomberg_compatible
L102,Synthetic Bloomberg-Compatible Loan 102,Telecom,B-,16.886413159233793,0.005198718357935069,0.011210298726370414,0.04893680704910452,0.49200525886148017,662.1862200232299,0.0525,0.01,4.0,681.0005533460503,102.90910249873835,101.4645116511748,-1.4445908475635463,0.5515525926782396,synthetic_bloomberg_compatible
L103,Synthetic Bloomberg-Compatible Loan 103,Industrials,B-,6.93383917528836,0.0021346793230526736,0.01,0.030384142924222157,0.6791785294287109,550.9197805138342,0.0525,0.01,6.0,660.8888111549629,99.42470125553605,98.16301924902304,-1.2616820065130128,0.6791785294287109,synthetic_bloomberg_compatible
L104,Synthetic Bloomberg-Compatible Loan 104,Telecom,B-,6.420382931535944,0.0019766046404530455,0.01,0.045109021375858864,0.4191699942094903,700.77743913874,0.0525,0.01,5.0,687.6809779131338,102.79269146161018,103.23363254976184,0.44094108815166067,0.4191699942094903,synthetic_bloomberg_compatible
L105,Synthetic Bloomberg-Compatible Loan 105,Retail,B-,10.468698525718501,0.0032229351903296675,0.023771336210003755,0.023347681903209815,0.4955025279451976,604.5580677495327,0.0525,0.01,3.0,750.2568552967604,96.00801335464514,96.78788428115686,0.7798709265117196,1.1778757184692072,synthetic_bloomberg_compatible
L106,Synthetic Bloomberg-Compatible Loan 106,Industrials,BB,7.851511353969505,0.0024171975320346224,0.017545409776614927,0.03742715299856085,0.548821831425916,324.6913927990515,0.0525,0.01,5.0,397.80807009268557,98.24569945271114,98.39475572461191,0.14905627190077553,0.9629303926719975,synthetic_bloomberg_compatible
L107,Synthetic Bloomberg-Compatible Loan 107,Industrials,B-,8.735165497279041,0.002689242813265744,0.017653002209270463,0.04384514896601095,0.6224385168602773,593.2936890409459,0.0525,0.01,3.0,745.6634536869777,97.02717933893332,96.85631108569204,-0.17086825324128085,1.0987908513269506,synthetic_bloomberg_compatible
L108,Synthetic Bloomberg-Compatible Loan 108,Industrials,B-,5.210698826373733,0.0016041864776669352,0.01,0.02,0.5386592889473698,635.775485013683,0.0525,0.01,3.0,722.4587388102041,99.46418722868589,99.63188213291743,0.16769490423153854,0.5386592889473698,synthetic_bloomberg_compatible
L109,Synthetic Bloomberg-Compatible Loan 109,Telecom,B,11.891125309363007,0.003660849160763798,0.01,0.05564111890066969,0.5122207063161943,524.5428257099082,0.0525,0.01,4.0,563.6053221685629,100.93849930012458,101.01325915794787,0.0747598578232953,0.5122207063161943,synthetic_bloomberg_compatible
L110,Synthetic Bloomberg-Compatible Loan 110,Telecom,B-,7.893047465689712,0.002429985004689761,0.045145287347174386,0.05249294589179797,0.4184304567444552,616.8852979345919,0.0525,0.01,3.0,683.1908707930522,94.98255267904187,97.08331589032873,2.1007632112868606,1.8890163204537853,synthetic_bloomberg_compatible
L111,Synthetic Bloomberg-Compatible Loan 111,Telecom,B,10.993563089753735,0.0033845220838131717,0.01,0.041512897634471024,0.5118372618823428,519.2154684917068,0.0525,0.01,6.0,554.437130494021,101.10589004183856,101.34923130967555,0.24334126783698196,0.5118372618823428,synthetic_bloomberg_compatible
L112,Synthetic Bloomberg-Compatible Loan 112,Telecom,CCC+,5.460455695833843,0.001681077621454488,0.014173503278178554,0.053707816505659436,0.4619501182151051,909.8157126392055,0.0525,0.01,5.0,974.0798424654974,101.05434968649486,99.85430335170922,-1.2000463347856396,0.6547451514876763,synthetic_bloomberg_compatible
L113,Synthetic Bloomberg-Compatible Loan 113,Energy,B,7.5766399796165445,0.0023325745368227477,0.01,0.027181778689562716,0.5938736873493717,412.02000604659565,0.0525,0.01,5.0,603.3630848651559,94.65536839094004,95.5450109240348,0.8896425330947579,0.5938736873493717,synthetic_bloomberg_compatible
L114,Synthetic Bloomberg-Compatible Loan 114,Energy,B,4.636240949197408,0.0014273315894336737,0.016134153220365516,0.037477502205185434,0.6197676856914538,478.37449199952067,0.0525,0.01,5.0,642.864151833916,97.10265048245374,95.24505777145608,-1.8575927109976647,0.9999426801977251,synthetic_bloomberg_compatible
L115,Synthetic Bloomberg-Compatible Loan 115,Energy,B-,4.145464725018193,0.0012762392679193568,0.012168500956896238,0.029560692047720705,0.5804246247876423,579.6858039241802,0.0525,0.01,6.0,626.1504923589844,101.34020869332451,100.27634039429489,-1.0638682990296218,0.7062897602134566,synthetic_bloomberg_compatible
L116,Synthetic Bloomberg-Compatible Loan 116,Retail,B,4.056312443572185,0.001248792491754715,0.01,0.02,0.4506099342372263,530.7814999280239,0.0525,0.01,6.0,646.9509882651863,96.9033530076271,98.71372935274681,1.8103763451197068,0.4506099342372263,synthetic_bloomberg_compatible
L117,Synthetic Bloomberg-Compatible Loan 117,Telecom,B-,10.321395938066113,0.003177586029475986,0.020355642127739743,0.020942242096702316,0.4179454791984995,582.0525199856382,0.0525,0.01,4.0,782.1878576509843,95.6567434157006,95.3802157797257,-0.27652763597490093,0.8507548603471351,synthetic_bloomberg_compatible
L118,Synthetic Bloomberg-Compatible Loan 118,Healthcare,B,5.1251227128851795,0.0015778406748017243,0.016003086313590566,0.049614687906108505,0.5259555923212742,412.075175148306,0.0525,0.01,4.0,617.9026464306475,97.74385444597539,95.23682136595446,-2.507033080020932,0.8416912741033002,synthetic_bloomberg_compatible
L119,Synthetic Bloomberg-Compatible Loan 119,Industrials,BB,6.533537232791956,0.0020114407739570558,0.011163677692193173,0.021051464967465905,0.5856905765634064,329.4550601825668,0.0525,0.01,3.0,396.262230338225,101.00754048906047,99.82010589607889,-1.1874345929815888,0.6538460824108657,synthetic_bloomberg_compatible
L120,Synthetic Bloomberg-Compatible Loan 120,Healthcare,B-,4.939142236830388,0.0015205839852983733,0.02159392792007969,0.034593101258030744,0.5945326972538705,591.497201973353,0.0525,0.01,5.0,667.7880971698778,98.1828404512336,97.31210254401438,-0.8707379072192225,1.283829621063064,synthetic_bloomberg_compatible
L121,Synthetic Bloomberg-Compatible Loan 121,Software,B,13.04837834108641,0.004017125684621483,0.01,0.06839507345396005,0.4840129505109214,444.9743738251371,0.0525,0.01,6.0,617.4095401271935,98.25961381892449,96.8549259348868,-1.404687884037699,0.4840129505109214,synthetic_bloomberg_compatible
L122,Synthetic Bloomberg-Compatible Loan 122,Retail,B-,20.3318887752114,0.00625945619300372,0.01,0.07686114271533248,0.4308058237604008,621.4851761082521,0.0525,0.01,7.0,736.8752572252251,99.68536168770649,98.94808144703256,-0.7372802406739254,0.4308058237604008,synthetic_bloomberg_compatible
L123,Synthetic Bloomberg-Compatible Loan 123,Healthcare,B,5.087987755385945,0.0015664081590002947,0.025618748040620375,0.02,0.4866754584830828,462.4463167684172,0.0525,0.01,5.0,504.34547747025516,97.32395331546259,98.51207572518787,1.1881224097252812,1.24680159484315,synthetic_bloomberg_compatible
L124,Synthetic Bloomberg-Compatible Loan 124,Retail,B-,16.5192173120491,0.005085671983094196,0.017508367935503793,0.04187789031213269,0.6224681631657214,598.1785410082739,0.0525,0.01,6.0,712.7766940109342,98.0106398238776,96.7289270487984,-1.2817127750791997,1.089840162884266,synthetic_bloomberg_compatible
L125,Synthetic Bloomberg-Compatible Loan 125,Industrials,BB,7.463419148590982,0.0022977179211991156,0.015022303401377918,0.06752993717776393,0.5768231274884462,364.41693607098125,0.0525,0.01,6.0,377.6393584587779,99.75107869492383,100.86832975086499,1.1172510559411535,0.8665212030063133,synthetic_bloomberg_compatible
L126,Synthetic Bloomberg-Compatible Loan 126,Industrials,B-,16.010132024794714,0.004928942960557115,0.02382228207771931,0.049095538092854094,0.6393748982944029,538.5815416571302,0.0525,0.01,4.0,730.5146984327666,94.62025773007039,93.87494789485939,-0.7453098352110032,1.5231369180582361,synthetic_bloomberg_compatible
L127,Synthetic Bloomberg-Compatible Loan 127,Telecom,BB,5.338180113792069,0.0016434333741478793,0.030465162477032577,0.02138815515133857,0.3305139082741205,281.2795177663831,0.0525,0.01,5.0,486.4542133521335,92.70395290721362,93.57026955858598,0.8663166513723581,1.0069159916490125,synthetic_bloomberg_compatible
L128,Synthetic Bloomberg-Compatible Loan 128,Telecom,B,3.903007925370638,0.0012015955526763313,0.017867658321322765,0.030900165039269845,0.4252751076276032,474.78668731847443,0.0525,0.01,6.0,503.69988407389155,101.48701792192341,100.71534679314524,-0.7716711287781663,0.7598670315653778,synthetic_bloomberg_compatible
L129,Synthetic Bloomberg-Compatible Loan 129,Retail,B,6.836149143466606,0.0021046040810797327,0.01,0.04572564904349337,0.5275410125221557,551.4753194231412,0.0525,0.01,4.0,494.76137504975867,103.18682375027893,103.87197759505258,0.6851538447736516,0.5275410125221557,synthetic_bloomberg_compatible
L130,Synthetic Bloomberg-Compatible Loan 130,Healthcare,BB,8.202777274753918,0.0025253396563376944,0.014467700312374727,0.022860919447980292,0.5696039777968105,335.36261327885126,0.0525,0.01,3.0,439.84642887717376,99.40438032181086,98.47115047486173,-0.933229846949132,0.8240859647500802,synthetic_bloomberg_compatible
L131,Synthetic Bloomberg-Compatible Loan 131,Healthcare,BB,9.851753221421474,0.003032999953696127,0.019855663077578946,0.027076402005994094,0.6094035069110123,358.49609593577634,0.0525,0.01,3.0,452.5054079802251,98.23967683437398,97.80143012346076,-0.4382467109132193,1.2100110711520113,synthetic_bloomberg_compatible
L132,Synthetic Bloomberg-Compatible Loan 132,Telecom,BB,5.81241416780177,0.0017894329573210576,0.03198722796683054,0.033395021285803864,0.40125293810026863,333.72563631791195,0.0525,0.01,5.0,339.79290080307555,98.46320696716336,99.66086577230608,1.1976588051427228,1.2834969203373836,synthetic_bloomberg_compatible
L133,Synthetic Bloomberg-Compatible Loan 133,Telecom,B-,9.524581668654914,0.0029322756174192093,0.01,0.025188799149058527,0.6421221056123698,638.835460859128,0.0525,0.01,4.0,708.6409586710638,100.46085848726679,99.73380747495119,-0.7270510123155987,0.6421221056123698,synthetic_bloomberg_compatible
L134,Synthetic Bloomberg-Compatible Loan 134,Healthcare,B,9.898645520851671,0.0030474364036156445,0.023575409571337018,0.05032502857094586,0.39648727436348474,484.36911930278336,0.0525,0.01,3.0,584.6539858271227,99.3011247638677,98.39958569148388,-0.9015390723838266,0.9347349882942224,synthetic_bloomberg_compatible
L135,Synthetic Bloomberg-Compatible Loan 135,Software,B,5.398020382178283,0.001661856037319132,0.025276808772908888,0.02833179975505334,0.5003252247458733,581.8471436084803,0.0525,0.01,3.0,574.5155327119476,101.79306023602976,100.13937385316862,-1.6536863828611388,1.26466250301641,synthetic_bloomberg_compatible
L136,Synthetic Bloomberg-Compatible Loan 136,Industrials,B,13.514525027646982,0.0041606354586665355,0.027756813566217592,0.03858034613949039,0.6306763131043218,532.6362105660908,0.0525,0.01,5.0,561.934870849558,96.65348984602193,97.30088954116839,0.6473996951464613,1.7505564843466135,synthetic_bloomberg_compatible
L137,Synthetic Bloomberg-Compatible Loan 137,Energy,B-,7.318116169958333,0.0022529843679360805,0.014414079304394247,0.023450455030309788,0.4945386043061226,613.6070285760123,0.0525,0.01,7.0,681.4795090407575,98.42894216920372,99.50855543831997,1.0796132691162512,0.7128318661552898,synthetic_bloomberg_compatible
L138,Synthetic Bloomberg-Compatible Loan 138,Industrials,B,12.471933571516098,0.003839659103788587,0.021382401850508513,0.027253248493826574,0.41401502007207636,487.46236636788046,0.0525,0.01,4.0,615.5301531548048,97.09371808099667,97.29230778989464,0.19858970889796979,0.8852635531327484,synthetic_bloomberg_compatible
L139,Synthetic Bloomberg-Compatible Loan 139,Energy,B,3.8344122404326355,0.0011804774121215787,0.03272889618020246,0.04524371889509803,0.584245680707792,489.53476574013735,0.0525,0.01,3.0,598.0456444285483,94.52449440832729,95.957025313703,1.4325309053757138,1.912171622761704,synthetic_bloomberg_compatible
L140,Synthetic Bloomberg-Compatible Loan 140,Telecom,B,10.465071055335777,0.0032218184228614247,0.044981567139471657,0.022271655755136937,0.6599626898854364,544.0909658269293,0.0525,0.01,4.0,559.6243720435432,94.88146470322769,94.53471307316228,-0.34675163006541254,2.968615604462807,synthetic_bloomberg_compatible
L141,Synthetic Bloomberg-Compatible Loan 141,Industrials,B-,9.073284535513688,0.002793337485986494,0.014574554069381247,0.02,0.4595687414689295,589.5351351695804,0.0525,0.01,4.0,668.2743863486019,100.3061523165033,99.38262864019421,-0.9235236763090882,0.6698009471136405,synthetic_bloomberg_compatible
L142,Synthetic Bloomberg-Compatible Loan 142,Healthcare,B-,5.692695956487494,0.0017525760323441658,0.011361539797076405,0.07443001811994847,0.5645398567553246,612.6220694646452,0.0525,0.01,7.0,674.2324539305158,101.84092224315606,99.97600402125579,-1.8649182219002682,0.6414042049561434,synthetic_bloomberg_compatible
L143,Synthetic Bloomberg-Compatible Loan 143,Energy,BB,13.573289270404143,0.004178726852305376,0.02398300835862029,0.062485251956834215,0.4700998705677997,380.917552305527,0.0525,0.01,5.0,404.0300648162351,100.51744908305457,99.62958104851134,-0.8878680345432315,1.1274409125213856,synthetic_bloomberg_compatible
L144,Synthetic Bloomberg-Compatible Loan 144,Retail,B,6.342857536841213,0.0019527373639150866,0.010787860348625194,0.04184105642571063,0.4721910338658397,442.4824795494296,0.0525,0.01,3.0,431.60568449059843,104.37448889535854,102.07079484321314,-2.303694052145403,0.509393093121763,synthetic_bloomberg_compatible
L145,Synthetic Bloomberg-Compatible Loan 145,Industrials,B-,6.467196759135038,0.0019910169317223455,0.01,0.04028321366999507,0.49342693767574475,672.624298094515,0.0525,0.01,6.0,664.7254459895134,102.26083162223092,102.84913061214517,0.5882989899142501,0.49342693767574475,synthetic_bloomberg_compatible
L146,Synthetic Bloomberg-Compatible Loan 146,Telecom,BB,7.270797577310372,0.0022384166776900265,0.01383505754155798,0.06342676563595605,0.4774196412519085,408.64315263182004,0.0525,0.01,5.0,436.5937424934694,101.60232196441179,101.06571114054535,-0.5366108238664395,0.6605128208190122,synthetic_bloomberg_compatible
L147,Synthetic Bloomberg-Compatible Loan 147,Energy,BB,3.1561008642221684,0.0009716497723706654,0.02070852325740017,0.052329821197029155,0.6388787758499785,346.6704580161145,0.0525,0.01,7.0,458.07584030164946,95.50866192793369,95.90761060011668,0.39894867218299623,1.323023598834863,synthetic_bloomberg_compatible
L148,Synthetic Bloomberg-Compatible Loan 148,Telecom,BB,4.326669733997725,0.0013320257631240274,0.018324455427376204,0.054912736152923115,0.47280415007738985,352.4599728338977,0.0525,0.01,7.0,426.64365977989365,98.71540155034249,98.75599023604929,0.04058868570679408,0.866387857397162,synthetic_bloomberg_compatible
L149,Synthetic Bloomberg-Compatible Loan 149,Retail,B,8.130244623536724,0.0025030094656763144,0.017399310261852482,0.08828992538810622,0.5823084353794572,475.17404828881223,0.0525,0.01,4.0,556.4093111511452,97.1736033351489,98.4068868866342,1.2332835514853002,1.0131765135261053,synthetic_bloomberg_compatible
L150,Synthetic Bloomberg-Compatible Loan 150,Energy,B,7.477774358137111,0.0023021373731393078,0.03831982888469016,0.03932698270462949,0.48334412987116193,448.9533079251611,0.0525,0.01,7.0,542.4747957423035,95.0097736938878,94.84791086425828,-0.16186282962951282,1.8521664349082383,synthetic_bloomberg_compatible
L151,Synthetic Bloomberg-Compatible Loan 151,Software,BB,6.52515240501342,0.002008859387508119,0.01,0.041911818601968416,0.5326660249616555,447.4066330982571,0.0525,0.01,5.0,434.26862526750676,102.68563450727225,103.05538793796343,0.3697534306911763,0.5326660249616555,synthetic_bloomberg_compatible
L152,Synthetic Bloomberg-Compatible Loan 152,Telecom,B-,14.801841342161561,0.004556953782376194,0.014975709685461889,0.026507067364560016,0.5252277110611849,592.8953183552211,0.0525,0.01,6.0,755.1402408533567,96.53792258351217,96.07280670618704,-0.4651158773251325,0.7865657719611966,synthetic_bloomberg_compatible
L153,Synthetic Bloomberg-Compatible Loan 153,Energy,BB,5.995570397906741,0.001845820163226666,0.01330968829517973,0.02,0.4406509609986883,431.53724270457644,0.0525,0.01,6.0,424.27395361499197,103.09798554400288,102.74827124322576,-0.34971430077712284,0.586492693786394,synthetic_bloomberg_compatible
L154,Synthetic Bloomberg-Compatible Loan 154,Retail,B,7.261700599732348,0.002235616045969682,0.04437870286712185,0.05592002833271858,0.5209065221901699,479.39904440667044,0.0525,0.01,3.0,675.1062810213913,91.22848190240511,93.24510912389795,2.01662722149284,2.311715576982336,synthetic_bloomberg_compatible
L155,Synthetic Bloomberg-Compatible Loan 155,Industrials,BB,2.7877854192565845,0.0008582587137013129,0.018409284747609826,0.026434143279906553,0.6824846407926085,346.0868340835123,0.0525,0.01,4.0,470.97262746667735,96.5880377106989,96.15350132133007,-0.4345363893688301,1.256405408822134,synthetic_bloomberg_compatible
L156,Synthetic Bloomberg-Compatible Loan 156,Healthcare,B-,3.5236333648367246,0.0010847997906762326,0.019634194947251077,0.025849915526800278,0.627725864156164,692.2656466307169,0.0525,0.01,7.0,762.7972910399984,98.01187618770537,97.68973778550094,-0.32213840220443046,1.2324891990273772,synthetic_bloomberg_compatible
L157,Synthetic Bloomberg-Compatible Loan 157,Energy,CCC+,3.971969040390607,0.0012228261959904175,0.016996846377403448,0.04993185784277656,0.44465640621037517,814.1644838108658,0.0525,0.01,4.0,989.5339477956312,99.12750532124024,96.6342581413363,-2.493247179903932,0.7557756627086051,synthetic_bloomberg_compatible
L158,Synthetic Bloomberg-Compatible Loan 158,Software,CCC+,7.314212199342058,0.0022517824760055513,0.01,0.038163529533626325,0.6103918761552731,835.391178395465,0.0525,0.01,3.0,923.6024961348156,98.18406591769507,99.45431201239363,1.2702460946985639,0.6103918761552731,synthetic_bloomberg_compatible
L159,Synthetic Bloomberg-Compatible Loan 159,Industrials,CCC+,12.916803250879827,0.0039766184537220715,0.01,0.028249002445121556,0.5432958660771411,884.6886449370282,0.0525,0.01,6.0,879.7814356102189,101.39421130315203,102.49907656695068,1.1048652637986436,0.5432958660771411,synthetic_bloomberg_compatible
L160,Synthetic Bloomberg-Compatible Loan 160,Retail,B,6.217342669966494,0.0019140958574884498,0.01,0.03371368264726898,0.7,457.4175510586864,0.0525,0.01,3.0,676.3514513361159,96.69761039873677,96.13773465304516,-0.5598757456916132,0.7,synthetic_bloomberg_compatible
L161,Synthetic Bloomberg-Compatible Loan 161,Healthcare,CCC+,9.785969268190737,0.0030127474440546013,0.01,0.030470743851587014,0.5740709148612448,829.0219711700614,0.0525,0.01,5.0,810.8408837518175,102.41181134750092,102.87225014274762,0.46043879524670217,0.5740709148612448,synthetic_bloomberg_compatible
L162,Synthetic Bloomberg-Compatible Loan 162,Healthcare,B,10.112286371399849,0.003113208726090317,0.027572900757027435,0.02,0.43779127234550524,589.7651166578866,0.0525,0.01,4.0,559.4758946148613,99.57457382494033,101.03583929790135,1.461265472961017,1.2071175304675386,synthetic_bloomberg_compatible
L163,Synthetic Bloomberg-Compatible Loan 163,Healthcare,B-,11.859500530995687,0.003651113030638739,0.022855064938713577,0.027521836432220056,0.5034564544782089,584.4605236316376,0.0525,0.01,3.0,723.9374744077797,95.30165395468059,96.99087625133687,1.6892222966562827,1.150652996091396,synthetic_bloomberg_compatible
L164,Synthetic Bloomberg-Compatible Loan 164,Healthcare,B-,5.31012317756234,0.0016347956541022137,0.014226192949663237,0.02896707257149519,0.5788048571504951,602.4554558465361,0.0525,0.01,5.0,808.7290188982358,94.94421019617225,94.5435720961751,-0.4006380999971526,0.8234189578025211,synthetic_bloomberg_compatible
L165,Synthetic Bloomberg-Compatible Loan 165,Industrials,B-,6.65356775955607,0.002048393849611254,0.049153945124281104,0.02,0.5442516376521158,502.6654291420023,0.0525,0.01,6.0,645.1933904610894,91.46477034727585,90.54812330181508,-0.9166470454607634,2.6752115130952228,synthetic_bloomberg_compatible
L166,Synthetic Bloomberg-Compatible Loan 166,Industrials,B-,5.26206314036761,0.0016199996997872702,0.01,0.02897437557480948,0.5029294420666439,594.7172317236589,0.0525,0.01,5.0,776.1892373559738,94.72113032236919,96.38541773254123,1.6642874101720366,0.5029294420666439,synthetic_bloomberg_compatible
L167,Synthetic Bloomberg-Compatible Loan 167,Industrials,B,8.010799309777756,0.002466236556026848,0.012936413349013515,0.03370776207985642,0.5342241277521067,515.8591813072128,0.0525,0.01,3.0,533.0020566197832,100.85804565423138,100.9333301479284,0.07528449369702628,0.6910944137617455,synthetic_bloomberg_compatible
L168,Synthetic Bloomberg-Compatible Loan 168,Healthcare,B,7.587097648366265,0.0023357940763423434,0.01619153611177578,0.026489816882554508,0.4476965326822218,500.90434611765255,0.0525,0.01,5.0,580.3842551336035,99.38459939446727,99.04815864277853,-0.3364407516887411,0.7248894576041,synthetic_bloomberg_compatible
L169,Synthetic Bloomberg-Compatible Loan 169,Telecom,B,3.910334903744074,0.0012038512653974988,0.028792742351304215,0.026616770939146658,0.5374188732310601,473.62290039738133,0.0525,0.01,7.0,602.5128775880834,93.84625540806373,94.55480086185408,0.7085454537903502,1.5473763151670135,synthetic_bloomberg_compatible
L170,Synthetic Bloomberg-Compatible Loan 170,Industrials,B,7.012179909973794,0.0021587976134049727,0.01719380142593235,0.05406898240692693,0.7,543.0263914404361,0.0525,0.01,7.0,566.9939992166534,98.39148306226105,99.34949346154028,0.9580103992792317,1.2035660998152644,synthetic_bloomberg_compatible
L171,Synthetic Bloomberg-Compatible Loan 171,Industrials,BB,6.559469998818428,0.002019424538510402,0.01,0.021102560238532388,0.5379933637359297,358.30565713269954,0.0525,0.01,6.0,408.31755379345105,98.89680880140678,100.79744940639732,1.9006406049905422,0.5379933637359297,synthetic_bloomberg_compatible
L172,Synthetic Bloomberg-Compatible Loan 172,Energy,B,2.054554472811732,0.0006325233164950349,0.025512012663589437,0.02,0.4024108956338813,483.26509389764857,0.0525,0.01,6.0,559.235152339872,98.3666879038529,98.10651272596114,-0.26017517789176736,1.0266311865377948,synthetic_bloomberg_compatible
L173,Synthetic Bloomberg-Compatible Loan 173,Software,B,17.377455898062344,0.005349892729709977,0.015845400462552017,0.02,0.43509475654359675,503.09825995658304,0.0525,0.01,3.0,637.406859706495,97.53429751520163,98.1301933112674,0.5958957960657756,0.6894250656589865,synthetic_bloomberg_compatible
L174,Synthetic Bloomberg-Compatible Loan 174,Industrials,B,8.287988481882696,0.0025515731176787696,0.017128165214966403,0.034077021393843276,0.5782172739034659,510.3093230410751,0.0525,0.01,3.0,582.2825304444042,100.72456880816434,98.90578015068978,-1.8187886574745562,0.9903800997566045,synthetic_bloomberg_compatible
L175,Synthetic Bloomberg-Compatible Loan 175,Healthcare,B,3.9345396932342918,0.0012113030482175787,0.01330623365224024,0.03449976730630669,0.5266904432527313,410.99662553196856,0.0525,0.01,5.0,578.2056469566405,96.38823288720245,96.07091343147135,-0.317319455731095,0.7008266100322822,synthetic_bloomberg_compatible
L176,Synthetic Bloomberg-Compatible Loan 176,Software,B,15.505347615152013,0.004773538023317737,0.011154257632022997,0.026091713373472693,0.5875195815472296,498.2073194725239,0.0525,0.01,7.0,675.7094488754095,95.5157069313295,95.89213064141138,0.37642371008188036,0.6553344776436143,synthetic_bloomberg_compatible
L177,Synthetic Bloomberg-Compatible Loan 177,Industrials,B-,5.118190767163039,0.0015757065784046931,0.01929184671584227,0.08126159597094137,0.4995797389480142,631.431394478858,0.0525,0.01,5.0,661.0591412453176,100.62892062427792,99.96854414148417,-0.660376482793751,0.9637815746125586,synthetic_bloomberg_compatible
L178,Synthetic Bloomberg-Compatible Loan 178,Telecom,B,13.73583562669894,0.004228769020438823,0.010941641620976956,0.04541887324500535,0.5400981335521626,464.86941177771973,0.0525,0.01,7.0,599.1643013190965,95.77783757875937,97.65558478523643,1.8777472064770535,0.5909560217486314,synthetic_bloomberg_compatible
L179,Synthetic Bloomberg-Compatible Loan 179,Retail,B-,10.784114941212614,0.003320040543264057,0.01,0.03084714824791978,0.40485075510049795,621.3133881136831,0.0525,0.01,3.0,708.9749825129796,99.50717552585064,99.92608109003169,0.4189055641810455,0.40485075510049795,synthetic_bloomberg_compatible
L180,Synthetic Bloomberg-Compatible Loan 180,Retail,B-,5.8126214890542505,0.001789496784066921,0.012441827079265048,0.05907508755317699,0.7,612.5987638477025,0.0525,0.01,4.0,718.148396393393,98.78082952396016,98.10298217848518,-0.6778473454749872,0.8709278955485533,synthetic_bloomberg_compatible
L181,Synthetic Bloomberg-Compatible Loan 181,Healthcare,BB,8.732804703925783,0.0026885160100287783,0.016050460137690195,0.06463240068010091,0.594586472301731,366.00728923338005,0.0525,0.01,5.0,391.82897455322785,98.91693767350309,100.12939885607788,1.212461182574799,0.9543386472088768,synthetic_bloomberg_compatible
L182,Synthetic Bloomberg-Compatible Loan 182,Healthcare,B-,10.186688744813376,0.0031361145368679795,0.020266702761306595,0.027046109290457403,0.4741253175795606,627.6978701566002,0.0525,0.01,3.0,656.9184791262478,101.34107725808596,99.99269122441119,-1.348386033674771,0.9608956882995047,synthetic_bloomberg_compatible
L183,Synthetic Bloomberg-Compatible Loan 183,Industrials,BB,6.786865244689243,0.0020894313438673665,0.012865014948727205,0.07205708769566996,0.48515554125880545,325.9612034434357,0.0525,0.01,7.0,533.2354793136992,93.8076902581907,95.20857250225745,1.40088224406675,0.624153329075237,synthetic_bloomberg_compatible
L184,Synthetic Bloomberg-Compatible Loan 184,Energy,B,3.7146456825334764,0.0011436056029726603,0.01388378555256058,0.02,0.48393713444099457,535.1286567000991,0.0525,0.01,5.0,529.6790278840663,104.16303023469146,102.29693466286017,-1.8660955718312948,0.6718879395499447,synthetic_bloomberg_compatible
L185,Synthetic Bloomberg-Compatible Loan 185,Retail,B,5.9289137881314815,0.0018252989940684384,0.014936031465457479,0.025441991650075442,0.7,535.2266768550455,0.0525,0.01,6.0,565.4617527958644,99.78198097004535,99.6518651218397,-0.13011584820564792,1.0455222025820234,synthetic_bloomberg_compatible
L186,Synthetic Bloomberg-Compatible Loan 186,Healthcare,B,3.7015361335054116,0.0011395696450369052,0.012095396554629736,0.02,0.6117543390608229,501.755542078001,0.0525,0.01,3.0,600.6289121724961,99.91484343615942,98.84488061521152,-1.069962820947893,0.7399411324956069,synthetic_bloomberg_compatible
L187,Synthetic Bloomberg-Compatible Loan 187,Software,B,4.804013081112416,0.0014789825856465386,0.027711750120822828,0.1,0.6879947232404501,466.88192452315883,0.0525,0.01,3.0,588.6855402271832,97.25100304721246,95.8538025458434,-1.3972005013690705,1.906553785488401,synthetic_bloomberg_compatible
L188,Synthetic Bloomberg-Compatible Loan 188,Healthcare,B-,4.275418214666173,0.0013162472664173242,0.022286417896578727,0.02,0.5212617177965712,619.004325431729,0.0525,0.01,5.0,788.220455470808,94.47724743621278,94.6158987867498,0.1386513505370175,1.1617056476302872,synthetic_bloomberg_compatible
L189,Synthetic Bloomberg-Compatible Loan 189,Industrials,B-,6.167170308197543,0.0018986495945236838,0.01,0.02450909235570645,0.4568155205891711,612.1181487543423,0.0525,0.01,4.0,702.3579627832389,101.31287501923292,99.67689068573019,-1.6359843335027335,0.4568155205891711,synthetic_bloomberg_compatible
L190,Synthetic Bloomberg-Compatible Loan 190,Energy,B,7.279948788915183,0.002241234006113693,0.013129725696539696,0.054892710429269076,0.6400351925792587,516.166345847903,0.0525,0.01,5.0,613.2610038374537,99.19366049355986,98.12146392916583,-1.0721965643940337,0.8403486514697626,synthetic_bloomberg_compatible
L191,Synthetic Bloomberg-Compatible Loan 191,Healthcare,B,7.2348140072893585,0.0022273386326198104,0.033462501260225236,0.04506611289419948,0.481872396050951,484.955434262406,0.0525,0.01,5.0,599.2518795987677,94.1710366192943,95.03182500034859,0.8607883810542916,1.6124655660122702,synthetic_bloomberg_compatible
L192,Synthetic Bloomberg-Compatible Loan 192,Energy,B,10.53099767132156,0.003242114853226473,0.01,0.031365837157157045,0.5196086828874318,587.5172516924138,0.0525,0.01,7.0,572.4302496567778,103.48364874365458,103.12325578093977,-0.3603929627148119,0.5196086828874318,synthetic_bloomberg_compatible
L193,Synthetic Bloomberg-Compatible Loan 193,Software,B-,5.690023675511612,0.001751753333288074,0.01276114780409577,0.04210900987828499,0.440794380701123,602.5871666742302,0.0525,0.01,4.0,839.2958639706782,97.34988721853631,95.30014390407523,-2.0497433144610824,0.562504224334189,synthetic_bloomberg_compatible
L194,Synthetic Bloomberg-Compatible Loan 194,Software,B,7.301611946496673,0.002247903312019438,0.030109410690849523,0.040346397731427924,0.5718964192074996,517.5542227698315,0.0525,0.01,6.0,648.4573982333468,93.04489787288136,94.11040441918882,1.0655065463074607,1.7219464158544848,synthetic_bloomberg_compatible
L195,Synthetic Bloomberg-Compatible Loan 195,Energy,B,5.237492340484964,0.0016124352355511686,0.014254650555069831,0.02,0.5025943385766568,495.60259794907165,0.0525,0.01,7.0,524.897969683395,101.52183150667064,100.8741266167439,-0.647704889926743,0.7164306667366696,synthetic_bloomberg_compatible
L196,Synthetic Bloomberg-Compatible Loan 196,Retail,B,5.358531050850677,0.0016496986946212158,0.0438227916770195,0.06246111797429164,0.45766429321680063,493.94699819372346,0.0525,0.01,5.0,566.5395069661781,94.9456813668359,95.30081603172445,0.3551346648885527,2.0056126979650224,synthetic_bloomberg_compatible
L197,Synthetic Bloomberg-Compatible Loan 197,Industrials,B,8.608910068676327,0.0026503733145583183,0.025140795066090803,0.02033051450049072,0.486297202883907,521.2236034203817,0.0525,0.01,7.0,600.6365102768654,99.31143120970304,97.32059715485902,-1.9908340548440293,1.2225898318917487,synthetic_bloomberg_compatible
L198,Synthetic Bloomberg-Compatible Loan 198,Software,CCC+,4.057804528395945,0.0012492518509265966,0.011135393278504815,0.02,0.5886401637574827,805.6337345345077,0.0525,0.01,6.0,982.4876727529615,96.59750931589643,96.16436691255346,-0.43314240334296983,0.6554739722963047,synthetic_bloomberg_compatible
L199,Synthetic Bloomberg-Compatible Loan 199,Retail,BB,7.539229221479377,0.002321057111939322,0.011505371294442332,0.04520461673468014,0.37843851904743075,395.29274430513385,0.0525,0.01,6.0,461.51528891620035,99.28376929509446,100.54012225413427,1.2563529590398161,0.43540756737595776,synthetic_bloomberg_compatible
L200,Synthetic Bloomberg-Compatible Loan 200,Telecom,B-,7.322573290222322,0.0022543565547185206,0.012578987395703753,0.022346976083186313,0.621305614111108,631.1893481399183,0.0525,0.01,5.0,817.5922163103651,95.1908077535264,95.28869639463431,0.09788864110791451,0.7815395488783607,synthetic_bloomberg_compatible
L201,Synthetic Bloomberg-Compatible Loan 201,Healthcare,BB,11.488540521844687,0.003536907805914712,0.02560296250370242,0.0657737072158263,0.6002594340744893,412.8804408035748,0.0525,0.01,6.0,362.4356915644112,102.72872001399107,100.74368407351221,-1.985035940478852,1.5368419783102785,synthetic_bloomberg_compatible
L202,Synthetic Bloomberg-Compatible Loan 202,Telecom,B-,17.130001293239047,0.005273710370275819,0.023160079859024966,0.055928500080140275,0.6312980738289603,644.5601906854408,0.0525,0.01,5.0,671.6093363829439,100.35272392335139,98.43695154024367,-1.915772383107722,1.4620913804727358,synthetic_bloomberg_compatible
L203,Synthetic Bloomberg-Compatible Loan 203,Software,B-,7.873311340781293,0.0024239089627317452,0.03949393050443716,0.03691589309225396,0.5619432515740408,650.5637479415417,0.0525,0.01,3.0,613.79185831889,99.98729615901709,98.6096416164257,-1.3776545425913866,2.2193347725102615,synthetic_bloomberg_compatible
L204,Synthetic Bloomberg-Compatible Loan 204,Software,B,5.787900377638673,0.0017818860443240972,0.03291353135444822,0.04640043187014873,0.5185786042525838,496.5434126398715,0.0525,0.01,5.0,520.1229122388902,97.65075072317065,97.6731227431468,0.022372019976160118,1.706825315081341,synthetic_bloomberg_compatible
L205,Synthetic Bloomberg-Compatible Loan 205,Software,BB,16.270220181698253,0.00500901473561235,0.01,0.07681617919462619,0.6937801982912795,374.01716037593405,0.0525,0.01,7.0,429.1510350078777,98.38687154101748,100.01651837525563,1.6296468342381445,0.6937801982912795,synthetic_bloomberg_compatible
L206,Synthetic Bloomberg-Compatible Loan 206,Industrials,B,18.936573577511904,0.005829888903314397,0.024405653621208775,0.02012639947672809,0.5708795622918812,458.22242786440864,0.0525,0.01,4.0,635.7149865134937,93.66341692049647,94.32206040597313,0.6586434854766594,1.3932688856722932,synthetic_bloomberg_compatible
L207,Synthetic Bloomberg-Compatible Loan 207,Software,B-,7.333445826440863,0.0022577038169881124,0.01952480017112264,0.03244849240921875,0.6517707543747264,614.326968633939,0.0525,0.01,6.0,659.0800156587358,96.05089979989918,98.399009561555,2.34810976165582,1.272569373654839,synthetic_bloomberg_compatible
L208,Synthetic Bloomberg-Compatible Loan 208,Telecom,B,7.5007472259888734,0.0023092098916611035,0.014458515037914156,0.03921057275546418,0.47319337773038983,566.4807104229717,0.0525,0.01,4.0,564.8489993184583,101.69495852655773,101.72728681980723,0.032328293249506146,0.6841673567756236,synthetic_bloomberg_compatible
L209,Synthetic Bloomberg-Compatible Loan 209,Telecom,B,15.3073670349823,0.004712586934004842,0.01,0.07655009969195822,0.5830015968737056,529.4998912940893,0.0525,0.01,5.0,557.6820324209409,102.3217355514424,101.2639270159015,-1.0578085355409002,0.5830015968737056,synthetic_bloomberg_compatible
L210,Synthetic Bloomberg-Compatible Loan 210,Industrials,B-,5.998584933395775,0.0018467482301192445,0.01,0.03262873684035862,0.4202869456531846,645.4839089474003,0.0525,0.01,7.0,707.6291666293637,99.61516229114936,100.71231483471928,1.0971525435699192,0.4202869456531846,synthetic_bloomberg_compatible
L211,Synthetic Bloomberg-Compatible Loan 211,Industrials,B-,8.298671782552344,0.00255486212113918,0.048329425094644766,0.04346186202740876,0.5078725332286474,634.730259622179,0.0525,0.01,3.0,796.5382086376949,94.90401822708588,93.76305131973791,-1.1409669073479733,2.4545187552301404,synthetic_bloomberg_compatible
L212,Synthetic Bloomberg-Compatible Loan 212,Telecom,B-,10.698111468565434,0.003293563171907513,0.021466462819081336,0.06653518079085868,0.446847619430374,647.703018844704,0.0525,0.01,3.0,712.6740637205944,98.73720544303265,99.19328665931081,0.45608121627816445,0.959223780829713,synthetic_bloomberg_compatible
L213,Synthetic Bloomberg-Compatible Loan 213,Software,B-,8.516134025430977,0.002621810912664673,0.016820900781957183,0.058576032894180605,0.4318228458011654,532.3932446409215,0.0525,0.01,3.0,705.2999382546147,95.89338197084632,97.25582509522566,1.3624431243793396,0.7263649244603799,synthetic_bloomberg_compatible
L214,Synthetic Bloomberg-Compatible Loan 214,Retail,B,3.6568665268117244,0.0011258174821488838,0.01,0.03142131851590377,0.7,481.27609581835054,0.0525,0.01,4.0,585.125867981938,96.75404267379564,98.53253578395848,1.7784931101628416,0.7,synthetic_bloomberg_compatible
L215,Synthetic Bloomberg-Compatible Loan 215,Energy,B-,5.355446651114227,0.0016487491190433896,0.010387641459023293,0.040177957085895194,0.3275464863748055,561.2364740990386,0.0525,0.01,3.0,727.1376333183587,98.67096746629365,98.2611674306339,-0.40980003565974243,0.3402435461624338,synthetic_bloomberg_compatible
L216,Synthetic Bloomberg-Compatible Loan 216,Retail,BB,7.82069192418798,0.002407709339730226,0.01785150985113065,0.1,0.6836613342681812,329.92467480865173,0.0525,0.01,5.0,437.1292629876308,97.46247824280522,96.665668046142,-0.7968101966632162,1.220438704352556,synthetic_bloomberg_compatible
L217,Synthetic Bloomberg-Compatible Loan 217,Energy,B,8.243114069377086,0.0025377579024584256,0.027209208631417615,0.053652533438713845,0.5358246059722742,517.2279950924851,0.0525,0.01,5.0,631.4303908110193,97.03360972959506,95.59802435072007,-1.4355853788749897,1.4579363493746746,synthetic_bloomberg_compatible
L218,Synthetic Bloomberg-Compatible Loan 218,Energy,B-,4.279051451941086,0.0013173658093039464,0.032159645768894754,0.028713051238895025,0.5580714923445853,632.9084697776453,0.0525,0.01,5.0,699.840199978724,99.24243566042429,95.96836258277467,-3.274073077649618,1.7947381507520324,synthetic_bloomberg_compatible
L219,Synthetic Bloomberg-Compatible Loan 219,Healthcare,B,7.279281915919291,0.002241028699939228,0.014135500267163686,0.03085561863217339,0.5546195408607932,422.01350572028196,0.0525,0.01,7.0,507.88376623717784,99.13543614948017,98.59460738737498,-0.5408287621051926,0.7839824668011943,synthetic_bloomberg_compatible
L220,Synthetic Bloomberg-Compatible Loan 220,Healthcare,BB,3.658478807483382,0.0011263138452928417,0.01,0.02594867448012304,0.4365508148998206,364.26482976516576,0.0525,0.01,3.0,342.0668079518243,101.88892025105336,102.60595921817988,0.7170389671265127,0.4365508148998206,synthetic_bloomberg_compatible
L221,Synthetic Bloomberg-Compatible Loan 221,Software,B-,9.73056210978168,0.0029956895757633313,0.017245739630110946,0.02,0.593896134611237,620.731720007869,0.0525,0.01,3.0,722.9269580807338,100.10365579472857,98.12777687432299,-1.9758789204055773,1.0242178104834716,synthetic_bloomberg_compatible
L222,Synthetic Bloomberg-Compatible Loan 222,Energy,BB,7.04851683684927,0.0021699844443226557,0.01,0.023139396481454282,0.5461447646637687,401.3820281248264,0.0525,0.01,6.0,477.9920755289971,99.03684161906104,99.77072555715831,0.7338839380972786,0.5461447646637687,synthetic_bloomberg_compatible
L223,Synthetic Bloomberg-Compatible Loan 223,Energy,BB,12.969796593082112,0.0039929331949496785,0.02390145062133438,0.02,0.5120442874757896,367.4756306128048,0.0525,0.01,5.0,338.01816803927363,100.59684431930765,101.20099884558691,0.6041545262792596,1.223860125303893,synthetic_bloomberg_compatible
L224,Synthetic Bloomberg-Compatible Loan 224,Industrials,B,10.713950544566769,0.0032984394528799378,0.01,0.02,0.5544933626427951,477.88906505300315,0.0525,0.01,3.0,573.2270044829163,101.13818962389689,99.37351432713197,-1.7646752967649206,0.5544933626427951,synthetic_bloomberg_compatible
L225,Synthetic Bloomberg-Compatible Loan 225,Industrials,B-,7.51014219328885,0.002312102263683156,0.01,0.02624585450579092,0.5314134500603325,670.0384298697187,0.0525,0.01,7.0,753.8046219603593,101.87633803359063,99.59272561164929,-2.283612421941342,0.5314134500603325,synthetic_bloomberg_compatible
L226,Synthetic Bloomberg-Compatible Loan 226,Industrials,B,6.231487726744373,0.001918450610961065,0.016231805375643376,0.02,0.5441937005785367,389.512064036114,0.0525,0.01,7.0,678.370341689561,88.7307039151155,91.21255494180438,2.4818510266888865,0.8833246234441953,synthetic_bloomberg_compatible
L227,Synthetic Bloomberg-Compatible Loan 227,Telecom,B,2.444993698752581,0.0007527254904212796,0.01,0.02,0.4864301496573499,482.17960935774516,0.0525,0.01,6.0,607.8921378050852,98.91747649291078,98.23063353064458,-0.6868429622661978,0.4864301496573499,synthetic_bloomberg_compatible
L228,Synthetic Bloomberg-Compatible Loan 228,Telecom,B,9.487829116364413,0.0029209608304071955,0.019581857090624547,0.05475854614791338,0.7,503.9429278505257,0.0525,0.01,6.0,630.6812980644186,94.3024394451412,95.42293015112907,1.1204907059878622,1.3707299963437183,synthetic_bloomberg_compatible
L229,Synthetic Bloomberg-Compatible Loan 229,Energy,B,7.57988065412948,0.0023335722237751884,0.012840487361080054,0.04471417451988175,0.608383991397049,476.4806195056271,0.0525,0.01,7.0,545.6446668699097,99.06511508327475,99.22755062629496,0.16243554302020868,0.7811946952217245,synthetic_bloomberg_compatible
L230,Synthetic Bloomberg-Compatible Loan 230,Software,BB,4.7913376552659,0.0014750802786011317,0.01,0.02152658319080001,0.6263818951636222,417.797202569071,0.0525,0.01,7.0,426.7499359286363,102.33516772713847,101.99903149014197,-0.3361362369964951,0.6263818951636222,synthetic_bloomberg_compatible
L231,Synthetic Bloomberg-Compatible Loan 231,Industrials,B,3.7678966744100557,0.001159999665254362,0.016963783461715,0.07123126010170167,0.572062183325725,450.8848126046713,0.0525,0.01,6.0,550.2307110056522,96.68057642370569,97.65826955885515,0.9776931351494653,0.9704339004573508,synthetic_bloomberg_compatible
L232,Synthetic Bloomberg-Compatible Loan 232,Healthcare,B,10.889684180384453,0.0033525415093686186,0.010541150000999101,0.02,0.5691696301564039,467.31806163292043,0.0525,0.01,3.0,665.9560015880501,98.6334828159055,96.80692309444365,-1.826559721461848,0.5999702447491834,synthetic_bloomberg_compatible
L233,Synthetic Bloomberg-Compatible Loan 233,Industrials,BB,6.190305469940988,0.0019057720774888528,0.01,0.02,0.5815767578684123,336.9299555787719,0.0525,0.01,7.0,400.7351230840287,101.2335463865276,100.11475877020418,-1.1187876163234307,0.5815767578684123,synthetic_bloomberg_compatible
L234,Synthetic Bloomberg-Compatible Loan 234,Healthcare,B-,6.720104860001978,0.0020688782261517372,0.01,0.04934900231124518,0.3744446048389734,632.005666271764,0.0525,0.01,6.0,794.5549247781785,99.71877727199985,97.56063865578722,-2.1581386162126392,0.3744446048389734,synthetic_bloomberg_compatible
L235,Synthetic Bloomberg-Compatible Loan 235,Industrials,CCC+,3.7269170662442725,0.0011473835199982008,0.01,0.038832823283813316,0.5397669280878308,842.597654208305,0.0525,0.01,6.0,1042.9950158019842,95.71584064375672,95.95671531267654,0.24087466891981535,0.5397669280878308,synthetic_bloomberg_compatible
L236,Synthetic Bloomberg-Compatible Loan 236,Retail,B-,5.425089828094773,0.001670189744667056,0.025143949580732575,0.02,0.5517556554540526,567.3688818817454,0.0525,0.01,5.0,641.1227366876307,97.35166015707641,96.97126937808734,-0.38039077898906726,1.3873316381620753,synthetic_bloomberg_compatible
L237,Synthetic Bloomberg-Compatible Loan 237,Energy,BB,7.2316456775272755,0.0022263632180102772,0.018886077169760828,0.02839430332119964,0.480111180225151,398.32186127990474,0.0525,0.01,4.0,328.17355051816503,103.77299869676432,103.29117376454869,-0.4818249322156305,0.9067416799797151,synthetic_bloomberg_compatible
L238,Synthetic Bloomberg-Compatible Loan 238,Telecom,B-,7.2257848783737835,0.002224558889058704,0.01,0.033538222529192314,0.433683660708287,587.3696833931971,0.0525,0.01,5.0,757.054466210772,98.41100833434191,97.02896959322361,-1.3820387411183077,0.433683660708287,synthetic_bloomberg_compatible
L239,Synthetic Bloomberg-Compatible Loan 239,Healthcare,B,7.118948615583426,0.002191667852020581,0.016475018916422758,0.0615746303519877,0.6620700284134724,511.7329732798928,0.0525,0.01,6.0,638.7022122961413,95.24039841416254,96.37001708612006,1.129618671957516,1.090761624210851,synthetic_bloomberg_compatible
L240,Synthetic Bloomberg-Compatible Loan 240,Retail,B,4.4653777199694416,0.0013747289557004244,0.01,0.03340459688270464,0.5941559034162732,526.1595399645088,0.0525,0.01,7.0,470.13795650812756,105.0,104.40565555502268,-0.5943444449773239,0.5941559034162732,synthetic_bloomberg_compatible
L241,Synthetic Bloomberg-Compatible Loan 241,Telecom,BB,13.582434491366692,0.004181542336426075,0.01,0.02,0.4633844666220752,348.0710800947964,0.0525,0.01,4.0,391.34129598218675,100.56931294511726,101.1262348817577,0.5569219366404354,0.4633844666220752,synthetic_bloomberg_compatible
L242,Synthetic Bloomberg-Compatible Loan 242,Software,B,12.494871300409054,0.0038467208042906823,0.017344020960606072,0.02,0.5342380665140631,495.0917985899877,0.0525,0.01,3.0,576.3789259286633,99.33485294703202,98.81962833375353,-0.515224613278491,0.9265836223573573,synthetic_bloomberg_compatible
L243,Synthetic Bloomberg-Compatible Loan 243,Software,B,6.86043766740746,0.0021120816427210227,0.01,0.02,0.5368144600887539,500.0400831895339,0.0525,0.01,4.0,583.1861666426375,99.88586566903709,99.63892964396422,-0.24693602507286982,0.5368144600887539,synthetic_bloomberg_compatible
L244,Synthetic Bloomberg-Compatible Loan 244,Healthcare,B,8.911505735760574,0.0027435316208646097,0.01,0.04900154256477821,0.5117354076171464,442.49955394109986,0.0525,0.01,5.0,582.703661192328,96.74853356046368,97.72623637674576,0.9777028162820756,0.5117354076171464,synthetic_bloomberg_compatible
L245,Synthetic Bloomberg-Compatible Loan 245,Retail,B,5.957794690744087,0.0018341903836838693,0.01,0.023056423585688424,0.5515486100222732,528.3420937801991,0.0525,0.01,5.0,519.9235130458759,102.76839960344468,102.85272109887502,0.08432149543034484,0.5515486100222732,synthetic_bloomberg_compatible
L246,Synthetic Bloomberg-Compatible Loan 246,Telecom,BB,8.286289445338314,0.002551050045526573,0.010873921823821724,0.03180568316841532,0.6701433882690011,306.2297893589039,0.0525,0.01,3.0,404.3044293948252,98.3764824207987,98.86371212109819,0.4872297002994941,0.7287086814788126,synthetic_bloomberg_compatible
L247,Synthetic Bloomberg-Compatible Loan 247,Healthcare,BB,6.739268300428985,0.0020747779591861974,0.03375061574170013,0.05980448901281544,0.5427330770455863,341.2881032314665,0.0525,0.01,4.0,383.22301502207546,99.67780304819193,97.07536359156244,-2.6024394566294973,1.8317575533676114,synthetic_bloomberg_compatible
L248,Synthetic Bloomberg-Compatible Loan 248,Retail,B-,9.570557782534031,0.002946430006808834,0.01581331914592075,0.04815021686442445,0.54416789385628,614.1733447702636,0.0525,0.01,4.0,605.3468185541308,100.87360250363793,101.38593348137408,0.5123309777361555,0.8605100574512882,synthetic_bloomberg_compatible
L249,Synthetic Bloomberg-Compatible Loan 249,Software,B-,11.86676498604658,0.0036533494946810047,0.01,0.039166372462390804,0.3752579184518867,626.2335497367758,0.0525,0.01,4.0,749.0745404675201,98.30741350657709,98.98421433831905,0.6768008317419572,0.3752579184518867,synthetic_bloomberg_compatible
L250,Synthetic Bloomberg-Compatible Loan 250,Industrials,B,11.433958651800792,0.003520104014183934,0.01,0.0621549393438877,0.5779770637375503,467.33966058736024,0.0525,0.01,5.0,574.9288251508489,99.10752864930244,98.64601748947554,-0.46151115982689817,0.5779770637375503,synthetic_bloomberg_compatible
L251,Synthetic Bloomberg-Compatible Loan 251,Healthcare,B,7.850430231456194,0.0024168646933551393,0.013399115236260844,0.04327527787156558,0.45912321640543496,499.5930523509272,0.0525,0.01,3.0,644.1777570953348,96.69971444836003,98.10161682824028,1.401902379880255,0.6151844884259148,synthetic_bloomberg_compatible
L252,Synthetic Bloomberg-Compatible Loan 252,Healthcare,B,4.721600639920174,0.0014536107635249134,0.01,0.04267635211277693,0.4636678514707646,542.8337885766132,0.0525,0.01,5.0,519.6250335169427,102.0678917510411,103.58374297037838,1.5158512193372786,0.4636678514707646,synthetic_bloomberg_compatible
L253,Synthetic Bloomberg-Compatible Loan 253,Industrials,B,8.739887883502183,0.002690696665882046,0.02968027176086819,0.02,0.4508836528474366,557.5706405865677,0.0525,0.01,5.0,736.8363034193177,93.60186671495494,93.68876239461125,0.08689567965630829,1.3382349349044869,synthetic_bloomberg_compatible
L254,Synthetic Bloomberg-Compatible Loan 254,Retail,B,6.8882462593436,0.00212064290650413,0.01536198176650502,0.04977021341258279,0.4721292356716024,520.2307252949131,0.0525,0.01,4.0,528.3130965572424,99.65735284453879,101.30658351992624,1.649230675387443,0.7252840709821108,synthetic_bloomberg_compatible
L255,Synthetic Bloomberg-Compatible Loan 255,Telecom,B-,11.191422258212034,0.0034454357948334106,0.01,0.03357417384602423,0.588223089163336,669.4714501167539,0.0525,0.01,4.0,623.2633339107299,104.19460964683965,103.33910776660498,-0.8555018802346694,0.588223089163336,synthetic_bloomberg_compatible
L256,Synthetic Bloomberg-Compatible Loan 256,Telecom,B,8.83892905081991,0.0027211878738058813,0.01,0.08916269470288424,0.45677735809595665,459.84309887613813,0.0525,0.01,5.0,608.6594569204146,96.67756691176518,97.79701555480638,1.1194486430411956,0.45677735809595665,synthetic_bloomberg_compatible
L257,Synthetic Bloomberg-Compatible Loan 257,Industrials,B-,13.280090907370717,0.004088461637422552,0.035101432337367074,0.023174683181779013,0.4926973635498817,632.973959847832,0.0525,0.01,3.0,795.5819709609484,95.9739694851955,95.20307005453661,-0.7708994306588863,1.729438316944532,synthetic_bloomberg_compatible
L258,Synthetic Bloomberg-Compatible Loan 258,Energy,B-,13.944198288168206,0.004292916378618091,0.023928723888299523,0.05182137259741254,0.46135752462900814,684.9410723625653,0.0525,0.01,4.0,743.3716509450317,101.45704482239843,98.78342952510764,-2.6736152972907945,1.1039696820636884,synthetic_bloomberg_compatible
L259,Synthetic Bloomberg-Compatible Loan 259,Telecom,B,10.406580210145338,0.0032038111984855127,0.01,0.031361902789001646,0.5152186378766601,478.7404647065734,0.0525,0.01,4.0,543.1541957416756,99.9175713646272,100.2747635157683,0.35719215114110625,0.5152186378766601,synthetic_bloomberg_compatible
L260,Synthetic Bloomberg-Compatible Loan 260,Industrials,B-,9.326063977573497,0.0028711591710035,0.011849875499478992,0.04432448076859737,0.4619136686224899,663.2977095543891,0.0525,0.01,3.0,741.2808388942332,100.38352021261558,99.82220822035538,-0.561311992260201,0.5473619464684101,synthetic_bloomberg_compatible
L261,Synthetic Bloomberg-Compatible Loan 261,Telecom,B,8.615873804881062,0.002652517198099838,0.011793945060313596,0.02282406279784386,0.5314977135239645,515.8948824465406,0.0525,0.01,5.0,553.659842996311,104.33686352942237,100.88484815920032,-3.452015370222057,0.6268454832983931,synthetic_bloomberg_compatible
L262,Synthetic Bloomberg-Compatible Loan 262,Telecom,CCC+,15.789037170725713,0.0048608758188938795,0.017103397057524002,0.03189011000151711,0.5797667381641527,806.5172392495771,0.0525,0.01,6.0,970.3292301456634,94.201000697535,95.61483661223768,1.4138359147026875,0.9915980723567057,synthetic_bloomberg_compatible
L263,Synthetic Bloomberg-Compatible Loan 263,Energy,B,7.65814969527509,0.002357668442268999,0.013333673137103208,0.02,0.4960547573517,570.2382776291079,0.0525,0.01,5.0,524.3450841675857,105.0,103.81224820694005,-1.1877517930599453,0.6614231992632612,synthetic_bloomberg_compatible
L264,Synthetic Bloomberg-Compatible Loan 264,Software,BB,14.39505791152609,0.004431719816547752,0.01,0.02,0.6252232142202001,261.3942600009069,0.0525,0.01,5.0,374.7365454794663,97.52710907445682,98.06512297717636,0.5380139027195412,0.6252232142202001,synthetic_bloomberg_compatible
L265,Synthetic Bloomberg-Compatible Loan 265,Industrials,B,8.915691199617237,0.0027448201744243814,0.011400402264638967,0.032334377889470384,0.5828545020376267,517.9384452509383,0.0525,0.01,4.0,604.2686172443179,98.22360986419186,99.17151737366527,0.94790750947341,0.6644775784984777,synthetic_bloomberg_compatible
L266,Synthetic Bloomberg-Compatible Loan 266,Retail,B,2.8968631035511936,0.0008918398036839033,0.01,0.02,0.6417284333801702,471.878607306335,0.0525,0.01,6.0,434.10720072606404,105.0,103.69368584956126,-1.3063141504387374,0.6417284333801702,synthetic_bloomberg_compatible
L267,Synthetic Bloomberg-Compatible Loan 267,Software,B,4.732502846783004,0.001456967160317136,0.01,0.04208025684033442,0.6356572100092215,478.41857507372333,0.0525,0.01,6.0,680.6158949950217,96.26489689043368,95.23390161705481,-1.0309952733788634,0.6356572100092215,synthetic_bloomberg_compatible
L268,Synthetic Bloomberg-Compatible Loan 268,Retail,B-,9.215984487107344,0.002837269660986057,0.01,0.052213264931604594,0.6863466711942249,676.8746848285416,0.0525,0.01,7.0,637.6989552725553,103.42055454458392,103.21074889742916,-0.20980564715476646,0.6863466711942249,synthetic_bloomberg_compatible
L269,Synthetic Bloomberg-Compatible Loan 269,Retail,B,12.669648671914501,0.00390052846144256,0.021146318324973427,0.027188043151091076,0.398307028855928,557.2255943164453,0.0525,0.01,5.0,581.3717342407464,100.80025732166256,100.58087622359784,-0.21938109806471573,0.842272722326183,synthetic_bloomberg_compatible
L270,Synthetic Bloomberg-Compatible Loan 270,Software,B,5.072602216673721,0.0015616715058226348,0.017136601733604682,0.022559786783056913,0.5159914738707939,531.9542452110858,0.0525,0.01,4.0,534.5186722546069,98.1936807557917,101.03539828342537,2.841717527633662,0.8842340385659482,synthetic_bloomberg_compatible
L271,Synthetic Bloomberg-Compatible Loan 271,Telecom,BB,7.028444382980964,0.0021638048587925627,0.020642875446739463,0.06383109924283638,0.45981668827610744,327.42544498614234,0.0525,0.01,4.0,300.0,100.67351184948755,101.73066334547126,1.0571514959837032,0.9491938624415911,synthetic_bloomberg_compatible
L272,Synthetic Bloomberg-Compatible Loan 272,Healthcare,BB,11.262872042412694,0.0034674326097456024,0.024557708143188764,0.02,0.5320670379577722,292.8990869416368,0.0525,0.01,3.0,466.70980332876803,96.06293541872806,95.61741611618156,-0.44551930254650074,1.306634703077791,synthetic_bloomberg_compatible
L273,Synthetic Bloomberg-Compatible Loan 273,Energy,BB,11.603621125153522,0.003572336978434794,0.026513003809897497,0.030589833602783265,0.47461618592027555,363.7554350359324,0.0525,0.01,4.0,395.38369230388724,98.08807023093269,99.00571863643765,0.9176484055049627,1.2583500745543283,synthetic_bloomberg_compatible
L274,Synthetic Bloomberg-Compatible Loan 274,Industrials,CCC+,4.385646709863689,0.0013501826496243572,0.03430816230780579,0.02,0.5411485180421104,853.4007876461784,0.0525,0.01,4.0,1070.7839883981412,93.59352978181911,92.56515169632647,-1.0283780854926476,1.8565811189617294,synthetic_bloomberg_compatible
L275,Synthetic Bloomberg-Compatible Loan 275,Energy,B,7.982431327844019,0.0024575030762128804,0.024822257721512246,0.0440312883768257,0.5039717976081959,503.61911747122934,0.0525,0.01,3.0,630.7824621015416,95.62257879793292,97.04730121490915,1.4247224169762376,1.2509717844604447,synthetic_bloomberg_compatible
L276,Synthetic Bloomberg-Compatible Loan 276,Industrials,B-,4.804121319778274,0.0014790159084329664,0.01,0.02903174427160785,0.5682785872034988,644.5113306675856,0.0525,0.01,7.0,661.5262428146236,102.20135028838715,101.78088911004699,-0.4204611783401617,0.5682785872034988,synthetic_bloomberg_compatible
L277,Synthetic Bloomberg-Compatible Loan 277,Telecom,B,9.02376241384495,0.0027780914085267358,0.031967860788566116,0.02,0.5273803096093701,487.4293759115999,0.0525,0.01,4.0,539.1907776325154,99.03751694120248,97.14831987885897,-1.8891970623435128,1.6859220320223238,synthetic_bloomberg_compatible
L278,Synthetic Bloomberg-Compatible Loan 278,Telecom,B,6.621457048848646,0.002038508118422109,0.02392349296136035,0.043690934096337106,0.6399222191534897,502.77418979545166,0.0525,0.01,4.0,591.6383215119184,95.24557292733685,96.61333314574196,1.3677602184051096,1.5309174705736606,synthetic_bloomberg_compatible
L279,Synthetic Bloomberg-Compatible Loan 279,Software,B,14.250491365100089,0.00438721298423463,0.04699876649943814,0.02,0.49157208421048726,552.7556210036537,0.0525,0.01,7.0,575.8135253883245,96.39209346258146,95.63030485714998,-0.7617886054314766,2.310328160345083,synthetic_bloomberg_compatible
L280,Synthetic Bloomberg-Compatible Loan 280,Software,B-,9.77864030854241,0.003010491121370261,0.025144239900128144,0.02,0.4532199311624165,636.623397070555,0.0525,0.01,7.0,696.3962392776889,97.10008298089976,98.33561631684837,1.2355333359486167,1.1395870676667363,synthetic_bloomberg_compatible
L281,Synthetic Bloomberg-Compatible Loan 281,Software,B,8.639983480731003,0.002659939698856099,0.02142145348849885,0.07128605331014881,0.7,499.18443989956035,0.0525,0.01,5.0,616.7940148930729,95.97101164993268,95.43213350539249,-0.5388781445401918,1.4995017441949192,synthetic_bloomberg_compatible
L282,Synthetic Bloomberg-Compatible Loan 282,Energy,B,5.945507150387013,0.0018304074926089073,0.01,0.054048204853635484,0.6204575080581912,492.91704803954303,0.0525,0.01,6.0,571.3050798503625,99.13486983851861,99.47458557461358,0.3397157360949734,0.6204575080581912,synthetic_bloomberg_compatible
L283,Synthetic Bloomberg-Compatible Loan 283,Retail,B,4.5054675967607025,0.0013870711847147677,0.018132261493895636,0.026706587805963383,0.6334037289566838,588.5982509840948,0.0525,0.01,7.0,529.9145688949648,103.03944205253656,102.4508279260353,-0.5886141265012554,1.1485042044651186,synthetic_bloomberg_compatible
L284,Synthetic Bloomberg-Compatible Loan 284,Retail,B,8.923302146114617,0.002747163310702292,0.01,0.05513482378745775,0.4342853807132897,460.9867933057549,0.0525,0.01,3.0,679.4003683691064,97.67513052633197,96.84171487123248,-0.8334156550994862,0.4342853807132897,synthetic_bloomberg_compatible
L285,Synthetic Bloomberg-Compatible Loan 285,Industrials,CCC+,11.931850213563465,0.0036733868918435507,0.01,0.05706665443055452,0.5224384107487449,800.4131343963966,0.0525,0.01,7.0,929.9434721207647,95.86795929535745,98.23465422043138,2.3666949250739293,0.5224384107487449,synthetic_bloomberg_compatible
L286,Synthetic Bloomberg-Compatible Loan 286,Healthcare,B-,6.132233056013152,0.0018878936730266735,0.010379494775828621,0.04763076665479479,0.42516161068267333,625.0981529557723,0.0525,0.01,7.0,714.2076489963666,101.2095068815749,99.7261576664809,-1.4833492150939946,0.44129627169636904,synthetic_bloomberg_compatible
L287,Synthetic Bloomberg-Compatible Loan 287,Retail,B-,3.6373887860179224,0.001119820987352683,0.01,0.042199437027349504,0.6463543450834909,585.5074268626622,0.0525,0.01,6.0,625.9052952115549,100.70047678932248,100.68499220447285,-0.015484584849630778,0.6463543450834909,synthetic_bloomberg_compatible
L288,Synthetic Bloomberg-Compatible Loan 288,Telecom,B,3.7388548053199435,0.0011510587198585687,0.017096688459676823,0.05907883845739941,0.4939295673364118,520.395492448141,0.0525,0.01,3.0,540.8074398144007,102.05586353979376,100.47127872859383,-1.5845848111999317,0.8444559933773598,synthetic_bloomberg_compatible
L289,Synthetic Bloomberg-Compatible Loan 289,Telecom,CCC+,8.716257982448013,0.0026834218705037672,0.018147824277498517,0.03595224649407904,0.49778217397078783,860.7602284034197,0.0525,0.01,6.0,970.7470838497521,96.07454055335279,97.62685909775973,1.552318544406944,0.9033663421693053,synthetic_bloomberg_compatible
L290,Synthetic Bloomberg-Compatible Loan 290,Industrials,B,3.5568519549396065,0.0010950265980250828,0.02015728516484637,0.02,0.48850216493774634,533.5653872562467,0.0525,0.01,5.0,602.668378844912,99.73560354217526,98.49901223128161,-1.236591310893644,0.9846877442294969,synthetic_bloomberg_compatible
L291,Synthetic Bloomberg-Compatible Loan 291,Retail,B-,15.711923250324096,0.00483713522046934,0.01,0.02,0.41364565122227714,628.5616137167227,0.0525,0.01,7.0,662.0903947258399,101.33519266239841,101.77224367417583,0.4370510117774131,0.41364565122227714,synthetic_bloomberg_compatible
L292,Synthetic Bloomberg-Compatible Loan 292,Healthcare,BB,11.523882630751606,0.003547788368213525,0.022055712423246977,0.03446751041828334,0.5923203945310649,345.53593748810226,0.0525,0.01,3.0,357.00864788368085,100.3799859527554,99.5786853681342,-0.8013005846212025,1.3064048284201357,synthetic_bloomberg_compatible
L293,Synthetic Bloomberg-Compatible Loan 293,Telecom,BB,5.1979616422194095,0.001600265157463108,0.01,0.03952859368030433,0.5178649106790351,294.3025386127102,0.0525,0.01,3.0,360.5122736708746,100.14890666221676,100.17342779638466,0.02452113416789814,0.5178649106790351,synthetic_bloomberg_compatible
L294,Synthetic Bloomberg-Compatible Loan 294,Telecom,B-,5.552576186594089,0.0017094382023511718,0.012559382678715954,0.03807561656293734,0.5128443468715406,598.1285231355159,0.0525,0.01,5.0,681.0888477857266,98.78508325304844,99.24061372086325,0.45553046781481044,0.6441008406975823,synthetic_bloomberg_compatible
L295,Synthetic Bloomberg-Compatible Loan 295,Energy,B-,5.566768438975925,0.0017138074856502454,0.011097438870919005,0.02,0.4671652023762585,646.4882702630719,0.0525,0.01,6.0,773.9427373872468,99.20505073829452,98.13509884440727,-1.06995189388725,0.5184337275991036,synthetic_bloomberg_compatible
L296,Synthetic Bloomberg-Compatible Loan 296,Software,B,6.0984472897024276,0.0018774922525532903,0.02643420229510945,0.05041030148682861,0.47263688197014286,502.254808812257,0.0525,0.01,7.0,603.6064846111374,93.86297099785175,96.65174856669107,2.788777568839322,1.2493778950128527,synthetic_bloomberg_compatible
L297,Synthetic Bloomberg-Compatible Loan 297,Software,CCC+,13.393671429363216,0.004123428988938725,0.022850669779889105,0.05103605485902758,0.5707067311704263,875.6441688812681,0.0525,0.01,4.0,1022.0845893045812,93.39751859510889,96.00374344591816,2.6062248508092694,1.3041031055135355,synthetic_bloomberg_compatible
L298,Synthetic Bloomberg-Compatible Loan 298,Software,B-,7.257933595087757,0.0022344563209282776,0.014750822303883204,0.034902309993015496,0.5104125290825261,590.8951345759352,0.0525,0.01,6.0,710.861782808694,98.30971261503595,97.62793762712968,-0.681774987906266,0.7529004518171961,synthetic_bloomberg_compatible
L299,Synthetic Bloomberg-Compatible Loan 299,Software,B,7.050084025453628,0.0021704669252433223,0.01,0.04128101648663357,0.5264021827128774,502.46148623772535,0.0525,0.01,6.0,571.1183997429401,101.41008050867492,100.12896875484046,-1.281111753834466,0.5264021827128774,synthetic_bloomberg_compatible
L300,Synthetic Bloomberg-Compatible Loan 300,Healthcare,B,7.513435853037703,0.0023131162628811913,0.01,0.06307661361028401,0.45740708766897675,562.8670264478685,0.0525,0.01,7.0,533.4356029230728,103.09539889537105,103.67491386377736,0.5795149684063148,0.45740708766897675,synthetic_bloomberg_compatible
L301,Synthetic Bloomberg-Compatible Loan 301,Telecom,B-,5.558652601870504,0.001711308911740434,0.011370960743745856,0.054535675661690104,0.4848199219477571,640.4039047570844,0.0525,0.01,7.0,765.1915114593955,98.1486373615644,98.22149289945065,0.0728555378862552,0.5512868300253876,synthetic_bloomberg_compatible
L302,Synthetic Bloomberg-Compatible Loan 302,Energy,B,4.1695365949714525,0.0012836501296018099,0.025485309681972275,0.0354062437818358,0.4626979859586331,487.6420799718106,0.0525,0.01,6.0,608.371554339482,96.42694561857891,96.14158669363712,-0.2853589249417894,1.1792001461380626,synthetic_bloomberg_compatible
L303,Synthetic Bloomberg-Compatible Loan 303,Healthcare,B-,8.549721082557728,0.002632151157737877,0.024980626806836624,0.06382475283767033,0.4360087346713658,604.5416414067356,0.0525,0.01,4.0,732.8361623630794,95.7164033584499,96.93250312108161,1.216099762631714,1.0891771485346438,synthetic_bloomberg_compatible
L304,Synthetic Bloomberg-Compatible Loan 304,Industrials,B,8.356262436710248,0.002572592209121332,0.01,0.02,0.4360895778215159,498.8889235796289,0.0525,0.01,7.0,571.4821211639869,101.09647233776099,100.31828670488174,-0.7781856328792429,0.4360895778215159,synthetic_bloomberg_compatible
L305,Synthetic Bloomberg-Compatible Loan 305,Healthcare,BB,12.661218264962066,0.003897933042807755,0.015663453494854592,0.023777392734764397,0.515545667455032,283.1072652960834,0.0525,0.01,7.0,446.99178772870835,96.70799555949793,95.60816166792445,-1.099833891573482,0.8075225586655664,synthetic_bloomberg_compatible
L306,Synthetic Bloomberg-Compatible Loan 306,Retail,B-,9.915523831971242,0.0030526326276474054,0.012732170144040617,0.0598554615491141,0.5282631467107692,771.7472666044592,0.0525,0.01,4.0,773.4253789938502,101.72606981201926,101.5524051814836,-0.1736646305356544,0.6725936264747805,synthetic_bloomberg_compatible
L307,Synthetic Bloomberg-Compatible Loan 307,Industrials,BB,7.680242183199502,0.002364469923522719,0.01,0.02,0.4585988541718981,310.7190989130588,0.0525,0.01,4.0,484.1496397785745,96.99745850362153,97.0595437241645,0.0620852205429685,0.4585988541718981,synthetic_bloomberg_compatible
L308,Synthetic Bloomberg-Compatible Loan 308,Telecom,BB,9.164156277542679,0.002821313622129138,0.03142816532449043,0.04322415219822546,0.4737690402062211,409.32074191666186,0.0525,0.01,3.0,349.6667855326215,98.77071623142052,100.86659755765513,2.095881326234604,1.488969172122627,synthetic_bloomberg_compatible
L309,Synthetic Bloomberg-Compatible Loan 309,Industrials,BB,8.162998384373537,0.002513093168837435,0.01,0.03951920889693941,0.4539947557407418,408.4038824432757,0.0525,0.01,6.0,480.13355406788446,100.79019857122337,100.28131241773646,-0.5088861534869125,0.4539947557407418,synthetic_bloomberg_compatible
L310,Synthetic Bloomberg-Compatible Loan 310,Retail,B-,6.777088407737366,0.002086421407934556,0.014635069378417704,0.023095982100846034,0.5242602223816762,638.6627549631506,0.0525,0.01,6.0,718.242995047911,100.52326013643437,98.9226231710519,-1.6006369653824777,0.7672584726900527,synthetic_bloomberg_compatible
L311,Synthetic Bloomberg-Compatible Loan 311,Telecom,B-,6.65232416702535,0.0020480109922656306,0.01,0.042581449092558496,0.5174281344318042,631.1265051034732,0.0525,0.01,3.0,663.9769341903084,101.17296875524433,100.94612008297187,-0.2268486722724532,0.5174281344318042,synthetic_bloomberg_compatible
L312,Synthetic Bloomberg-Compatible Loan 312,Healthcare,BB,5.911490820007624,0.0018199350897637706,0.014538932531965554,0.02,0.4546091148848797,369.33827086212716,0.0525,0.01,6.0,431.38523175959864,98.00646691235374,99.8831599893748,1.8766930770210593,0.6609531249727844,synthetic_bloomberg_compatible
L313,Synthetic Bloomberg-Compatible Loan 313,Industrials,B,9.890745084254672,0.003045004143763583,0.013427369119373865,0.02,0.6045822678774277,400.3554467090422,0.0525,0.01,4.0,603.8340589610907,95.77680992452477,95.16989664153908,-0.6069132829856869,0.8117949273818391,synthetic_bloomberg_compatible
L314,Synthetic Bloomberg-Compatible Loan 314,Healthcare,B,8.622079629504965,0.002654427747965827,0.019127949842722102,0.03284349504457721,0.43919942862186484,535.4929298639366,0.0525,0.01,4.0,665.5987653817791,96.3698571905616,97.40490438850867,1.0350471979470655,0.8400984641631237,synthetic_bloomberg_compatible
L315,Synthetic Bloomberg-Compatible Loan 315,Retail,B,6.0073336068080465,0.0018494416315329772,0.021782642762575535,0.048693778590006016,0.48034645242917984,457.9135856862966,0.0525,0.01,4.0,522.4480008398535,96.45941402284011,98.70751287101984,2.248098848179737,1.0463215175535308,synthetic_bloomberg_compatible
L316,Synthetic Bloomberg-Compatible Loan 316,Retail,BB,7.093781857375455,0.002183919913682714,0.025108479100374847,0.02,0.554164792628882,415.0966464732561,0.0525,0.01,7.0,474.9218770469252,94.80913316226432,97.33095840398708,2.521825241722766,1.3914235113885842,synthetic_bloomberg_compatible
L317,Synthetic Bloomberg-Compatible Loan 317,Industrials,B,6.566695167142213,0.0020216489075845115,0.011815317289347958,0.02,0.46776505901966525,530.8430929544418,0.0525,0.01,7.0,611.0527162331819,101.09732360479191,99.62588381161672,-1.4714397931751932,0.5526792589187919,synthetic_bloomberg_compatible
L318,Synthetic Bloomberg-Compatible Loan 318,Software,B,4.548096263442615,0.0014001950156884505,0.01,0.02832392799153232,0.5839015049589049,499.9213167655333,0.0525,0.01,7.0,563.7349267159201,98.55521257933496,100.0998582667039,1.5446456873689414,0.5839015049589049,synthetic_bloomberg_compatible
L319,Synthetic Bloomberg-Compatible Loan 319,Software,B,3.370194238796147,0.0010375614106928272,0.01,0.05487998645090023,0.6354473231444007,390.135531585201,0.0525,0.01,3.0,584.3357042174757,95.09559536458569,96.8852064031316,1.7896110385459139,0.6354473231444007,synthetic_bloomberg_compatible
L320,Synthetic Bloomberg-Compatible Loan 320,Energy,B,5.220481721852445,0.0016071982788019282,0.01472904972554218,0.06151327448563471,0.5573681698775752,532.6696962137735,0.0525,0.01,3.0,519.104805706093,102.00978034645223,101.3259887975065,-0.6837915489457345,0.8209503489561246,synthetic_bloomberg_compatible
L321,Synthetic Bloomberg-Compatible Loan 321,Industrials,BB,4.167754484691412,0.0012831014820387455,0.021242506083259744,0.053130957916600274,0.5203981397848204,395.41188647402055,0.0525,0.01,4.0,451.8401054366328,99.91736492886504,98.75987871846593,-1.1574862103991137,1.1054560650096104,synthetic_bloomberg_compatible
L322,Synthetic Bloomberg-Compatible Loan 322,Retail,BB,10.816910609250192,0.0033301371481427827,0.019439986839579548,0.04704996659415753,0.48113683001214136,302.99936505723764,0.0525,0.01,6.0,445.9537196849922,97.56661404436132,96.099856877607,-1.46675716675432,0.9353293643473051,synthetic_bloomberg_compatible
L323,Synthetic Bloomberg-Compatible Loan 323,Retail,CCC+,3.400083199373104,0.0010467631450449242,0.01,0.06119998848594535,0.5355851809127316,832.6139939034191,0.0525,0.01,3.0,906.9204200067541,97.94807665246178,99.93671475392372,1.9886381014619445,0.5355851809127316,synthetic_bloomberg_compatible
L324,Synthetic Bloomberg-Compatible Loan 324,Healthcare,BB,11.583077648907029,0.0035660123820808287,0.01,0.07314242271104092,0.5206710288245697,331.0622974261266,0.0525,0.01,6.0,456.96256400361875,97.17709177247299,98.20788463919065,1.0307928667176611,0.5206710288245697,synthetic_bloomberg_compatible
L325,Synthetic Bloomberg-Compatible Loan 325,Energy,B-,7.9918769533693945,0.0024604110440778083,0.01,0.04003109593887586,0.5213959986019497,546.5004555680595,0.0525,0.01,7.0,741.8567724446302,93.36151186551061,95.89864487184559,2.537133006334983,0.5213959986019497,synthetic_bloomberg_compatible
L326,Synthetic Bloomberg-Compatible Loan 326,Industrials,BB,5.348778197723527,0.001646696142444134,0.011481520270171713,0.0448368357732508,0.6500652673483445,361.9006639194791,0.0525,0.01,5.0,427.42285516331145,100.93341407258553,99.45760595828955,-1.4758081142959867,0.7463737543994611,synthetic_bloomberg_compatible
L327,Synthetic Bloomberg-Compatible Loan 327,Energy,B-,8.171467514207237,0.002515700508852571,0.026484052227550018,0.02,0.5669917249255547,550.7864138485035,0.0525,0.01,5.0,786.5088603295181,93.85957954075509,91.30206580692628,-2.557513733828813,1.5016238455517066,synthetic_bloomberg_compatible
L328,Synthetic Bloomberg-Compatible Loan 328,Healthcare,B,7.365768619967994,0.0022676548408381574,0.01,0.025971599827328228,0.48765056818702956,575.6226571212704,0.0525,0.01,3.0,522.6045068442891,104.41517806473423,103.15037110805125,-1.264806956682989,0.48765056818702956,synthetic_bloomberg_compatible
L329,Synthetic Bloomberg-Compatible Loan 329,Telecom,BB,4.020291527584631,0.0012377029492066142,0.010052664684339326,0.0275409794920819,0.39869782649056773,380.963801199644,0.0525,0.01,4.0,492.47904259929817,100.8107106249441,99.18078009086334,-1.6299305340807564,0.4007975560084578,synthetic_bloomberg_compatible
L330,Synthetic Bloomberg-Compatible Loan 330,Software,B-,9.476933433730059,0.002917606442189916,0.02064861470869317,0.024945610133917124,0.4433513118639516,644.2212031693958,0.0525,0.01,5.0,755.3476053675258,96.34475907694711,97.38685654221706,1.042097465269947,0.9154590419272404,synthetic_bloomberg_compatible
L331,Synthetic Bloomberg-Compatible Loan 331,Industrials,B-,4.709105989802354,0.0014497641108147748,0.011776149184241807,0.04156542701391375,0.5143364641440886,644.9545842048926,0.0525,0.01,7.0,692.9099313363602,101.43432618620002,100.55500581481091,-0.8793203713891131,0.6056902932656224,synthetic_bloomberg_compatible
L332,Synthetic Bloomberg-Compatible Loan 332,Healthcare,CCC+,9.051135665925433,0.0027865186468493614,0.015068193802294771,0.02,0.380476815898817,876.6421926184271,0.0525,0.01,4.0,961.2281193693049,100.65583284620341,99.52581087428425,-1.130021971919163,0.5733098399243403,synthetic_bloomberg_compatible
L333,Synthetic Bloomberg-Compatible Loan 333,Industrials,BB,5.62250416335042,0.001730966507567227,0.011342552148150466,0.03913902671971476,0.479038315745396,336.43104939752845,0.0525,0.01,5.0,466.031032167223,97.5336717676611,97.88963540764065,0.3559636399795494,0.5433517077304323,synthetic_bloomberg_compatible
L334,Synthetic Bloomberg-Compatible Loan 334,Software,B,3.3951550355696347,0.001045245940923811,0.021195459038095662,0.03246429318404631,0.6695045134849003,449.802606441585,0.0525,0.01,4.0,583.6800326006617,95.26287230824248,95.54311447365824,0.28024216541575697,1.4190455491389369,synthetic_bloomberg_compatible
L335,Synthetic Bloomberg-Compatible Loan 335,Telecom,B-,8.788021587829263,0.002705515299653527,0.023770281528251554,0.02,0.5418787418717329,589.2823244029137,0.0525,0.01,5.0,676.4541296433666,99.23432308841417,96.87004988191235,-2.364273206501821,1.2880610248465845,synthetic_bloomberg_compatible
L336,Synthetic Bloomberg-Compatible Loan 336,Telecom,B,4.508776044316258,0.0013880897365458253,0.013361405376463721,0.040501061729012536,0.5797238853314638,467.7430315057084,0.0525,0.01,4.0,617.0164129586079,96.52401248885265,97.01539763988225,0.4913851510296041,0.7745925838332258,synthetic_bloomberg_compatible
L337,Synthetic Bloomberg-Compatible Loan 337,Industrials,CCC+,4.270359006449038,0.0013146897184415035,0.02730148228978496,0.06928957899213425,0.3581249079536011,858.6164551628087,0.0525,0.01,4.0,1082.0987946561474,94.12984070360375,95.04284156814916,0.9130008645454097,0.9777340832026109,synthetic_bloomberg_compatible
L338,Synthetic Bloomberg-Compatible Loan 338,Industrials,B,4.569305634623932,0.0014067246171071079,0.016189359760234424,0.06304094890684635,0.6366951969561989,531.9561636511784,0.0525,0.01,5.0,503.0908228054613,100.47587425770692,101.71206110685924,1.2361868491523182,1.0307687601137219,synthetic_bloomberg_compatible
L339,Synthetic Bloomberg-Compatible Loan 339,Industrials,B,5.128374931462921,0.001578841915755898,0.010196165899115449,0.064063104529824,0.6180944590042092,513.130582567327,0.0525,0.01,3.0,547.7829291170599,100.32857363585258,100.63953531566567,0.3109616798130901,0.6302193645330929,synthetic_bloomberg_compatible
L340,Synthetic Bloomberg-Compatible Loan 340,Telecom,B-,10.995930572786547,0.003385250946561508,0.03599964279216426,0.02,0.4226885369865956,647.8504034083567,0.0525,0.01,3.0,737.6735552600776,95.91851423851386,97.30290336974414,1.3843891312302787,1.5216636343859953,synthetic_bloomberg_compatible
L341,Synthetic Bloomberg-Compatible Loan 341,Retail,B-,5.600926259486536,0.0017243234482102673,0.01,0.02,0.4042946670169852,730.9005060005952,0.0525,0.01,4.0,802.9633694781621,98.40475035494728,100.36458272261095,1.9598323676636653,0.4042946670169852,synthetic_bloomberg_compatible
L342,Synthetic Bloomberg-Compatible Loan 342,Industrials,B-,7.133819777508635,0.0021962461471135286,0.017021252337160363,0.045438506419062254,0.4204652186442338,677.3187414710305,0.0525,0.01,4.0,776.5120915104353,99.78891736102761,98.71593538708488,-1.0729819739427313,0.7156844585542808,synthetic_bloomberg_compatible
L343,Synthetic Bloomberg-Compatible Loan 343,Telecom,B,8.930547755800122,0.002749393972935371,0.026279831033452144,0.057572999996568876,0.47786668854701664,522.5605745628752,0.0525,0.01,4.0,652.448439097742,95.78463782766705,96.34999837036095,0.5653605426938952,1.2558255831530898,synthetic_bloomberg_compatible
L344,Synthetic Bloomberg-Compatible Loan 344,Telecom,B-,4.401480701917797,0.0013550573654325557,0.01,0.024377267089639394,0.5525598405262744,567.845065811981,0.0525,0.01,4.0,835.2120058344926,96.56611055759218,94.3114056477456,-2.2547049098465806,0.5525598405262744,synthetic_bloomberg_compatible
L345,Synthetic Bloomberg-Compatible Loan 345,Software,B,5.536271318026668,0.0017044185206256412,0.021798139230203323,0.02,0.5712633785885247,453.93899027994814,0.0525,0.01,7.0,659.0833750672465,93.04809170175588,92.9041437186781,-0.1439479830777799,1.2452478663589015,synthetic_bloomberg_compatible
L346,Synthetic Bloomberg-Compatible Loan 346,Energy,BB,11.35886397461778,0.0034969850680126417,0.012828209493255964,0.02,0.4315184151969919,371.4860793475394,0.0525,0.01,6.0,449.76722081125916,98.83383906490813,99.67936167977086,0.8455226148627304,0.553560863034482,synthetic_bloomberg_compatible
L347,Synthetic Bloomberg-Compatible Loan 347,Software,B,11.543681420612486,0.0035538837024531927,0.01,0.03469616687713313,0.4914107457877007,514.9189125322453,0.0525,0.01,4.0,559.5787097262568,101.84688519587839,100.93809553848594,-0.9087896573924468,0.4914107457877007,synthetic_bloomberg_compatible
L348,Synthetic Bloomberg-Compatible Loan 348,Software,B-,4.336552824127228,0.001335068410582957,0.01,0.02092795895621603,0.5221004362453308,574.0972284392315,0.0525,0.01,5.0,667.1960711097852,98.77462427116144,99.28377368122155,0.509149410060104,0.5221004362453308,synthetic_bloomberg_compatible
L349,Synthetic Bloomberg-Compatible Loan 349,Industrials,B,10.50608386297955,0.0032344447890410035,0.01,0.03536068180120639,0.4398892718668318,536.0263299628189,0.0525,0.01,4.0,546.5718412715513,102.49002216378338,102.12268428533298,-0.36733787845039956,0.4398892718668318,synthetic_bloomberg_compatible
L350,Synthetic Bloomberg-Compatible Loan 350,Telecom,B,13.42258909268406,0.004132331695852091,0.01815227397430548,0.06852366395187028,0.4103641583031046,501.00023962537915,0.0525,0.01,3.0,684.0766899848518,96.4841424282625,97.00286636593272,0.5187239376702166,0.7449042630753219,synthetic_bloomberg_compatible
L351,Synthetic Bloomberg-Compatible Loan 351,Retail,CCC+,7.302236662324507,0.002248095639520372,0.034749923274726986,0.07741620101135915,0.4995039899057514,877.1666653760786,0.0525,0.01,6.0,948.7227600570502,95.8748953207563,96.54619312684054,0.6712978060842403,1.7357725324644864,synthetic_bloomberg_compatible
L352,Synthetic Bloomberg-Compatible Loan 352,Healthcare,B,3.682706551470316,0.0011337726949756325,0.01660605409341353,0.036414472609042084,0.3501861503235446,540.0250377065472,0.0525,0.01,5.0,533.4167009569704,102.44346028817107,102.57524209070405,0.13178180253298422,0.5815210155037024,synthetic_bloomberg_compatible
L353,Synthetic Bloomberg-Compatible Loan 353,Retail,BB,8.277228964133919,0.002548260649725058,0.012484975432234124,0.0600006691907705,0.573856118151257,402.6581707886532,0.0525,0.01,5.0,445.3868629642662,101.98062677293304,100.36760950743383,-1.6130172654992094,0.7164579536755687,synthetic_bloomberg_compatible
L354,Synthetic Bloomberg-Compatible Loan 354,Energy,B-,3.5627422518420793,0.001096840008271049,0.03556993374733271,0.1,0.4050059586396507,670.3927393275259,0.0525,0.01,7.0,734.0723846096696,100.27471734260475,97.5993755475784,-2.675341795026341,1.4406035116087348,synthetic_bloomberg_compatible
L355,Synthetic Bloomberg-Compatible Loan 355,Industrials,B,6.938593099574198,0.002136142885102469,0.03385090977464686,0.02,0.624354834510763,484.9786435086784,0.0525,0.01,5.0,576.635916619523,91.43877516079915,93.83425568525433,2.3954805244551807,2.113497917038841,synthetic_bloomberg_compatible
L356,Synthetic Bloomberg-Compatible Loan 356,Software,B-,7.260213165132604,0.002235158118434272,0.013832791498357309,0.037437087720347186,0.485504723676424,562.4480128085922,0.0525,0.01,3.0,643.8730532998816,100.23787563706901,99.4451384743839,-0.7927371626851141,0.6715885614083552,synthetic_bloomberg_compatible
L357,Synthetic Bloomberg-Compatible Loan 357,Energy,B-,15.061163708874991,0.004636789798215892,0.015891242422484568,0.05797804269671257,0.38429663322977414,521.0005475384337,0.0525,0.01,5.0,681.9213157107281,95.80091890449961,96.83917255561425,1.038253651114644,0.610695096079898,synthetic_bloomberg_compatible
L358,Synthetic Bloomberg-Compatible Loan 358,Healthcare,B-,9.467208517240245,0.0029146124906971834,0.01590862213732303,0.02,0.48398640756561895,667.8442011839945,0.0525,0.01,4.0,778.3363224075492,96.59788215863658,98.18364152873053,1.5857593700939532,0.7699556877561852,synthetic_bloomberg_compatible
L359,Synthetic Bloomberg-Compatible Loan 359,Industrials,B,9.721452988287368,0.0029928852053685887,0.012572236150045567,0.03665554416270103,0.6564509238527352,484.76355698346015,0.0525,0.01,4.0,614.6771976536427,97.20492273444397,97.4170797484521,0.21215701400812748,0.8253056035592167,synthetic_bloomberg_compatible
L360,Synthetic Bloomberg-Compatible Loan 360,Healthcare,BB,5.921936248838575,0.001823150861053263,0.018684313107282434,0.04300464373513182,0.5494602264642052,366.87495072723414,0.0525,0.01,5.0,385.75615990121304,100.2949613399809,100.12379718098632,-0.1711641589945856,1.0266286911255524,synthetic_bloomberg_compatible
L361,Synthetic Bloomberg-Compatible Loan 361,Retail,B,7.951989969336918,0.0024481312784356353,0.01093925956334664,0.06089723729820604,0.4468103193452676,473.79803889192897,0.0525,0.01,5.0,558.3202022602999,99.96706709617237,99.71706417030725,-0.2500029258651182,0.4887774058899685,synthetic_bloomberg_compatible
L362,Synthetic Bloomberg-Compatible Loan 362,Retail,B,7.58759705255656,0.002335947824903843,0.01,0.05156286095944917,0.6638775240336602,482.2528319784025,0.0525,0.01,5.0,534.1561911849434,100.291425030995,100.23151290616421,-0.059912124830788116,0.6638775240336602,synthetic_bloomberg_compatible
L363,Synthetic Bloomberg-Compatible Loan 363,Telecom,BB,5.557117155459364,0.0017108362030976956,0.01811200753844297,0.02861318272594027,0.4816433071933007,330.5851141175138,0.0525,0.01,3.0,472.4762172149858,99.92193138368579,97.46511418287595,-2.4568172008098372,0.8723527210725666,synthetic_bloomberg_compatible
L364,Synthetic Bloomberg-Compatible Loan 364,Energy,BB,13.290517691762592,0.004091671668760831,0.022895328405352865,0.021744299765104533,0.37376144507497044,478.7043343665925,0.0525,0.01,7.0,438.0769669784539,103.4761997330817,102.91817326124296,-0.558026471838744,0.8557391030250706,synthetic_bloomberg_compatible
L365,Synthetic Bloomberg-Compatible Loan 365,Healthcare,B,7.45833508232665,0.0022961527203259574,0.01391184385131403,0.02,0.34561828076512224,500.108651498358,0.0525,0.01,5.0,577.8832871408569,103.3757612930774,99.96927674547484,-3.4064845476025596,0.4808187554163992,synthetic_bloomberg_compatible
L366,Synthetic Bloomberg-Compatible Loan 366,Energy,B-,8.546646927063366,0.002631204735993189,0.017232005583160227,0.04469382418208058,0.5426397269934576,556.7043627736182,0.0525,0.01,7.0,727.2555672840579,96.04263791332343,95.42223719584418,-0.6204007174792565,0.9350770805195803,synthetic_bloomberg_compatible
L367,Synthetic Bloomberg-Compatible Loan 367,Energy,B-,5.221551589470498,0.0016075276525045663,0.01874878785413043,0.0322536323630381,0.6207180450822165,625.4087230883964,0.0525,0.01,7.0,693.4731627816495,99.4474669063101,97.98912200475462,-1.4583449015554777,1.1637710944477044,synthetic_bloomberg_compatible
L368,Synthetic Bloomberg-Compatible Loan 368,Healthcare,B,6.476259431001601,0.0019938070019498337,0.039550910159982695,0.03224794792812158,0.5140852505773068,465.6467728617668,0.0525,0.01,4.0,505.29938902556654,95.72989781177196,96.54035949016357,0.8104616783916043,2.0332539560155256,synthetic_bloomberg_compatible
L369,Synthetic Bloomberg-Compatible Loan 369,Industrials,B,6.85518758053835,0.0021104653300837665,0.03590666337115562,0.03668858667730202,0.5862749690161686,579.3556959501428,0.0525,0.01,7.0,559.9981112124647,97.11490735826219,97.77305676042647,0.658149402164284,2.1051177955398255,synthetic_bloomberg_compatible
L370,Synthetic Bloomberg-Compatible Loan 370,Software,B,7.565109435202242,0.002329024697531338,0.013794048220890648,0.06923476554850068,0.35862788176087357,459.6993592619631,0.0525,0.01,5.0,523.4029424241073,100.64193371337217,100.39395632451371,-0.24797738885845888,0.4946930294365359,synthetic_bloomberg_compatible
L371,Synthetic Bloomberg-Compatible Loan 371,Healthcare,CCC+,10.528717173322514,0.003241412770036806,0.035151755071889834,0.08218852375075408,0.6339822076239836,789.3492222840782,0.0525,0.01,4.0,927.1090528666789,95.03029712786487,94.02835626376167,-1.0019408641032044,2.228558728233428,synthetic_bloomberg_compatible
L372,Synthetic Bloomberg-Compatible Loan 372,Retail,B-,10.364878200302554,0.003190972651774134,0.015550089615695857,0.048722226529441234,0.33633434488794156,608.7269197504506,0.0525,0.01,5.0,718.2710974163922,98.2189094511826,98.78955751071037,0.5706480595277696,0.5230029203843849,synthetic_bloomberg_compatible
L373,Synthetic Bloomberg-Compatible Loan 373,Telecom,B,6.469038248627516,0.001991583860006062,0.01,0.03930896536103125,0.5164598639901358,497.2480454090696,0.0525,0.01,7.0,585.765186802018,99.71012168624202,99.47192942236444,-0.23819226387757908,0.5164598639901358,synthetic_bloomberg_compatible
L374,Synthetic Bloomberg-Compatible Loan 374,Retail,BB,13.797031679309157,0.004247609080736881,0.02749886437884061,0.02,0.40986543105136275,383.36650370015883,0.0525,0.01,4.0,488.1646052539243,96.48264122639927,97.18601502455866,0.7033737981593902,1.1270833902056472,synthetic_bloomberg_compatible
L375,Synthetic Bloomberg-Compatible Loan 375,Software,BB,7.993515776209008,0.002460915578599223,0.01,0.026768824784644273,0.4304023079059696,386.2213960812188,0.0525,0.01,5.0,425.734083520021,104.98561297467637,101.57408367458186,-3.4115293000945144,0.4304023079059696,synthetic_bloomberg_compatible
L376,Synthetic Bloomberg-Compatible Loan 376,Telecom,B,10.56818803571884,0.003253564426816038,0.021846783871792834,0.04517645438281698,0.5640481922113085,568.2979642103729,0.0525,0.01,7.0,532.0590565714853,101.7345116361872,101.30064107191879,-0.4338705642684033,1.2322638948515918,synthetic_bloomberg_compatible
L377,Synthetic Bloomberg-Compatible Loan 377,Telecom,B,6.551930423877753,0.0020171033749639754,0.04053334946789916,0.053579851343840273,0.5031009632208793,556.5595746220184,0.0525,0.01,4.0,538.2488887184446,98.12594039929442,98.28689266526577,0.16095226597134626,2.039236715986858,synthetic_bloomberg_compatible
L378,Synthetic Bloomberg-Compatible Loan 378,Telecom,B,7.0474171722395385,0.0021696458971995768,0.01,0.042038058328940836,0.4917270957654437,521.1049800541439,0.0525,0.01,7.0,615.7224557039697,99.78236771068592,99.35357314541159,-0.42879456527433035,0.4917270957654437,synthetic_bloomberg_compatible
L379,Synthetic Bloomberg-Compatible Loan 379,Telecom,B,5.726754928153942,0.0017630615629056357,0.01,0.05027984884726731,0.464314126248187,537.8651853793853,0.0525,0.01,5.0,666.9543169493904,99.30650735524645,98.30842698127623,-0.9980803739702253,0.464314126248187,synthetic_bloomberg_compatible
L380,Synthetic Bloomberg-Compatible Loan 380,Software,B,7.0680024924275004,0.002175983375795889,0.01717337975465997,0.02,0.7,462.78197868351475,0.0525,0.01,7.0,508.48110943073783,98.00981042543664,98.51526362981345,0.5054532043768063,1.2021365828261978,synthetic_bloomberg_compatible
L381,Synthetic Bloomberg-Compatible Loan 381,Energy,BB,3.822270192070379,0.0011767393127911545,0.019803799285162835,0.02551123586537584,0.614224090769308,338.63677550634054,0.0525,0.01,3.0,373.50593717673496,98.32162708449489,99.2183289142457,0.8967018297508105,1.2163970609707013,synthetic_bloomberg_compatible
L382,Synthetic Bloomberg-Compatible Loan 382,Retail,BB,9.21821017586456,0.0028379548703844105,0.01348929359131816,0.1,0.5240375143227147,374.69033930176874,0.0525,0.01,7.0,462.62955562820343,101.32315083546068,98.92336246818849,-2.399788367272194,0.7068895883563695,synthetic_bloomberg_compatible
L383,Synthetic Bloomberg-Compatible Loan 383,Industrials,B,9.292517497399068,0.0028608314181123216,0.015087119170968007,0.06739758173862913,0.5885063408478866,517.0710097820404,0.0525,0.01,3.0,600.375572022379,100.49247551815556,98.9159396913067,-1.576535826848854,0.8878865297242381,synthetic_bloomberg_compatible
L384,Synthetic Bloomberg-Compatible Loan 384,Healthcare,B,10.380707743387015,0.0031958459979048314,0.01424606681720365,0.04052185783136741,0.6144470193639724,503.55878051914925,0.0525,0.01,6.0,636.964902222182,95.6945229525542,96.73165059842034,1.0371276458661498,0.8753453293490776,synthetic_bloomberg_compatible
L385,Synthetic Bloomberg-Compatible Loan 385,Industrials,B,16.399299275946923,0.0050487535392628605,0.01752302897418126,0.03047973257211154,0.4983172581893984,497.1434829016053,0.0525,0.01,4.0,599.2433570463683,95.30399608247401,98.08752481022887,2.783528727754856,0.8732027753587391,synthetic_bloomberg_compatible
L386,Synthetic Bloomberg-Compatible Loan 386,Healthcare,B,4.261833171615039,0.0013120649209993067,0.013195067353492343,0.034104224052642226,0.5210279726143998,504.7638296415776,0.0525,0.01,4.0,549.6123873244067,101.07031460451122,100.34235233158518,-0.7279622729260495,0.6874999191700569,synthetic_bloomberg_compatible
L387,Synthetic Bloomberg-Compatible Loan 387,Energy,B-,14.45030073399829,0.0044487270917234955,0.014056000710730994,0.03599499814914827,0.4886364458674405,658.8119948459049,0.0525,0.01,6.0,790.1024862455728,98.82859448503262,97.51831611244396,-1.3102783725886695,0.686827423040181,synthetic_bloomberg_compatible
L388,Synthetic Bloomberg-Compatible Loan 388,Healthcare,BB,7.804601367806112,0.0024027556370070356,0.01,0.023488358249130138,0.5412994404661126,367.2601770999091,0.0525,0.01,5.0,379.263958975098,102.19313262692667,102.22242825516099,0.029295628234322635,0.5412994404661126,synthetic_bloomberg_compatible
L389,Synthetic Bloomberg-Compatible Loan 389,Telecom,BB,2.6028229191701597,0.0008013154223308148,0.05686679489500324,0.0329755275991815,0.4542389340775319,354.4232404487566,0.0525,0.01,6.0,373.09864495799627,95.30107252407355,94.80304572677638,-0.4980267972971717,2.5831112297511907,synthetic_bloomberg_compatible
L390,Synthetic Bloomberg-Compatible Loan 390,Retail,B-,7.4507872924514436,0.0022938290276970927,0.010749633113945316,0.08941091514606982,0.602629258993834,650.2196277712669,0.0525,0.01,6.0,763.4077517964231,97.7860580639149,98.38323644247964,0.5971783785647489,0.6478043437912446,synthetic_bloomberg_compatible
L391,Synthetic Bloomberg-Compatible Loan 391,Energy,B-,10.855544819906438,0.0033420312299876965,0.01,0.02,0.3974100023846985,552.6701906546554,0.0525,0.01,3.0,679.4853340538103,99.91526253432565,99.008879440163,-0.9063830941626492,0.3974100023846985,synthetic_bloomberg_compatible
L392,Synthetic Bloomberg-Compatible Loan 392,Industrials,B-,10.229048453806945,0.0031491555654573596,0.01,0.03091066045935741,0.6222350546642244,559.6660126557608,0.0525,0.01,5.0,670.7849752475419,99.35174551718835,98.32650348289118,-1.0252420342971647,0.6222350546642244,synthetic_bloomberg_compatible
L393,Synthetic Bloomberg-Compatible Loan 393,Industrials,B,6.675995273809091,0.0020552984734038015,0.01543861255531802,0.02,0.5093113530919054,544.9043992913823,0.0525,0.01,4.0,491.67905357479094,104.83733424167322,103.07779701017895,-1.7595372314942637,0.7863060650410701,synthetic_bloomberg_compatible
L394,Synthetic Bloomberg-Compatible Loan 394,Energy,BB,5.929923095516762,0.001825609723456804,0.014526375031868356,0.02,0.5167920063834095,379.90199448850575,0.0525,0.01,5.0,473.7964875644243,99.48019910982894,98.38276601601726,-1.0974330938116879,0.7507114498197113,synthetic_bloomberg_compatible
L395,Synthetic Bloomberg-Compatible Loan 395,Software,B-,10.127962682200666,0.003118034897520354,0.02226275967184071,0.02653585444092156,0.4865414416242476,668.3226503357934,0.0525,0.01,7.0,708.0941846621229,97.90820393049017,99.21863203070859,1.3104281002184166,1.0831755185271543,synthetic_bloomberg_compatible
L396,Synthetic Bloomberg-Compatible Loan 396,Energy,BB,4.52963294068017,0.001394510823664455,0.034397751653797104,0.0408471052996614,0.4610201976668771,334.713427132086,0.0525,0.01,5.0,342.97988935845524,97.74047782943002,98.52038530466,0.7799074752299759,1.5858058266729689,synthetic_bloomberg_compatible
L397,Synthetic Bloomberg-Compatible Loan 397,Software,CCC+,4.772099587023429,0.0014691575703504071,0.01,0.041076693678987655,0.4124409728324714,922.5198333959041,0.0525,0.01,5.0,1016.3666610072312,98.698283934691,99.68389994144613,0.985616006755123,0.4124409728324714,synthetic_bloomberg_compatible
L398,Synthetic Bloomberg-Compatible Loan 398,Telecom,B-,10.84346558196287,0.003338312467722736,0.01,0.07429505383883417,0.507490256409168,598.6958257742715,0.0525,0.01,6.0,673.7552714232285,100.39184748576113,99.97409403728771,-0.41775344847341955,0.507490256409168,synthetic_bloomberg_compatible
L399,Synthetic Bloomberg-Compatible Loan 399,Industrials,BB,11.395449434694836,0.0035082484133508486,0.01,0.02,0.5831176999708572,450.4526766179175,0.0525,0.01,7.0,402.1886180354992,105.0,104.34183654464641,-0.6581634553535878,0.5831176999708572,synthetic_bloomberg_compatible
L400,Synthetic Bloomberg-Compatible Loan 400,Industrials,B,8.570739130620062,0.0026386218576597174,0.02378718788469433,0.03688864193149944,0.5748820494346101,517.7856446054046,0.0525,0.01,7.0,647.0068137797786,97.17992648151288,95.25724739140264,-1.9226790901102362,1.3674827321439202,synthetic_bloomberg_compatible
