deal_id,as_of_date,as_of_date_provisional,loan_id,loan_id_source,loan_identifier,sector,moodys_industry,current_balance,weight,rating,sp_issuer_rating,rating_for_pd,rating_for_pd_source,market_price,price_source,coupon_type,coupon_rate_pct,coupon_spread_bps,coupon_floor,reference_rate,discount_margin_bps,dm_source,maturity_date,maturity_years_provisional,maturity_years,annual_pd,annual_cpr,lgd,lgd_source,lgd_base,default_status,default_date,covenant_lite,country,source_family
ARES_2023_68A,,2026-05-31,35670CAE8,CUSIP,"Freeport LNG Investments, LLLP | Term loan","Oil, Gas & Consumable Fuels",Energy: Oil & Gas,5740000.0,0.011665225249789305,B-,B-,B-,SP_ISSUER,100.313,BBG_LAST_PRICE,FLT,6.9252,325.0,0.0,0.0365621,325.0,PAR_DM_APPROX_EQ_SPREAD,2033-02-11,6.7023,6.7023,,,0.6,1_MINUS_SP_RECOVERY_RATE,,No,, ,US,bloomberg_clo
ARES_2023_68A,,2026-05-31,29359DAB3,CUSIP,"Ensono, LP | Term Loan (5/21)",IT Services,High Tech Industries,5236848.52,0.01064268599038776,B,B,B,SP_ISSUER,98.534,BBG_LAST_PRICE,FLT,7.7667,400.0,0.0075,0.0365621,400.0,PAR_DM_APPROX_EQ_SPREAD,2028-05-26,1.9877,1.9877,,,0.65,1_MINUS_SP_RECOVERY_RATE,,No,,Yes,US,bloomberg_clo
ARES_2023_68A,,2026-05-31,88023HAJ9,CUSIP,"Tempo Acquisition, LLC | Term Loan B (01/25)",Professional Services,Services: Business,5033249.64,0.01022891825592699,B+,B+,B+,SP_ISSUER,84.125,BBG_LAST_PRICE,FLT,5.4022,175.0,0.005,0.0365621,175.0,PAR_DM_APPROX_EQ_SPREAD,2028-08-31,2.2533,2.2533,,,0.5,1_MINUS_SP_RECOVERY_RATE,,No,, ,US,bloomberg_clo
ARES_2023_68A,,2026-05-31,B9000TBJ3,CUSIP,Telenet Financing USD LLC | Term Loan (1/20),Media,Media: Broadcasting & Subscription,4936992.2,0.010033297224643354,BB-,BB-,BB-,SP_ISSUER,99.375,BBG_LAST_PRICE,FLT,5.7692,200.0,0.0,0.0365621,200.0,PAR_DM_APPROX_EQ_SPREAD,2028-04-28,1.911,1.911,,,0.65,1_MINUS_SP_RECOVERY_RATE,,No,,Yes,US,bloomberg_clo
ARES_2023_68A,,2026-05-31,78397GAM3,CUSIP,SCIH Salt Holdings Inc. | Term Loan,Chemicals,"Chemicals, Plastics & Rubber",4508778.25,0.00916305119993046,B,B,B,SP_ISSUER,100.25,BBG_LAST_PRICE,FLT,6.3504,275.0,0.0075,0.0365621,275.0,PAR_DM_APPROX_EQ_SPREAD,2029-01-31,2.6721,2.6721,,,0.72,1_MINUS_SP_RECOVERY_RATE,,No,,Yes,US,bloomberg_clo
ARES_2023_68A,,2026-05-31,74345HAJ0,CUSIP,"Proofpoint, Inc. | Term Loan (06/25)",IT Services,Services: Business,4403225.52,0.00894853963700708,B-,B-,B-,SP_ISSUER,96.063,BBG_LAST_PRICE,FLT,6.6996,300.0,0.005,0.0365621,300.0,PAR_DM_APPROX_EQ_SPREAD,2028-08-31,2.2533,2.2533,,,0.65,1_MINUS_SP_RECOVERY_RATE,,No,, ,US,bloomberg_clo
ARES_2023_68A,,2026-05-31,29426NAZ7,CUSIP,Epicor Software Corporation | Term Loan F (12/24),Software,High Tech Industries,4211445.79,0.008558791597147538,B-,B-,B-,SP_ISSUER,96.938,BBG_LAST_PRICE,FLT,6.1522,250.0,0.0075,0.0365621,250.0,PAR_DM_APPROX_EQ_SPREAD,2031-05-30,4.9966,4.9966,,,0.7,1_MINUS_SP_RECOVERY_RATE,,No,, ,US,bloomberg_clo
ARES_2023_68A,,2026-05-31,75605VAD4,CUSIP,"RealPage, Inc. | Term Loan (04/21)",Professional Services,Services: Business,4106106.79,0.00834471439112183,B-,B-,B-,SP_ISSUER,94.938,BBG_LAST_PRICE,FLT,6.9612,300.0,0.005,0.0365621,300.0,PAR_DM_APPROX_EQ_SPREAD,2028-04-24,1.9001,1.9001,,,0.65,1_MINUS_SP_RECOVERY_RATE,,No,,Yes,US,bloomberg_clo
ARES_2023_68A,,2026-05-31,98423DAF1,CUSIP,"Xplor T1, LLC | Term Loan",Commercial Services & Supplies,Services: Business,4059721.13,0.008250446242644455,B-,B-,B-,SP_ISSUER,95.688,BBG_LAST_PRICE,FLT,7.1674,350.0,0.0,0.0365621,350.0,PAR_DM_APPROX_EQ_SPREAD,2032-12-01,6.5051,6.5051,,,0.7,1_MINUS_SP_RECOVERY_RATE,,No,,Yes,US,bloomberg_clo
ARES_2023_68A,,2026-05-31,17288YAN2,CUSIP,Citadel Securities LP | Term Loan (10/24),Capital Markets,"Banking, Finance, Insurance & Real Estate",4025113.87,0.008180114973798109,BBB-,BBB-,BBB-,SP_ISSUER,100.0,BBG_LAST_PRICE,FLT,5.6996,200.0,0.0,0.0365621,200.0,PAR_DM_APPROX_EQ_SPREAD,2031-10-31,5.4182,5.4182,,,0.5,1_MINUS_SP_RECOVERY_RATE,,No,, ,US,bloomberg_clo
ARES_2023_68A,,2026-05-31,58503UAJ2,CUSIP,"Medline Borrower, LP | Sixth Amendment Term Loan",Health Care Equipment & Supplies,Healthcare & Pharmaceuticals,3962785.15,0.008053446235412908,BB+,BB+,BB+,SP_ISSUER,100.313,BBG_LAST_PRICE,FLT,5.4022,175.0,0.005,0.0365621,175.0,PAR_DM_APPROX_EQ_SPREAD,2030-10-23,4.397,4.397,,,0.45,1_MINUS_SP_RECOVERY_RATE,,No,,Yes,US,bloomberg_clo
ARES_2023_68A,,2026-05-31,08078UAQ6,CUSIP,BELRON FIN 2019 LLC | Term Loan B (02/26),Automobiles,Automotive,3802424.43,0.0077275500820996,BB-,BB-,BB-,SP_ISSUER,100.188,BBG_LAST_PRICE,FLT,5.6599,200.0,0.005,0.0365621,200.0,PAR_DM_APPROX_EQ_SPREAD,2031-10-16,5.3771,5.3771,,,0.6,1_MINUS_SP_RECOVERY_RATE,,No,, ,US,bloomberg_clo
ARES_2023_68A,,2026-05-31,04686RAB9,CUSIP,Athenahealth Group Inc. | Term Loan B (2/22),Health Care Providers & Services,Healthcare & Pharmaceuticals,3774464.85,0.007670728688617109,B-,B-,B-,SP_ISSUER,100.0,BBG_LAST_PRICE,FLT,6.4022,275.0,0.005,0.0365621,275.0,PAR_DM_APPROX_EQ_SPREAD,2029-02-15,2.7132,2.7132,,,0.55,1_MINUS_SP_RECOVERY_RATE,,No,,Yes,US,bloomberg_clo
ARES_2023_68A,,2026-05-31,43644ABL2,CUSIP,"Hologic, Inc. | Term Loan B (04/26)",Health Care Technology,Healthcare & Pharmaceuticals,3750000.0,0.007621009527301375,B+,B+,B+,SP_ISSUER,98.563,BBG_LAST_PRICE,FLT,5.9239,225.0,0.0,0.0365621,225.0,PAR_DM_APPROX_EQ_SPREAD,2033-04-07,6.8528,6.8528,,,0.6,1_MINUS_SP_RECOVERY_RATE,,No,,Yes,US,bloomberg_clo
ARES_2023_68A,,2026-05-31,62937NBC0,CUSIP,"NRG Energy, Inc. | Term Loan B (03/24)",Electric Utilities,Utilities: Electric,3736745.61,0.00759407303864309,BB,BB,BB,SP_ISSUER,100.188,BBG_LAST_PRICE,FLT,5.4189,175.0,0.0,0.0365621,175.0,PAR_DM_APPROX_EQ_SPREAD,2031-04-16,4.8761,4.8761,,,0.3,1_MINUS_SP_RECOVERY_RATE,,No,,Yes,US,bloomberg_clo
ARES_2023_68A,,2026-05-31,N3066KAM7,CUSIP,Esdec Solar Group B.V. | Term Loan B,"Electronic Equipment, Instruments & Components",Capital Equipment,3507784.52,0.007128762465770742,CCC-,CCC-,CCC-,SP_ISSUER,45.625,BBG_LAST_PRICE,FLT,8.9612,500.0,0.0075,0.0365621,500.0,PAR_DM_APPROX_EQ_SPREAD,2028-08-30,2.2505,2.2505,,,0.7,1_MINUS_SP_RECOVERY_RATE,,No,,Yes,US,bloomberg_clo
ARES_2023_68A,,2026-05-31,74339YAB8,CUSIP,Project Castle Inc. | Term Loan,Machinery,Transportation: Cargo,3468359.64,0.0070486404961460185,CCC-,CCC-,CCC-,SP_ISSUER,25.375,BBG_LAST_PRICE,FLT,9.1918,550.0,0.005,0.0365621,550.0,PAR_DM_APPROX_EQ_SPREAD,2029-06-01,3.0034,3.0034,,,0.76,1_MINUS_SP_RECOVERY_RATE,,No,,Yes,US,bloomberg_clo
ARES_2023_68A,,2026-05-31,37231EAB8,CUSIP,Genmab AS | Initial Term B Loan (12/25),Health Care Technology,High Tech Industries,3344286.5,0.006796490474273432,BB+,BB+,BB+,SP_ISSUER,100.313,BBG_LAST_PRICE,FLT,6.6996,300.0,0.0,0.0365621,300.0,PAR_DM_APPROX_EQ_SPREAD,2032-12-13,6.538,6.538,,,0.6,1_MINUS_SP_RECOVERY_RATE,,No,,Yes,DE,bloomberg_clo
ARES_2023_68A,,2026-05-31,14835JAQ3,CUSIP,Cast & Crew LLC | Term Loan (12/21),Professional Services,Media: Diversified & Production,3331635.11,0.006770779443947137,CCC+,CCC+,CCC+,SP_ISSUER,51.071,BBG_LAST_PRICE,FLT,7.4134,375.0,0.005,0.0365621,375.0,PAR_DM_APPROX_EQ_SPREAD,2028-12-29,2.5818,2.5818,,,0.65,1_MINUS_SP_RECOVERY_RATE,,No,,Yes,US,bloomberg_clo
ARES_2023_68A,,2026-05-31,38723BAJ0,CUSIP,WIN Waste Innovations Holdings Inc. | Term Loan B,Energy Equipment & Services,Energy: Electricity,3323554.71,0.006754357895844629,B-,B-,B-,SP_ISSUER,100.313,BBG_LAST_PRICE,FLT,6.5167,275.0,0.005,0.0365621,275.0,PAR_DM_APPROX_EQ_SPREAD,2028-03-24,1.8152,1.8152,,,0.55,1_MINUS_SP_RECOVERY_RATE,,No,,Yes,US,bloomberg_clo
ARES_2023_68A,,2026-05-31,05549PAG6,CUSIP,BCP Renaissance Parent L.L.C. | Term Loan,"Oil, Gas & Consumable Fuels",Energy: Oil & Gas,3222815.23,0.0065496281526831925,B+,B+,B+,SP_ISSUER,99.875,BBG_LAST_PRICE,FLT,5.9496,225.0,0.01,0.0365621,225.0,PAR_DM_APPROX_EQ_SPREAD,2031-10-31,5.4182,5.4182,,,0.55,1_MINUS_SP_RECOVERY_RATE,,No,, ,US,bloomberg_clo
ARES_2023_68A,,2026-05-31,67123SAB5,CUSIP,Oak Eagle AcquireCo Inc | Term Loan,Leisure Products,"Hotel, Gaming & Leisure",3192000.0,0.006487003309638931,BB-,BB-,BB-,SP_ISSUER,100.375,BBG_LAST_PRICE,FLT,7.2109,350.0,0.0,0.0365621,350.0,PAR_DM_APPROX_EQ_SPREAD,2033-03-23,6.8118,6.8118,,,0.37,1_MINUS_SP_RECOVERY_RATE,,No,, ,US,bloomberg_clo
ARES_2023_68A,,2026-05-31,05349UBN1,CUSIP,Avaya LLC | Exit Term Loan,Diversified Telecommunication Services,Telecommunications,3187706.36,0.006478277477279783,CCC+,CCC+,CCC+,SP_ISSUER,87.313,BBG_LAST_PRICE,FLT,11.1677,750.0,0.01,0.0365621,750.0,PAR_DM_APPROX_EQ_SPREAD,2028-08-01,2.1711,2.1711,,,0.55,1_MINUS_SP_RECOVERY_RATE,,No,,Yes,US,bloomberg_clo
ARES_2023_68A,,2026-05-31,74840YAH7,CUSIP,QuidelOrtho Corp | Term Loan (08/25),Health Care Providers & Services,Healthcare & Pharmaceuticals,3140351.06,0.0063820387592882595,B+,B+,B+,SP_ISSUER,97.375,BBG_LAST_PRICE,FLT,7.6522,400.0,0.0,0.0365621,400.0,PAR_DM_APPROX_EQ_SPREAD,2032-08-20,6.2231,6.2231,,,0.6,1_MINUS_SP_RECOVERY_RATE,,No,, ,US,bloomberg_clo
ARES_2023_68A,,2026-05-31,26972CAC6,CUSIP,Eagle Parent Corp. | Term Loan B,Machinery,Environmental Industries,3043479.58,0.006185169833420583,B-,B-,B-,SP_ISSUER,100.75,BBG_LAST_PRICE,FLT,7.9496,425.0,0.005,0.0365621,425.0,PAR_DM_APPROX_EQ_SPREAD,2029-04-02,2.8392,2.8392,,,0.7,1_MINUS_SP_RECOVERY_RATE,,No,,Yes,US,bloomberg_clo
ARES_2023_68A,,2026-05-31,12657QAF0,CUSIP,CQP Holdco LP | Term Loan B,"Oil, Gas & Consumable Fuels",Energy: Oil & Gas,3042684.79,0.006183554606177329,BB,BB,BB,SP_ISSUER,99.75,BBG_LAST_PRICE,FLT,5.4496,175.0,0.0,0.0365621,175.0,PAR_DM_APPROX_EQ_SPREAD,2032-12-31,6.5873,6.5873,,,0.5,1_MINUS_SP_RECOVERY_RATE,,No,, ,US,bloomberg_clo
ARES_2023_68A,,2026-05-31,G4124RAC0,CUSIP,Grifols Worldwide Operations USA Inc | Grifols 3/26 (USD) Term Loan,Life Sciences Tools & Services,Healthcare & Pharmaceuticals,3031819.08,0.006161472558329091,BB-,BB-,BB-,SP_ISSUER,100.438,BBG_LAST_PRICE,FLT,6.1869,250.0,0.0,0.0365621,250.0,PAR_DM_APPROX_EQ_SPREAD,2033-04-14,6.872,6.872,,,0.6,1_MINUS_SP_RECOVERY_RATE,,No,, ,US,bloomberg_clo
ARES_2023_68A,,2026-05-31,62908HAR6,CUSIP,"NEP Group, Inc. | Term Loan B (10/25)",Media,Media: Broadcasting & Subscription,3005334.52,0.006107648802572721,B-,B-,B-,SP_ISSUER,93.375,BBG_LAST_PRICE,FLT,8.1522,450.0,0.0,0.0365621,450.0,PAR_DM_APPROX_EQ_SPREAD,2031-10-17,5.3799,5.3799,,,0.5,1_MINUS_SP_RECOVERY_RATE,,No,,Yes,US,bloomberg_clo
ARES_2023_68A,,2026-05-31,05400KAJ9,CUSIP,Avolon TLB Borrower 1 (US) LLC | Term Loan B6,Aerospace & Defense,Aerospace & Defense,3002290.51,0.006101462554783067,BBB-,BBB-,BBB-,SP_ISSUER,100.313,BBG_LAST_PRICE,FLT,5.411,175.0,0.005,0.0365621,175.0,PAR_DM_APPROX_EQ_SPREAD,2030-06-22,4.0602,4.0602,,,0.59,1_MINUS_SP_RECOVERY_RATE,,No,,Yes,US,bloomberg_clo
ARES_2023_68A,,2026-05-31,33718FAQ3,CUSIP,First Student Bidco Inc | Term Loan,Ground Transportation,Transportation: Cargo,2953574.01,0.006002457511946594,B+,B+,B+,SP_ISSUER,100.25,BBG_LAST_PRICE,FLT,5.9496,225.0,0.0,0.0365621,225.0,PAR_DM_APPROX_EQ_SPREAD,2030-08-15,4.2081,4.2081,,,0.7,1_MINUS_SP_RECOVERY_RATE,,No,,Yes,US,bloomberg_clo
ARES_2023_68A,,2026-05-31,71911KAF1,CUSIP,Parexel International Inc | Term Loan B (12/25),Health Care Providers & Services,Healthcare & Pharmaceuticals,2937185.68,0.005969152013528845,B+,B+,B+,SP_ISSUER,100.25,BBG_LAST_PRICE,FLT,6.4022,275.0,0.005,0.0365621,275.0,PAR_DM_APPROX_EQ_SPREAD,2031-12-12,5.5332,5.5332,,,0.72,1_MINUS_SP_RECOVERY_RATE,,No,,Yes,US,bloomberg_clo
ARES_2023_68A,,2026-05-31,L8869UAC7,CUSIP,Summer (BC) Bidco B LLC | Term Loan B (Kantar Extended),Financial Services,Services: Business,2930497.13,0.00595555907932249,B-,B-,B-,SP_ISSUER,85.875,BBG_LAST_PRICE,FLT,8.9596,500.0,0.0,0.0365621,500.0,PAR_DM_APPROX_EQ_SPREAD,2029-02-05,2.6858,2.6858,,,0.65,1_MINUS_SP_RECOVERY_RATE,,No,, ,US,bloomberg_clo
ARES_2023_68A,,2026-05-31,G4712JBB7,CUSIP,Hyperion Refinance S.a r.l. | Term Loan,Insurance,"Banking, Finance, Insurance & Real Estate",2926376.96,0.005947185784702729,B,B,B,SP_ISSUER,95.375,BBG_LAST_PRICE,FLT,6.4022,275.0,0.005,0.0365621,275.0,PAR_DM_APPROX_EQ_SPREAD,2031-02-15,4.7118,4.7118,,,0.65,1_MINUS_SP_RECOVERY_RATE,,No,, ,GB,bloomberg_clo
ARES_2023_68A,,2026-05-31,88372KAH3,CUSIP,Thevelia (US) LLC | Term Loan B (07/24),Commercial Services & Supplies,Services: Business,2925168.75,0.005944730376723801,B,B,B,SP_ISSUER,97.688,BBG_LAST_PRICE,FLT,6.6996,300.0,0.005,0.0365621,300.0,PAR_DM_APPROX_EQ_SPREAD,2029-06-18,3.05,3.05,,,0.65,1_MINUS_SP_RECOVERY_RATE,,No,, ,US,bloomberg_clo
ARES_2023_68A,,2026-05-31,23923YAB7,CUSIP,"Dayforce Bidco, LLC | Term Loan B (08/25)",Software,Services: Business,2870821.87,0.00583428288598804,B-,B-,B-,SP_ISSUER,94.0,BBG_LAST_PRICE,FLT,6.6634,300.0,0.0,0.0365621,300.0,PAR_DM_APPROX_EQ_SPREAD,2033-02-04,6.6831,6.6831,,,0.7,1_MINUS_SP_RECOVERY_RATE,,No,, ,US,bloomberg_clo
ARES_2023_68A,,2026-05-31,34416DBD9,CUSIP,"Focus Financial Partners, LLC | Add-on Term Loan (01/25)",Financial Services,"Banking, Finance, Insurance & Real Estate",2850161.5,0.005792295452226021,B,B,B,SP_ISSUER,98.313,BBG_LAST_PRICE,FLT,6.1522,250.0,0.0,0.0365621,250.0,PAR_DM_APPROX_EQ_SPREAD,2031-09-15,5.2923,5.2923,,,0.7,1_MINUS_SP_RECOVERY_RATE,,No,,Yes,US,bloomberg_clo
ARES_2023_68A,,2026-05-31,12430EAD6,CUSIP,"BW Holding, Inc. | Term Loan B (08/25)",Containers & Packaging,"Containers, Packaging & Glass",2842990.02,0.005777721074251394,CCC+,CCC+,CCC+,SP_ISSUER,63.4061,PROXY_RATING_COHORT_WA,FLT,8.2893,450.0,0.01,0.0365621,450.0,PAR_DM_APPROX_EQ_SPREAD,2030-12-16,4.5448,4.5448,,,0.82,1_MINUS_SP_RECOVERY_RATE,,No,, ,US,bloomberg_clo
ARES_2023_68A,,2026-05-31,28917XAB6,CUSIP,Ellucian Holdings Inc | Term Loan B,Software,High Tech Industries,2835095.65,0.0057616775891895155,B-,B-,B-,SP_ISSUER,97.5,BBG_LAST_PRICE,FLT,6.1522,250.0,0.005,0.0365621,250.0,PAR_DM_APPROX_EQ_SPREAD,2029-10-08,3.3566,3.3566,,,0.55,1_MINUS_SP_RECOVERY_RATE,,No,,Yes,US,bloomberg_clo
ARES_2023_68A,,2026-05-31,92943LAC4,CUSIP,WEC US Holdings Ltd | Term Loan B,Energy Equipment & Services,Capital Equipment,2827751.39,0.005746752075741255,B+,B+,B+,SP_ISSUER,100.188,BBG_LAST_PRICE,FLT,5.6493,200.0,0.0,0.0365621,200.0,PAR_DM_APPROX_EQ_SPREAD,2031-01-27,4.6598,4.6598,,,0.7,1_MINUS_SP_RECOVERY_RATE,,No,,Yes,US,bloomberg_clo
ARES_2023_68A,,2026-05-31,67089SAD3,CUSIP,"OID-OL INTERMEDIATE I, LLC | Term Loan 2",Professional Services,High Tech Industries,2802496.42,0.005695427177879466,CCC+,CCC+,CCC+,SP_ISSUER,66.75,BBG_LAST_PRICE,FLT,8.0634,425.0,0.0,0.0365621,425.0,PAR_DM_APPROX_EQ_SPREAD,2029-02-01,2.6749,2.6749,,,0.6,1_MINUS_SP_RECOVERY_RATE,,No,, ,US,bloomberg_clo
ARES_2023_68A,,2026-05-31,90266UAL7,CUSIP,"UFC Holdings, LLC | Term Loan (9/25)","Hotels, Restaurants & Leisure",Media: Diversified & Production,2790570.84,0.0056711911888665065,B+,B+,B+,SP_ISSUER,100.125,BBG_LAST_PRICE,FLT,5.664,200.0,0.0,0.0365621,200.0,PAR_DM_APPROX_EQ_SPREAD,2031-11-21,5.4757,5.4757,,,0.35,1_MINUS_SP_RECOVERY_RATE,,No,, ,US,bloomberg_clo
ARES_2023_68A,,2026-05-31,88632NBL3,CUSIP,"Cloud Software Group, Inc | Term Loan B (8/25)",Software,High Tech Industries,2755414.21,0.005599743452285757,B,B,B,SP_ISSUER,91.125,BBG_LAST_PRICE,FLT,6.9496,325.0,0.0,0.0365621,325.0,PAR_DM_APPROX_EQ_SPREAD,2032-08-13,6.204,6.204,,,0.65,1_MINUS_SP_RECOVERY_RATE,,No,,Yes,US,bloomberg_clo
ARES_2023_68A,,2026-05-31,24780DAJ6,CUSIP,"Delta Topco, LLC | Fourth Amendment Refinancing Term Loan (01/25)",IT Services,High Tech Industries,2745597.27,0.005579792787414039,B-,B-,B-,SP_ISSUER,94.438,BBG_LAST_PRICE,FLT,6.4239,275.0,0.0,0.0365621,275.0,PAR_DM_APPROX_EQ_SPREAD,2029-11-30,3.5017,3.5017,,,0.7,1_MINUS_SP_RECOVERY_RATE,,No,,Yes,US,bloomberg_clo
ARES_2023_68A,,2026-05-31,L7000HAJ3,CUSIP,Loire Finco Luxembourg S.a r.l. | Term Loan B (3/25),Life Sciences Tools & Services,Healthcare & Pharmaceuticals,2695204.9,0.005477381925581159,B-,B-,B-,SP_ISSUER,100.313,BBG_LAST_PRICE,FLT,7.6522,400.0,0.0,0.0365621,400.0,PAR_DM_APPROX_EQ_SPREAD,2030-01-31,3.6715,3.6715,,,0.7,1_MINUS_SP_RECOVERY_RATE,,No,, ,GB,bloomberg_clo
ARES_2023_68A,,2026-05-31,50168EAN2,CUSIP,"LABL, Inc. | USD Term Loan (10/21)",Containers & Packaging,"Containers, Packaging & Glass",2694379.71,0.005475704917354004,D,D,D,SP_ISSUER,43.89,BBG_LAST_PRICE,FLT,10.75,400.0,0.005,0.0365621,400.0,PAR_DM_APPROX_EQ_SPREAD,2028-10-30,2.4175,2.4175,,,0.65,1_MINUS_SP_RECOVERY_RATE,,Yes,20260130.0,Yes,US,bloomberg_clo
ARES_2023_68A,,2026-05-31,22860EAL6,CUSIP,"Crown Subsea Communications Holding, Inc. | Term Loan B (01/26)",Real Estate Management & Development,"Banking, Finance, Insurance & Real Estate",2663319.87,0.005412582960938949,B+,B+,B+,SP_ISSUER,100.75,BBG_LAST_PRICE,FLT,6.6522,300.0,0.0075,0.0365621,300.0,PAR_DM_APPROX_EQ_SPREAD,2031-01-30,4.668,4.668,,,0.72,1_MINUS_SP_RECOVERY_RATE,,No,,Yes,US,bloomberg_clo
ARES_2023_68A,,2026-05-31,89376WAH1,CUSIP,TransMontaigne Operating Company L.P. | Term Loan,"Oil, Gas & Consumable Fuels",Energy: Oil & Gas,2571325.44,0.00522562551360864,B,B,B,SP_ISSUER,100.313,BBG_LAST_PRICE,FLT,5.9022,225.0,0.005,0.0365621,225.0,PAR_DM_APPROX_EQ_SPREAD,2030-03-18,3.7974,3.7974,,,0.45,1_MINUS_SP_RECOVERY_RATE,,No,, ,US,bloomberg_clo
ARES_2023_68A,,2026-05-31,G7739PAN0,CUSIP,Coral-US Co-Borrower LLC | Term Loan B7 (01/25),Media,Telecommunications,2487183.1,0.005054625626998125,BB-,BB-,BB-,SP_ISSUER,97.188,BBG_LAST_PRICE,FLT,6.9231,325.0,0.0,0.0365621,325.0,PAR_DM_APPROX_EQ_SPREAD,2032-02-02,5.6756,5.6756,,,0.59,1_MINUS_SP_RECOVERY_RATE,,No,,Yes,US,bloomberg_clo
ARES_2023_68A,,2026-05-31,73937UAL2,CUSIP,"Artera Services, LLC | Term Loan C (02/24)",Construction & Engineering,Construction & Building,2471411.7,0.005022573896422424,CCC+,CCC+,CCC+,SP_ISSUER,88.625,BBG_LAST_PRICE,FLT,8.1522,450.0,0.0,0.0365621,450.0,PAR_DM_APPROX_EQ_SPREAD,2031-02-18,4.7201,4.7201,,,0.76,1_MINUS_SP_RECOVERY_RATE,,No,, ,US,bloomberg_clo
ARES_2023_68A,,2026-05-31,69380SAB9,CUSIP,"Pye-Barker Fire & Safety, LLC | Term Loan (12/25)",Commercial Services & Supplies,Services: Business,2436476.0,0.004951575149077639,B,B,B,SP_ISSUER,100.25,BBG_LAST_PRICE,FLT,6.1634,250.0,0.0,0.0365621,250.0,PAR_DM_APPROX_EQ_SPREAD,2032-12-16,6.5462,6.5462,,,0.65,1_MINUS_SP_RECOVERY_RATE,,No,, ,US,bloomberg_clo
ARES_2023_68A,,2026-05-31,76779JAB3,CUSIP,"Rithum Holdings, Inc. | Term Loan (7/25)",,High Tech Industries,2417694.45,0.004913405983347642,B-,B-,B-,SP_ISSUER,94.75,BBG_LAST_PRICE,FLT,8.4496,475.0,0.0,0.0365621,475.0,PAR_DM_APPROX_EQ_SPREAD,2032-07-21,6.141,6.141,,,0.55,1_MINUS_SP_RECOVERY_RATE,,No,,Yes,US,bloomberg_clo
ARES_2023_68A,,2026-05-31,59012CAL9,CUSIP,Mermaid Bidco Inc | USD Term Loan B (06/24),Financial Services,Services: Consumer,2394830.81,0.004866940911809298,B,B,B,SP_ISSUER,99.563,BBG_LAST_PRICE,FLT,6.9081,325.0,0.0,0.0365621,325.0,PAR_DM_APPROX_EQ_SPREAD,2031-07-03,5.0897,5.0897,,,0.7,1_MINUS_SP_RECOVERY_RATE,,No,, ,US,bloomberg_clo
ARES_2023_68A,,2026-05-31,19682LAB4,CUSIP,COLOSSUS ACQUIRECO LLC | Term Loan B (06/25),Energy Equipment & Services,Energy: Electricity,2381281.02,0.004839404090827183,BBB-,BBB-,BBB-,SP_ISSUER,99.813,BBG_LAST_PRICE,FLT,5.39,175.0,0.0,0.0365621,175.0,PAR_DM_APPROX_EQ_SPREAD,2032-07-30,6.1656,6.1656,,,0.59,1_MINUS_SP_RECOVERY_RATE,,No,,Yes,US,bloomberg_clo
ARES_2023_68A,,2026-05-31,89334GBF0,CUSIP,Trans Union LLC | Term Loan B8,Professional Services,"Banking, Finance, Insurance & Real Estate",2338545.48,0.0047525539688286845,BB+,BB+,BB+,SP_ISSUER,100.0,BBG_LAST_PRICE,FLT,5.4022,175.0,0.0,0.0365621,175.0,PAR_DM_APPROX_EQ_SPREAD,2031-06-24,5.065,5.065,,,0.4,1_MINUS_SP_RECOVERY_RATE,,No,,Yes,US,bloomberg_clo
ARES_2023_68A,,2026-05-31,88037HAN4,CUSIP,Tenneco Inc. | Term Loan A (11/22),Automobile Components,Automotive,2335688.21,0.0047467472269907985,B,B,B,SP_ISSUER,99.938,BBG_LAST_PRICE,FLT,8.5056,475.0,0.005,0.0365621,475.0,PAR_DM_APPROX_EQ_SPREAD,2028-11-17,2.4668,2.4668,,,0.7,1_MINUS_SP_RECOVERY_RATE,,No,,Yes,US,bloomberg_clo
ARES_2023_68A,,2026-05-31,00847YAE2,CUSIP,"Agiliti Health, Inc. | Term Loan B (03/23)",Health Care Providers & Services,Healthcare & Pharmaceuticals,2314418.85,0.004703522161604238,B-,B-,B-,SP_ISSUER,97.063,BBG_LAST_PRICE,FLT,6.5761,300.0,0.0,0.0365621,300.0,PAR_DM_APPROX_EQ_SPREAD,2030-05-01,3.9179,3.9179,,,0.7,1_MINUS_SP_RECOVERY_RATE,,No,,Yes,US,bloomberg_clo
ARES_2023_68A,,2026-05-31,96244UAJ6,CUSIP,Whatabrands LLC | Term Loan,"Hotels, Restaurants & Leisure","Hotel, Gaming & Leisure",2285776.97,0.004645314150841619,B,B,B,SP_ISSUER,100.125,BBG_LAST_PRICE,FLT,6.1522,250.0,0.005,0.0365621,250.0,PAR_DM_APPROX_EQ_SPREAD,2028-08-03,2.1766,2.1766,,,0.7,1_MINUS_SP_RECOVERY_RATE,,No,,Yes,US,bloomberg_clo
ARES_2023_68A,,2026-05-31,78404XAJ4,CUSIP,SBA Senior Finance II LLC | First Lien TLB,Wireless Telecommunication Services,Telecommunications,2254901.83,0.004582567554549148,BBB,,BBB,SP_ISSUE_FALLBACK,100.313,BBG_LAST_PRICE,FLT,5.41,175.0,0.0,0.0365621,175.0,PAR_DM_APPROX_EQ_SPREAD,2031-01-25,4.6543,4.6543,,,0.5,1_MINUS_SP_RECOVERY_RATE,,No,, ,US,bloomberg_clo
ARES_2023_68A,,2026-05-31,74339NAG1,CUSIP,"Project Boost Purchaser, LLC | Term Loan (07/24)",Software,High Tech Industries,2254034.59,0.004580805089401826,B-,B-,B-,SP_ISSUER,98.188,BBG_LAST_PRICE,FLT,6.4496,275.0,0.0,0.0365621,275.0,PAR_DM_APPROX_EQ_SPREAD,2031-07-16,5.1253,5.1253,,,0.7,1_MINUS_SP_RECOVERY_RATE,,No,,Yes,US,bloomberg_clo
ARES_2023_68A,,2026-05-31,37956SAB0,CUSIP,"Global Medical Response, Inc. | Term Loan  B",Diversified Telecommunication Services,Telecommunications,2222532.1,0.004516783549022169,B+,B,B,SP_ISSUER,100.375,BBG_LAST_PRICE,FLT,7.1572,350.0,0.0,0.0365621,350.0,PAR_DM_APPROX_EQ_SPREAD,2032-10-01,6.3381,6.3381,,,0.65,1_MINUS_SP_RECOVERY_RATE,,No,,Yes,US,bloomberg_clo
ARES_2023_68A,,2026-05-31,09353TAJ9,CUSIP,Bleriot US Bidco Inc. | Term Loan B,Aerospace & Defense,Aerospace & Defense,2206703.94,0.004484616466846262,B,B,B,SP_ISSUER,100.063,BBG_LAST_PRICE,FLT,5.9496,225.0,0.0,0.0365621,225.0,PAR_DM_APPROX_EQ_SPREAD,2030-10-31,4.4189,4.4189,,,0.72,1_MINUS_SP_RECOVERY_RATE,,No,,Yes,US,bloomberg_clo
ARES_2023_68A,,2026-05-31,44931YAD9,CUSIP,"ICU Medical, Inc. | Term Loan B",Health Care Equipment & Supplies,Healthcare & Pharmaceuticals,2178809.06,0.004427926561181481,BB-,BB-,BB-,SP_ISSUER,100.5,BBG_LAST_PRICE,FLT,6.0996,225.0,0.005,0.0365621,225.0,PAR_DM_APPROX_EQ_SPREAD,2029-01-08,2.6092,2.6092,,,0.65,1_MINUS_SP_RECOVERY_RATE,,No,,Yes,US,bloomberg_clo
ARES_2023_68A,,2026-05-31,F7000QAC5,CUSIP,Opal U.S. LLC | Term Loan,Pharmaceuticals,Healthcare & Pharmaceuticals,2174444.06,0.004419055706091702,B+,B+,B+,SP_ISSUER,100.125,BBG_LAST_PRICE,FLT,6.6996,300.0,0.0,0.0365621,300.0,PAR_DM_APPROX_EQ_SPREAD,2032-04-28,5.911,5.911,,,0.6,1_MINUS_SP_RECOVERY_RATE,,No,,Yes,US,bloomberg_clo
ARES_2023_68A,,2026-05-31,09231PAB2,CUSIP,Blackfin Pipeline LLC | Term Loan B (9/25),Energy Equipment & Services,Energy: Electricity,2135122.25,0.0043391432024541725,BB,,BB,SP_ISSUE_FALLBACK,100.313,BBG_LAST_PRICE,FLT,6.6875,300.0,0.0,0.0365621,300.0,PAR_DM_APPROX_EQ_SPREAD,2032-09-29,6.3326,6.3326,,,0.45,1_MINUS_SP_RECOVERY_RATE,,No,, ,US,bloomberg_clo
ARES_2023_68A,,2026-05-31,00132UAQ7,CUSIP,"AI Aqua Merger Sub, Inc., | Term Loan B (01/26)",Machinery,Consumer Goods: Durable,2101735.99,0.004271293334309917,B,B,B,SP_ISSUER,100.125,BBG_LAST_PRICE,FLT,6.1481,250.0,0.0,0.0365621,250.0,PAR_DM_APPROX_EQ_SPREAD,2028-07-31,2.1684,2.1684,,,0.7,1_MINUS_SP_RECOVERY_RATE,,No,,Yes,US,bloomberg_clo
ARES_2023_68A,,2026-05-31,00132UAQ7,CUSIP,"AI Aqua Merger Sub, Inc., | Term Loan B (01/26)",Machinery,Consumer Goods: Durable,2101735.99,0.004271293334309917,B,B,B,SP_ISSUER,100.125,BBG_LAST_PRICE,FLT,6.164,250.0,0.0,0.0365621,250.0,PAR_DM_APPROX_EQ_SPREAD,2028-07-31,2.1684,2.1684,,,0.7,1_MINUS_SP_RECOVERY_RATE,,No,,Yes,US,bloomberg_clo
ARES_2023_68A,,2026-05-31,87422LBA7,CUSIP,"Talen Energy Supply, LLC | Term Loan B (10/25)",Electric Utilities,Energy: Electricity,2070241.1,0.004207287239176235,BB-,BB-,BB-,SP_ISSUER,99.063,BBG_LAST_PRICE,FLT,5.6522,200.0,0.0,0.0365621,200.0,PAR_DM_APPROX_EQ_SPREAD,2032-11-25,6.4887,6.4887,,,0.3,1_MINUS_SP_RECOVERY_RATE,,No,, ,US,bloomberg_clo
ARES_2023_68A,,2026-05-31,89435TAB0,CUSIP,Traverse Midstream Partners LLC | Term Loan B (02/23),"Oil, Gas & Consumable Fuels",Energy: Oil & Gas,2060122.51,0.004186723540298139,BB-,BB-,BB-,SP_ISSUER,100.125,BBG_LAST_PRICE,FLT,6.1634,250.0,0.005,0.0365621,250.0,PAR_DM_APPROX_EQ_SPREAD,2028-02-16,1.7139,1.7139,,,0.65,1_MINUS_SP_RECOVERY_RATE,,No,, ,US,bloomberg_clo
ARES_2023_68A,,2026-05-31,96208UAW1,CUSIP,WEX Inc. | Term Loan B (11/24),Commercial Services & Supplies,Services: Business,2034753.46,0.004135166801165183,BB-,BB-,BB-,SP_ISSUER,100.0,BBG_LAST_PRICE,FLT,5.4022,175.0,0.0,0.0365621,175.0,PAR_DM_APPROX_EQ_SPREAD,2028-03-31,1.8344,1.8344,,,0.65,1_MINUS_SP_RECOVERY_RATE,,No,,Yes,US,bloomberg_clo
ARES_2023_68A,,2026-05-31,73108RAB4,CUSIP,"Polaris Newco, LLC | USD Term Loan B",Software,Services: Business,2028535.66,0.004122530557688155,CCC+,CCC+,CCC+,SP_ISSUER,88.75,BBG_LAST_PRICE,FLT,7.925,400.0,0.005,0.0365621,400.0,PAR_DM_APPROX_EQ_SPREAD,2028-06-02,2.0068,2.0068,,,0.6,1_MINUS_SP_RECOVERY_RATE,,No,,Yes,US,bloomberg_clo
ARES_2023_68A,,2026-05-31,78957LAF9,CUSIP,University Support Services LLC | Term Loan B (06/21),Diversified Consumer Services,Services: Consumer,2024454.04,0.004114235607046336,,,,SP_ISSUE_FALLBACK,98.813,BBG_LAST_PRICE,FLT,6.4022,275.0,0.005,0.0365621,275.0,PAR_DM_APPROX_EQ_SPREAD,2029-02-12,2.705,2.705,,,0.6722,SECTOR_MEAN_RR_FALLBACK,,No,,Yes,US,bloomberg_clo
ARES_2023_68A,,2026-05-31,65336RBB3,CUSIP,Nexstar Media Inc. | Term Loan B-5 (6/25),Media,Media: Broadcasting & Subscription,2015269.92,0.004095571002774368,BB+,BB+,BB+,SP_ISSUER,99.813,BBG_LAST_PRICE,FLT,6.1522,250.0,0.0,0.0365621,250.0,PAR_DM_APPROX_EQ_SPREAD,2032-06-24,6.0671,6.0671,,,0.4,1_MINUS_SP_RECOVERY_RATE,,No,, ,US,bloomberg_clo
ARES_2023_68A,,2026-05-31,47077DAM2,CUSIP,"Jane Street Group, LLC | Term Loan B",Financial Services,"Banking, Finance, Insurance & Real Estate",2010821.45,0.004086530514173858,BB,BB,BB,SP_ISSUER,99.5,BBG_LAST_PRICE,FLT,5.6727,200.0,0.0,0.0365621,200.0,PAR_DM_APPROX_EQ_SPREAD,2031-12-15,5.5414,5.5414,,,0.5,1_MINUS_SP_RECOVERY_RATE,,No,, ,US,bloomberg_clo
ARES_2023_68A,,2026-05-31,28542CAG4,CUSIP,Examworks Bidco Inc | ExamWorks/Electron 1/26 TL,Health Care Providers & Services,Services: Business,2007071.05,0.004078908691738874,B,B,B,SP_ISSUER,100.5,BBG_LAST_PRICE,FLT,6.1522,250.0,0.005,0.0365621,250.0,PAR_DM_APPROX_EQ_SPREAD,2033-02-07,6.6913,6.6913,,,0.73,1_MINUS_SP_RECOVERY_RATE,,No,, ,US,bloomberg_clo
ARES_2023_68A,,2026-05-31,63939WAN3,CUSIP,"Waystar Technologies, Inc. | Waystar/Navicure 8/25 TLB",Health Care Technology,Services: Business,2005300.37,0.004075310193298926,BB,BB,BB,SP_ISSUER,99.875,BBG_LAST_PRICE,FLT,5.6522,200.0,0.0,0.0365621,200.0,PAR_DM_APPROX_EQ_SPREAD,2029-10-22,3.3949,3.3949,,,0.7,1_MINUS_SP_RECOVERY_RATE,,No,, ,US,bloomberg_clo
ARES_2023_68A,,2026-05-31,65343UAH5,CUSIP,Nexus Buyer LLC | Term Loan B (1/25),Financial Services,"Banking, Finance, Insurance & Real Estate",2003410.69,0.004071469854823312,B-,B-,B-,SP_ISSUER,98.063,BBG_LAST_PRICE,FLT,7.1522,350.0,0.0,0.0365621,350.0,PAR_DM_APPROX_EQ_SPREAD,2031-07-31,5.1663,5.1663,,,0.6,1_MINUS_SP_RECOVERY_RATE,,No,,Yes,US,bloomberg_clo
ARES_2023_68A,,2026-05-31,C6901LAM9,CUSIP,1011778 B.C. Unlimited Liability Company | Term Loan B6,"Hotels, Restaurants & Leisure","Beverage, Food & Tobacco",1985693.01,0.004035462759334865,BB,BB,BB,SP_ISSUER,100.25,BBG_LAST_PRICE,FLT,5.4022,175.0,0.0,0.0365621,175.0,PAR_DM_APPROX_EQ_SPREAD,2030-09-23,4.3149,4.3149,,,0.45,1_MINUS_SP_RECOVERY_RATE,,No,, ,US,bloomberg_clo
ARES_2023_68A,,2026-05-31,G4712JBD3,CUSIP,HIG Finance 2 Limited | Hyperion Insurance/Howden 12/25 (USD),Insurance,"Banking, Finance, Insurance & Real Estate",1969193.28,0.004001930866127425,B,B,B,SP_ISSUER,95.438,BBG_LAST_PRICE,FLT,6.4022,275.0,0.005,0.0365621,275.0,PAR_DM_APPROX_EQ_SPREAD,2030-04-18,3.8823,3.8823,,,0.65,1_MINUS_SP_RECOVERY_RATE,,No,, ,GB,bloomberg_clo
ARES_2023_68A,,2026-05-31,56150KAK1,CUSIP,"Mamba Purchaser, Inc. | Sixth Amendment Term Loan B (02/26)",Health Care Providers & Services,Healthcare & Pharmaceuticals,1960940.69,0.003985159381590115,B,B,B,SP_ISSUER,100.313,BBG_LAST_PRICE,FLT,6.4023,275.0,0.005,0.0365621,275.0,PAR_DM_APPROX_EQ_SPREAD,2031-10-14,5.3717,5.3717,,,0.7,1_MINUS_SP_RECOVERY_RATE,,No,,Yes,US,bloomberg_clo
ARES_2023_68A,,2026-05-31,31556PAB3,CUSIP,Fertitta Entertainment LLC | Term Loan B,"Hotels, Restaurants & Leisure","Hotel, Gaming & Leisure",1957171.09,0.003977498539586352,B,B,B,SP_ISSUER,100.063,BBG_LAST_PRICE,FLT,6.9022,325.0,0.005,0.0365621,325.0,PAR_DM_APPROX_EQ_SPREAD,2029-01-29,2.6667,2.6667,,,0.65,1_MINUS_SP_RECOVERY_RATE,,No,,Yes,US,bloomberg_clo
ARES_2023_68A,,2026-05-31,09238FAN1,CUSIP,Blackhawk Network Holdings Inc. | Blackhawk Network 1/26 TL,IT Services,Services: Business,1954502.13,0.003972074494362888,B,B,B,SP_ISSUER,99.75,BBG_LAST_PRICE,FLT,7.1522,350.0,0.0,0.0365621,350.0,PAR_DM_APPROX_EQ_SPREAD,2029-03-12,2.7817,2.7817,,,0.65,1_MINUS_SP_RECOVERY_RATE,,No,,Yes,US,bloomberg_clo
ARES_2023_68A,,2026-05-31,89678QAF3,CUSIP,Primo Brands Corporation | Term Loan,Consumer Staples Distribution & Retail,"Beverage, Food & Tobacco",1950000.0,0.003962924954196715,BB-,BB-,BB-,SP_ISSUER,100.625,BBG_LAST_PRICE,FLT,6.4496,275.0,0.005,0.0365621,275.0,PAR_DM_APPROX_EQ_SPREAD,2031-03-31,4.8323,4.8323,,,0.5,1_MINUS_SP_RECOVERY_RATE,,No,, ,US,bloomberg_clo
ARES_2023_68A,,2026-05-31,74339UBA7,CUSIP,Project Ruby Ultimate Parent Corp. | Mediware Information/Wellsky 7/25,Health Care Technology,Healthcare & Pharmaceuticals,1948748.74,0.003960382057028413,B-,B-,B-,SP_ISSUER,99.938,BBG_LAST_PRICE,FLT,6.5167,275.0,0.0,0.0365621,275.0,PAR_DM_APPROX_EQ_SPREAD,2028-03-10,1.7769,1.7769,,,0.5,1_MINUS_SP_RECOVERY_RATE,,No,,Yes,US,bloomberg_clo
ARES_2023_68A,,2026-05-31,F4939DAD5,CUSIP,IDEMIA Group SAS | Term Loan,"Technology Hardware, Storage & Peripherals",High Tech Industries,1946400.77,0.003955610349897796,B,B,B,SP_ISSUER,100.125,BBG_LAST_PRICE,FLT,7.9496,425.0,0.0075,0.0365621,425.0,PAR_DM_APPROX_EQ_SPREAD,2028-09-30,2.3354,2.3354,,,0.6,1_MINUS_SP_RECOVERY_RATE,,No,, ,US,bloomberg_clo
ARES_2023_68A,,2026-05-31,BBG01WJ0G2Z7,FIGI,Jefferies Finance LLC | Term Loan (10/24),Financial Services,"Banking, Finance, Insurance & Real Estate",1937009.41,0.00393652457815531,BB-,BB-,BB-,SP_ISSUER,100.0,BBG_LAST_PRICE,FLT,6.418,275.0,0.0,0.0365621,275.0,PAR_DM_APPROX_EQ_SPREAD,2031-10-21,5.3908,5.3908,,,0.5,1_MINUS_SP_RECOVERY_RATE,,No,, ,US,bloomberg_clo
ARES_2023_68A,,2026-05-31,74028HAG0,CUSIP,"Precision Medicine Group, LLC | Term Loan B (08/25)",Health Care Technology,Services: Business,1935275.0,0.003932999790119512,B-,B-,B-,SP_ISSUER,99.563,BBG_LAST_PRICE,FLT,7.1634,350.0,0.0,0.0365621,350.0,PAR_DM_APPROX_EQ_SPREAD,2032-08-13,6.204,6.204,,,0.7,1_MINUS_SP_RECOVERY_RATE,,No,,Yes,US,bloomberg_clo
ARES_2023_68A,,2026-05-31,26826TAM5,CUSIP,"ECL Entertainment, LLC | ECL Entertainment 8/25 TL B","Hotels, Restaurants & Leisure","Hotel, Gaming & Leisure",1930105.47,0.003922493913484399,B+,B+,B+,SP_ISSUER,100.25,BBG_LAST_PRICE,FLT,6.6522,300.0,0.0,0.0365621,300.0,PAR_DM_APPROX_EQ_SPREAD,2030-08-30,4.2491,4.2491,,,0.7,1_MINUS_SP_RECOVERY_RATE,,No,, ,US,bloomberg_clo
ARES_2023_68A,,2026-05-31,44988LAM9,CUSIP,IRB Holding Corporation | Term Loan B (11/25),"Hotels, Restaurants & Leisure","Beverage, Food & Tobacco",1890111.45,0.0038412152981630444,B+,B+,B+,SP_ISSUER,100.25,BBG_LAST_PRICE,FLT,6.1543,250.0,0.005,0.0365621,250.0,PAR_DM_APPROX_EQ_SPREAD,2030-12-16,4.5448,4.5448,,,0.65,1_MINUS_SP_RECOVERY_RATE,,No,,Yes,US,bloomberg_clo
ARES_2023_68A,,2026-05-31,74347UAG5,CUSIP,Propulsion (BC) Finco Sarl | Term Loan (11/25),Aerospace & Defense,Aerospace & Defense,1875000.0,0.0038105047636506875,B,B,B,SP_ISSUER,100.375,BBG_LAST_PRICE,FLT,6.1996,250.0,0.005,0.0365621,250.0,PAR_DM_APPROX_EQ_SPREAD,2032-12-01,6.5051,6.5051,,,0.7,1_MINUS_SP_RECOVERY_RATE,,No,, ,US,bloomberg_clo
ARES_2023_68A,,2026-05-31,C7365BAG1,CUSIP,PointClickCare Technologies Inc. | Term Loan (07/25),Health Care Providers & Services,High Tech Industries,1873719.53,0.0038079025038988412,B,B,B,SP_ISSUER,99.563,BBG_LAST_PRICE,FLT,6.4134,275.0,0.0,0.0365621,275.0,PAR_DM_APPROX_EQ_SPREAD,2031-11-03,5.4264,5.4264,,,0.7,1_MINUS_SP_RECOVERY_RATE,,No,, ,US,bloomberg_clo
ARES_2023_68A,,2026-05-31,81527CAP2,CUSIP,"Sedgwick Claims Management Services, Inc. | Term Loan B 2/23",Insurance,"Banking, Finance, Insurance & Real Estate",1873055.29,0.0038065525894005973,B+,B+,B+,SP_ISSUER,99.75,BBG_LAST_PRICE,FLT,6.1522,250.0,0.0,0.0365621,250.0,PAR_DM_APPROX_EQ_SPREAD,2031-07-31,5.1663,5.1663,,,0.7,1_MINUS_SP_RECOVERY_RATE,,No,,Yes,US,bloomberg_clo
ARES_2023_68A,,2026-05-31,48354VAM4,CUSIP,Kaman Corporation | Term Loan B (01/25),Aerospace & Defense,Aerospace & Defense,1862537.11,0.0037851768160699654,B+,B+,B+,SP_ISSUER,100.125,BBG_LAST_PRICE,FLT,5.9496,225.0,0.005,0.0365621,225.0,PAR_DM_APPROX_EQ_SPREAD,2032-02-26,5.7413,5.7413,,,0.55,1_MINUS_SP_RECOVERY_RATE,,No,,Yes,US,bloomberg_clo
ARES_2023_68A,,2026-05-31,97246FAM8,CUSIP,Wilsonart LLC | Term Loan B (07/24),Building Products,Construction & Building,1856129.13,0.0037721540756350965,B,B,B,SP_ISSUER,91.063,BBG_LAST_PRICE,FLT,7.9496,425.0,0.0,0.0365621,425.0,PAR_DM_APPROX_EQ_SPREAD,2031-08-05,5.18,5.18,,,0.55,1_MINUS_SP_RECOVERY_RATE,,No,,Yes,US,bloomberg_clo
ARES_2023_68A,,2026-05-31,70230EAD6,CUSIP,"Pasadena Performance Products, LLC | Term Loan (9/25)","Oil, Gas & Consumable Fuels",Energy: Oil & Gas,1844053.96,0.003747614079471421,B+,,B+,SP_ISSUE_FALLBACK,100.5,BBG_LAST_PRICE,FLT,6.9496,325.0,0.0,0.0365621,325.0,PAR_DM_APPROX_EQ_SPREAD,2032-02-27,5.744,5.744,,,0.25,1_MINUS_SP_RECOVERY_RATE,,No,, ,US,bloomberg_clo
ARES_2023_68A,,2026-05-31,09075UAD6,CUSIP,Biomarin Pharmaceutical Inc | Term Loan B (04/26),Health Care Providers & Services,Healthcare & Pharmaceuticals,1843467.56,0.003746422356808272,BB+,BB+,BB+,SP_ISSUER,100.188,BBG_LAST_PRICE,FLT,5.4283,175.0,0.0,0.0365621,175.0,PAR_DM_APPROX_EQ_SPREAD,2033-04-27,6.9076,6.9076,,,0.37,1_MINUS_SP_RECOVERY_RATE,,No,,Yes,US,bloomberg_clo
ARES_2023_68A,,2026-05-31,02403MAR1,CUSIP,"American Auto Auction Group, LLC | Term Loan",Commercial Services & Supplies,Automotive,1837433.36,0.0037341592379577008,B-,B-,B-,SP_ISSUER,100.063,BBG_LAST_PRICE,FLT,8.1996,450.0,0.0,0.0365621,450.0,PAR_DM_APPROX_EQ_SPREAD,2032-05-28,5.9932,5.9932,,,0.7,1_MINUS_SP_RECOVERY_RATE,,No,, ,US,bloomberg_clo
ARES_2023_68A,,2026-05-31,91732NAN3,CUSIP,Usalco LLC | Term Loan,Chemicals,"Chemicals, Plastics & Rubber",1834048.46,0.003727280209917977,B,B,B,SP_ISSUER,99.938,BBG_LAST_PRICE,FLT,7.1543,350.0,0.005,0.0365621,350.0,PAR_DM_APPROX_EQ_SPREAD,2031-09-30,5.3333,5.3333,,,0.7,1_MINUS_SP_RECOVERY_RATE,,No,, ,US,bloomberg_clo
ARES_2023_68A,,2026-05-31,90351NAR6,CUSIP,"USI, Inc. | Term Loan B (12/24)",Insurance,"Banking, Finance, Insurance & Real Estate",1826790.49,0.0037125300609796128,B,B,B,SP_ISSUER,99.938,BBG_LAST_PRICE,FLT,5.9496,225.0,0.0,0.0365621,225.0,PAR_DM_APPROX_EQ_SPREAD,2029-11-22,3.4798,3.4798,,,0.7,1_MINUS_SP_RECOVERY_RATE,,No,,Yes,US,bloomberg_clo
ARES_2023_68A,,2026-05-31,89364MCF9,CUSIP,"Transdigm, Inc. | Term Loan K (9/25)",Aerospace & Defense,Aerospace & Defense,1800327.56,0.003658750263206197,BB-,BB-,BB-,SP_ISSUER,100.188,BBG_LAST_PRICE,FLT,5.9022,225.0,0.0,0.0365621,225.0,PAR_DM_APPROX_EQ_SPREAD,2030-03-22,3.8084,3.8084,,,0.73,1_MINUS_SP_RECOVERY_RATE,,No,,Yes,US,bloomberg_clo
ARES_2023_68A,,2026-05-31,00488PAX3,CUSIP,"Acrisure, LLC | Term Loan  B",Insurance,"Banking, Finance, Insurance & Real Estate",1783397.79,0.003624344412948858,B,B,B,SP_ISSUER,94.063,BBG_LAST_PRICE,FLT,6.9022,325.0,0.0,0.0365621,325.0,PAR_DM_APPROX_EQ_SPREAD,2032-06-21,6.0589,6.0589,,,0.7,1_MINUS_SP_RECOVERY_RATE,,No,,Yes,US,bloomberg_clo
ARES_2023_68A,,2026-05-31,73955HAG9,CUSIP,Prairie Acquiror LP | Term Loan B-5,"Oil, Gas & Consumable Fuels",Energy: Oil & Gas,1755695.56,0.0035680460239468598,B+,B+,B+,SP_ISSUER,100.563,BBG_LAST_PRICE,FLT,6.9022,325.0,0.0,0.0365621,325.0,PAR_DM_APPROX_EQ_SPREAD,2029-08-01,3.1704,3.1704,,,0.98,1_MINUS_SP_RECOVERY_RATE,,No,, ,US,bloomberg_clo
ARES_2023_68A,,2026-05-31,15477BAE7,CUSIP,CDK Global II LLC | Term Loan  B (05/24),Software,High Tech Industries,1748965.11,0.0035543679376607196,B-,B-,B-,SP_ISSUER,51.375,BBG_LAST_PRICE,FLT,6.9496,325.0,0.0,0.0365621,325.0,PAR_DM_APPROX_EQ_SPREAD,2029-07-06,3.0992,3.0992,,,0.7,1_MINUS_SP_RECOVERY_RATE,,No,,Yes,US,bloomberg_clo
ARES_2023_68A,,2026-05-31,12656AAF6,CUSIP,CNT Holdings I Corp | Term Loan (01/25),Specialty Retail,Retail,1744377.67,0.003545045024608473,B,B,B,SP_ISSUER,100.25,BBG_LAST_PRICE,FLT,6.1634,250.0,0.0075,0.0365621,250.0,PAR_DM_APPROX_EQ_SPREAD,2032-11-08,6.4422,6.4422,,,0.65,1_MINUS_SP_RECOVERY_RATE,,No,,Yes,US,bloomberg_clo
ARES_2023_68A,,2026-05-31,89364MCG7,CUSIP,"Transdigm, Inc. | Term Loan N",Aerospace & Defense,Aerospace & Defense,1741203.32,0.0035385938908503427,BB-,BB-,BB-,SP_ISSUER,100.188,BBG_LAST_PRICE,FLT,6.1522,250.0,0.0,0.0365621,250.0,PAR_DM_APPROX_EQ_SPREAD,2033-02-10,6.6995,6.6995,,,0.76,1_MINUS_SP_RECOVERY_RATE,,No,,Yes,US,bloomberg_clo
ARES_2023_68A,,2026-05-31,03960DAJ2,CUSIP,Arcline FM Holdings LLC | Term Loan,Aerospace & Defense,Aerospace & Defense,1739173.69,0.00353446913629917,B,B,B,SP_ISSUER,100.5,BBG_LAST_PRICE,FLT,6.4496,275.0,0.0075,0.0365621,275.0,PAR_DM_APPROX_EQ_SPREAD,2030-06-24,4.0657,4.0657,,,0.73,1_MINUS_SP_RECOVERY_RATE,,No,, ,US,bloomberg_clo
ARES_2023_68A,,2026-05-31,01642PBE5,CUSIP,"AlixPartners, LLP | Term Loan (08/25)",Financial Services,Services: Business,1733118.39,0.0035221631365683253,B+,B+,B+,SP_ISSUER,99.688,BBG_LAST_PRICE,FLT,5.6522,200.0,0.0,0.0365621,200.0,PAR_DM_APPROX_EQ_SPREAD,2032-08-12,6.2012,6.2012,,,0.7,1_MINUS_SP_RECOVERY_RATE,,No,,Yes,US,bloomberg_clo
ARES_2023_68A,,2026-05-31,96758DBL6,CUSIP,"WideOpenWest Finance, LLC | Revolver (11/24)",Media,Media: Broadcasting & Subscription,1727906.98,0.0035115721484988123,B-,B-,B-,SP_ISSUER,95.6592,PROXY_RATING_COHORT_WA,FLT,6.0,600.0,0.0,0.0365621,600.0,PAR_DM_APPROX_EQ_SPREAD,2028-12-11,2.5325,2.5325,,,0.55,1_MINUS_SP_RECOVERY_RATE,,No,, ,US,bloomberg_clo
ARES_2023_68A,,2026-05-31,BBG0210GS632,FIGI,Jupiter Borrower Inc | Term Loan B (3/26),Financial Services,"Banking, Finance, Insurance & Real Estate",1720000.0,0.0034955030365222306,BB,BB,BB,SP_ISSUER,100.188,BBG_LAST_PRICE,FLT,6.4267,275.0,0.0,0.0365621,275.0,PAR_DM_APPROX_EQ_SPREAD,2033-03-26,6.82,6.82,,,0.65,1_MINUS_SP_RECOVERY_RATE,,No,, ,US,bloomberg_clo
ARES_2023_68A,,2026-05-31,03880YAH7,CUSIP,ARC Falcon I Inc. | Term Loan B (4/26),Chemicals,"Chemicals, Plastics & Rubber",1710000.0,0.003475180344449427,B,B,B,SP_ISSUER,92.188,BBG_LAST_PRICE,FLT,8.1493,450.0,0.005,0.0365621,450.0,PAR_DM_APPROX_EQ_SPREAD,2033-03-04,6.7598,6.7598,,,0.65,1_MINUS_SP_RECOVERY_RATE,,No,, ,US,bloomberg_clo
ARES_2023_68A,,2026-05-31,68277FAN9,CUSIP,OneDigital Borrower LLC | Term Loan B (01/25),Insurance,"Banking, Finance, Insurance & Real Estate",1705936.4,0.0034669220152987222,B,B,B,SP_ISSUER,98.188,BBG_LAST_PRICE,FLT,6.6522,300.0,0.005,0.0365621,300.0,PAR_DM_APPROX_EQ_SPREAD,2031-07-02,5.0869,5.0869,,,0.7,1_MINUS_SP_RECOVERY_RATE,,No,, ,US,bloomberg_clo
ARES_2023_68A,,2026-05-31,00162DAE5,CUSIP,"AL GCX Holdings, LLC | Term Loan B","Oil, Gas & Consumable Fuels",Energy: Oil & Gas,1705725.0,0.0034664923935883033,B+,B+,B+,SP_ISSUER,100.313,BBG_LAST_PRICE,FLT,5.911,225.0,0.005,0.0365621,225.0,PAR_DM_APPROX_EQ_SPREAD,2032-12-17,6.5489,6.5489,,,0.6,1_MINUS_SP_RECOVERY_RATE,,No,, ,US,bloomberg_clo
ARES_2023_68A,,2026-05-31,01862LBA5,CUSIP,"Alliance Laundry Systems, LLC | Term Loan (1/25)",Machinery,Capital Equipment,1657318.81,0.0033681179842095406,B+,B+,B+,SP_ISSUER,100.375,BBG_LAST_PRICE,FLT,5.9134,225.0,0.0,0.0365621,225.0,PAR_DM_APPROX_EQ_SPREAD,2031-08-19,5.2183,5.2183,,,0.45,1_MINUS_SP_RECOVERY_RATE,,No,,Yes,US,bloomberg_clo
ARES_2023_68A,,2026-05-31,G3577PAD6,CUSIP,"Flexsys Cayman Holdings, LP | Second-Out Term Loan (05/25)",Chemicals,"Chemicals, Plastics & Rubber",1656099.22,0.0033656394490070335,CCC+,CCC+,CCC+,SP_ISSUER,11.0,BBG_LAST_PRICE,FLT,9.1715,525.0,0.0075,0.0365621,525.0,PAR_DM_APPROX_EQ_SPREAD,2029-08-01,3.1704,3.1704,,,0.9,1_MINUS_SP_RECOVERY_RATE,,No,, ,US,bloomberg_clo
ARES_2023_68A,,2026-05-31,50179JAH1,CUSIP,LBM Acquisition LLC | Term Loan B (05/24),Construction & Engineering,Construction & Building,1652729.24,0.0033587907424238827,B-,B-,B-,SP_ISSUER,82.0,BBG_LAST_PRICE,FLT,7.5023,375.0,0.0075,0.0365621,375.0,PAR_DM_APPROX_EQ_SPREAD,2031-06-06,5.0157,5.0157,,,0.8,1_MINUS_SP_RECOVERY_RATE,,No,,Yes,US,bloomberg_clo
ARES_2023_68A,,2026-05-31,43289DAK9,CUSIP,Hilton Worldwide Finance LLC | Term Loan B 4,"Hotels, Restaurants & Leisure","Hotel, Gaming & Leisure",1638539.32,0.003329953004954111,BB+,BB+,BB+,SP_ISSUER,100.5,BBG_LAST_PRICE,FLT,5.4043,175.0,0.0,0.0365621,175.0,PAR_DM_APPROX_EQ_SPREAD,2030-11-08,4.4408,4.4408,,,0.3,1_MINUS_SP_RECOVERY_RATE,,No,,Yes,US,bloomberg_clo
ARES_2023_68A,,2026-05-31,68371YAP8,CUSIP,Open Text Corporation | Term Loan B (08/23),Professional Services,Services: Business,1634106.23,0.0033209437726540083,BB+,BB+,BB+,SP_ISSUER,98.438,BBG_LAST_PRICE,FLT,5.4022,175.0,0.005,0.0365621,175.0,PAR_DM_APPROX_EQ_SPREAD,2030-01-31,3.6715,3.6715,,,0.37,1_MINUS_SP_RECOVERY_RATE,,No,, ,US,bloomberg_clo
ARES_2023_68A,,2026-05-31,91301QAP2,CUSIP,United Talent Agency LLC | Term Loan  B,Media,Media: Diversified & Production,1618840.48,0.003289919659002968,B+,B+,B+,SP_ISSUER,100.563,BBG_LAST_PRICE,FLT,6.668,300.0,0.0,0.0365621,300.0,PAR_DM_APPROX_EQ_SPREAD,2032-06-10,6.0287,6.0287,,,0.6,1_MINUS_SP_RECOVERY_RATE,,No,,Yes,US,bloomberg_clo
ARES_2023_68A,,2026-05-31,45323KAG5,CUSIP,"Imprivata, Inc | Term Loan",Software,High Tech Industries,1615785.97,0.003283712072386638,B,B,B,SP_ISSUER,99.625,BBG_LAST_PRICE,FLT,6.6996,300.0,0.0,0.0365621,300.0,PAR_DM_APPROX_EQ_SPREAD,2027-12-01,1.5031,1.5031,,,0.65,1_MINUS_SP_RECOVERY_RATE,,No,, ,US,bloomberg_clo
ARES_2023_68A,,2026-05-31,89776TAB7,CUSIP,Turquoise Topco Limited | Term Loan B,"Hotels, Restaurants & Leisure","Hotel, Gaming & Leisure",1607369.07,0.0032666066656958804,B-,,B-,SP_ISSUE_FALLBACK,97.75,BBG_LAST_PRICE,FLT,6.9507,325.0,0.0,0.0365621,325.0,PAR_DM_APPROX_EQ_SPREAD,2032-12-30,6.5845,6.5845,,,0.5,1_MINUS_SP_RECOVERY_RATE,,No,, ,US,bloomberg_clo
ARES_2023_68A,,2026-05-31,60672HAC7,CUSIP,"Mitnick Corporate Purchase, Inc | Term Loan 4/22",,High Tech Industries,1594007.86,0.003239453090040874,CCC+,CCC+,CCC+,SP_ISSUER,36.438,BBG_LAST_PRICE,FLT,8.5134,475.0,0.005,0.0365621,475.0,PAR_DM_APPROX_EQ_SPREAD,2029-05-02,2.9213,2.9213,,,0.7,1_MINUS_SP_RECOVERY_RATE,,No,, ,US,bloomberg_clo
ARES_2023_68A,,2026-05-31,45115DAC2,CUSIP,Icon Parent I Inc. | Instructure/Icon Parent 8/25 TL,,High Tech Industries,1581932.04,0.0032149117729022136,B-,B-,B-,SP_ISSUER,94.5,BBG_LAST_PRICE,FLT,6.4374,275.0,0.0,0.0365621,275.0,PAR_DM_APPROX_EQ_SPREAD,2031-11-13,5.4538,5.4538,,,0.65,1_MINUS_SP_RECOVERY_RATE,,No,,Yes,US,bloomberg_clo
ARES_2023_68A,,2026-05-31,G9368PBH6,CUSIP,Virgin Media Bristol LLC | Term Loan Y,Media,Media: Broadcasting & Subscription,1557340.35,0.003164934838560229,B+,B+,B+,SP_ISSUER,88.688,BBG_LAST_PRICE,FLT,6.9666,317.5,0.0,0.0365621,317.5,PAR_DM_APPROX_EQ_SPREAD,2031-03-31,4.8323,4.8323,,,0.55,1_MINUS_SP_RECOVERY_RATE,,No,,Yes,GB,bloomberg_clo
ARES_2023_68A,,2026-05-31,56589PAJ4,CUSIP,"Maravai Intermediate Holdings, LLC | Term Loan B (01/22)",Life Sciences Tools & Services,Healthcare & Pharmaceuticals,1547461.46,0.003144858274611119,B-,B-,B-,SP_ISSUER,99.25,BBG_LAST_PRICE,FLT,6.6721,300.0,0.005,0.0365621,300.0,PAR_DM_APPROX_EQ_SPREAD,2027-10-19,1.3854,1.3854,,,0.65,1_MINUS_SP_RECOVERY_RATE,,No,,Yes,US,bloomberg_clo
ARES_2023_68A,,2026-05-31,27943UAN6,CUSIP,"The Edelman Financial Engines Centre, LLC | Term Loan B (04/26)",Capital Markets,"Banking, Finance, Insurance & Real Estate",1540000.0,0.0031296945792117646,B,B,B,SP_ISSUER,100.5,BBG_LAST_PRICE,FLT,7.6522,400.0,0.0,0.0365621,400.0,PAR_DM_APPROX_EQ_SPREAD,2031-11-28,5.4949,5.4949,,,0.7,1_MINUS_SP_RECOVERY_RATE,,No,, ,US,bloomberg_clo
ARES_2023_68A,,2026-05-31,87821RAB0,CUSIP,"Team Services Group, LLC | Team Services 1/26 Cov-Lite TLB",Health Care Providers & Services,Healthcare & Pharmaceuticals,1540000.0,0.0031296945792117646,B-,B-,B-,SP_ISSUER,97.813,BBG_LAST_PRICE,FLT,8.9496,525.0,0.0,0.0365621,525.0,PAR_DM_APPROX_EQ_SPREAD,2033-03-31,6.8337,6.8337,,,0.65,1_MINUS_SP_RECOVERY_RATE,,No,, ,US,bloomberg_clo
ARES_2023_68A,,2026-05-31,00216EAL3,CUSIP,"Trident TPI Holdings, Inc. | Term Loan B6 (10/24)",Containers & Packaging,"Containers, Packaging & Glass",1538398.9,0.0031264407129839877,B-,B-,B-,SP_ISSUER,96.25,BBG_LAST_PRICE,FLT,7.4496,375.0,0.005,0.0365621,375.0,PAR_DM_APPROX_EQ_SPREAD,2028-09-15,2.2943,2.2943,,,0.6,1_MINUS_SP_RECOVERY_RATE,,No,,Yes,US,bloomberg_clo
ARES_2023_68A,,2026-05-31,92227QAG1,CUSIP,"Varsity Brands, Inc. | Term Loan 2025-2",Household Durables,Consumer Goods: Durable,1530010.19,0.003109392595962183,B,B,B,SP_ISSUER,100.313,BBG_LAST_PRICE,FLT,6.4496,275.0,0.0,0.0365621,275.0,PAR_DM_APPROX_EQ_SPREAD,2031-08-26,5.2375,5.2375,,,0.7,1_MINUS_SP_RECOVERY_RATE,,No,,Yes,US,bloomberg_clo
ARES_2023_68A,,2026-05-31,48205CAC9,CUSIP,"ArchKey Holdings, Inc. | Term Loan B",Professional Services,Services: Business,1529271.72,0.003107891826120683,B,B,B,SP_ISSUER,100.625,BBG_LAST_PRICE,FLT,7.6996,400.0,0.0,0.0365621,400.0,PAR_DM_APPROX_EQ_SPREAD,2031-11-03,5.4264,5.4264,,,0.7,1_MINUS_SP_RECOVERY_RATE,,No,, ,US,bloomberg_clo
ARES_2023_68A,,2026-05-31,1261MAAE0,CUSIP,"CPI Holdco B, LLC | 2025 Refinancing 1st Amend Inc TL, 4th Amend Inc",Financial Services,"Banking, Finance, Insurance & Real Estate",1529063.54,0.0031074687483171114,BB-,BB-,BB-,SP_ISSUER,99.938,BBG_LAST_PRICE,FLT,5.6522,200.0,0.0,0.0365621,200.0,PAR_DM_APPROX_EQ_SPREAD,2031-05-19,4.9665,4.9665,,,0.73,1_MINUS_SP_RECOVERY_RATE,,No,, ,US,bloomberg_clo
ARES_2023_68A,,2026-05-31,04649VBF6,CUSIP,"Asurion, LLC | Term Loan B",Insurance,"Banking, Finance, Insurance & Real Estate",1513083.85,0.0030749937163882255,B+,B+,B+,SP_ISSUER,97.063,BBG_LAST_PRICE,FLT,7.4134,375.0,0.0,0.0365621,375.0,PAR_DM_APPROX_EQ_SPREAD,2033-02-23,6.7351,6.7351,,,0.5,1_MINUS_SP_RECOVERY_RATE,,No,,Yes,US,bloomberg_clo
ARES_2023_68A,,2026-05-31,12867PAB7,CUSIP,"Venture Global Calcasieu Pass, LLC | Term Loan B (3/26)","Oil, Gas & Consumable Fuels",Energy: Oil & Gas,1500000.0,0.00304840381092055,BB-,BB-,BB-,SP_ISSUER,100.438,BBG_LAST_PRICE,FLT,6.954,325.0,0.0,0.0365621,325.0,PAR_DM_APPROX_EQ_SPREAD,2033-04-11,6.8638,6.8638,,,0.45,1_MINUS_SP_RECOVERY_RATE,,No,, ,US,bloomberg_clo
ARES_2023_68A,,2026-05-31,70451NAB2,CUSIP,Paysafe Holdings (US) Corp | Term Loan B-1,Diversified Consumer Services,Services: Consumer,1476488.94,0.0030006230076520288,B,B,B,SP_ISSUER,95.875,BBG_LAST_PRICE,FLT,6.5167,275.0,0.005,0.0365621,275.0,PAR_DM_APPROX_EQ_SPREAD,2028-06-28,2.078,2.078,,,0.6,1_MINUS_SP_RECOVERY_RATE,,No,,Yes,US,bloomberg_clo
ARES_2023_68A,,2026-05-31,70289FAD3,CUSIP,Patagonia Holdco LLC | Term Loan B,Wireless Telecommunication Services,Telecommunications,1451761.19,0.002950369562761702,B-,B-,B-,SP_ISSUER,79.125,BBG_LAST_PRICE,FLT,9.4099,575.0,0.005,0.0365621,575.0,PAR_DM_APPROX_EQ_SPREAD,2029-08-01,3.1704,3.1704,,,0.59,1_MINUS_SP_RECOVERY_RATE,,No,,Yes,US,bloomberg_clo
ARES_2023_68A,,2026-05-31,62955EAJ3,CUSIP,"OVG Business Services, LLC | Term Loan B (06/24)",Mortgage Real Estate Investment Trusts (REITs),"Banking, Finance, Insurance & Real Estate",1448067.12,0.002942862218051164,B,B,B,SP_ISSUER,100.313,BBG_LAST_PRICE,FLT,6.6522,300.0,0.0,0.0365621,300.0,PAR_DM_APPROX_EQ_SPREAD,2031-06-25,5.0678,5.0678,,,0.55,1_MINUS_SP_RECOVERY_RATE,,No,, ,US,bloomberg_clo
ARES_2023_68A,,2026-05-31,23358EAK5,CUSIP,"DTI Holdco, Inc. | Term Loan B (02/25)",Professional Services,Services: Business,1446297.32,0.002939265508008119,B-,B-,B-,SP_ISSUER,90.75,BBG_LAST_PRICE,FLT,7.6522,400.0,0.0075,0.0365621,400.0,PAR_DM_APPROX_EQ_SPREAD,2029-04-26,2.9049,2.9049,,,0.7,1_MINUS_SP_RECOVERY_RATE,,No,,Yes,US,bloomberg_clo
ARES_2023_68A,,2026-05-31,39306DAB6,CUSIP,Green Infrastructure Partners Inc. | Term Loan B (09/25),Construction & Engineering,Services: Business,1441403.98,0.0029293209238053656,B,B,B,SP_ISSUER,100.25,BBG_LAST_PRICE,FLT,6.4496,275.0,0.0,0.0365621,275.0,PAR_DM_APPROX_EQ_SPREAD,2032-09-24,6.319,6.319,,,0.73,1_MINUS_SP_RECOVERY_RATE,,No,,Yes,US,bloomberg_clo
ARES_2023_68A,,2026-05-31,76118EAL2,CUSIP,"Resonetics, LLC | Term Loan B",Professional Services,Services: Business,1425247.36,0.0028964863224856356,B-,B-,B-,SP_ISSUER,100.063,BBG_LAST_PRICE,FLT,6.4189,275.0,0.0075,0.0365621,275.0,PAR_DM_APPROX_EQ_SPREAD,2031-06-18,5.0486,5.0486,,,0.7,1_MINUS_SP_RECOVERY_RATE,,No,,Yes,US,bloomberg_clo
ARES_2023_68A,,2026-05-31,45763FAV0,CUSIP,"Inmar, Inc. | Term Loan B (06/25)",Health Care Technology,Healthcare & Pharmaceuticals,1369174.72,0.002782531622842718,B-,B-,B-,SP_ISSUER,90.375,BBG_LAST_PRICE,FLT,8.1634,450.0,0.005,0.0365621,450.0,PAR_DM_APPROX_EQ_SPREAD,2031-10-30,5.4155,5.4155,,,0.6,1_MINUS_SP_RECOVERY_RATE,,No,, ,US,bloomberg_clo
ARES_2023_68A,,2026-05-31,74045BAG2,CUSIP,Pregis Topco LLC | Term Loan (05/25),Containers & Packaging,"Containers, Packaging & Glass",1352025.22,0.002747679222072463,B-,B-,B-,SP_ISSUER,100.625,BBG_LAST_PRICE,FLT,7.6522,400.0,0.0,0.0365621,400.0,PAR_DM_APPROX_EQ_SPREAD,2029-02-01,2.6749,2.6749,,,0.65,1_MINUS_SP_RECOVERY_RATE,,No,, ,US,bloomberg_clo
ARES_2023_68A,,2026-05-31,G3577PAC8,CUSIP,"Flexsys Cayman Holdings, LP | First-Out Term Loan (05/25)",Chemicals,"Chemicals, Plastics & Rubber",1347242.55,0.00273795954910288,CCC+,CCC+,CCC+,SP_ISSUER,11.0,BBG_LAST_PRICE,FLT,9.9099,625.0,0.01,0.0365621,625.0,PAR_DM_APPROX_EQ_SPREAD,2029-08-01,3.1704,3.1704,,,0.3,1_MINUS_SP_RECOVERY_RATE,,No,, ,US,bloomberg_clo
ARES_2023_68A,,2026-05-31,23343FAG9,CUSIP,WCG Intermediate Corp. | Term Loan  B,Diversified Consumer Services,Services: Consumer,1331382.13,0.0027057269059223457,B-,B-,B-,SP_ISSUER,99.313,BBG_LAST_PRICE,FLT,6.4022,275.0,0.0,0.0365621,275.0,PAR_DM_APPROX_EQ_SPREAD,2032-02-25,5.7385,5.7385,,,0.7,1_MINUS_SP_RECOVERY_RATE,,No,,Yes,US,bloomberg_clo
ARES_2023_68A,,2026-05-31,41043BAH1,CUSIP,"Hanger, Inc. | Term Loan B (10/24)",Health Care Providers & Services,Healthcare & Pharmaceuticals,1324097.57,0.00269092271894576,B,B,B,SP_ISSUER,100.5,BBG_LAST_PRICE,FLT,7.1522,350.0,0.0,0.0365621,350.0,PAR_DM_APPROX_EQ_SPREAD,2031-10-23,5.3963,5.3963,,,0.7,1_MINUS_SP_RECOVERY_RATE,,No,,Yes,US,bloomberg_clo
ARES_2023_68A,,2026-05-31,L6526BAG9,CUSIP,"Motion Finco, LLC | Term Loan (02/24)","Hotels, Restaurants & Leisure","Hotel, Gaming & Leisure",1320327.82,0.002683261572101615,CCC+,CCC+,CCC+,SP_ISSUER,80.938,BBG_LAST_PRICE,FLT,7.1996,350.0,0.0,0.0365621,350.0,PAR_DM_APPROX_EQ_SPREAD,2029-11-12,3.4524,3.4524,,,0.5,1_MINUS_SP_RECOVERY_RATE,,No,, ,US,bloomberg_clo
ARES_2023_68A,,2026-05-31,89435TAH7,CUSIP,Traverse Midstream Partners LLC | Term Loan B (04/26),"Oil, Gas & Consumable Fuels",Energy: Oil & Gas,1320000.0,0.002682595353610084,BB-,BB-,BB-,SP_ISSUER,100.125,BBG_LAST_PRICE,FLT,5.9047,225.0,0.0,0.0365621,225.0,PAR_DM_APPROX_EQ_SPREAD,2033-04-21,6.8912,6.8912,,,0.65,1_MINUS_SP_RECOVERY_RATE,,No,, ,US,bloomberg_clo
ARES_2023_68A,,2026-05-31,C6902LAE6,CUSIP,Plusgrade Inc. | Term Loan B (03/25),Media,Services: Business,1311657.14,0.0026656404161314326,B,B,B,SP_ISSUER,98.563,BBG_LAST_PRICE,FLT,7.1634,350.0,0.0,0.0365621,350.0,PAR_DM_APPROX_EQ_SPREAD,2031-03-03,4.7556,4.7556,,,0.55,1_MINUS_SP_RECOVERY_RATE,,No,,Yes,CA,bloomberg_clo
ARES_2023_68A,,2026-05-31,46583DAH2,CUSIP,"Ivanti Software, Inc. | Term Loan",Software,High Tech Industries,1302486.15,0.0026470024955541566,CCC+,CCC+,CCC+,SP_ISSUER,38.491,BBG_LAST_PRICE,FLT,8.4108,475.0,0.0,0.0365621,475.0,PAR_DM_APPROX_EQ_SPREAD,2029-06-01,3.0034,3.0034,,,0.73,1_MINUS_SP_RECOVERY_RATE,,No,, ,US,bloomberg_clo
ARES_2023_68A,,2026-05-31,12531JAB7,CUSIP,CFC Bidco 2022 Limited | Term Loan (7/25),Insurance,"Banking, Finance, Insurance & Real Estate",1300771.81,0.0026435184951613478,B-,B-,B-,SP_ISSUER,95.563,BBG_LAST_PRICE,FLT,7.1822,350.0,0.0,0.0365621,350.0,PAR_DM_APPROX_EQ_SPREAD,2032-07-01,6.0862,6.0862,,,0.7,1_MINUS_SP_RECOVERY_RATE,,No,, ,US,bloomberg_clo
ARES_2023_68A,,2026-05-31,72349UAB8,CUSIP,"PINNACLE BUYER, LLC | Term Loan",Commercial Services & Supplies,Capital Equipment,1263466.69,0.0025677044485114485,B,B,B,SP_ISSUER,100.313,BBG_LAST_PRICE,FLT,6.1822,250.0,0.0,0.0365621,250.0,PAR_DM_APPROX_EQ_SPREAD,2032-10-01,6.3381,6.3381,,,0.55,1_MINUS_SP_RECOVERY_RATE,,No,,Yes,US,bloomberg_clo
ARES_2023_68A,,2026-05-31,83600VAH4,CUSIP,"Sotera Health Holdings, LLC | Term Loan B",Life Sciences Tools & Services,Healthcare & Pharmaceuticals,1253355.77,0.002547156337138174,BB-,BB-,BB-,SP_ISSUER,100.25,BBG_LAST_PRICE,FLT,6.1522,250.0,0.0,0.0365621,250.0,PAR_DM_APPROX_EQ_SPREAD,2031-05-30,4.9966,4.9966,,,0.65,1_MINUS_SP_RECOVERY_RATE,,No,,Yes,US,bloomberg_clo
ARES_2023_68A,,2026-05-31,91834WAG5,CUSIP,"VS Buyer, LLC | Cov Lite TLB",Software,High Tech Industries,1241744.57,0.0025235592529186,B+,B+,B+,SP_ISSUER,96.813,BBG_LAST_PRICE,FLT,5.9134,225.0,0.0,0.0365621,225.0,PAR_DM_APPROX_EQ_SPREAD,2031-04-14,4.8706,4.8706,,,0.7,1_MINUS_SP_RECOVERY_RATE,,No,,Yes,US,bloomberg_clo
ARES_2023_68A,,2026-05-31,81989LAG3,CUSIP,"Sharp Services, LLC | Term Loan  B",Health Care Equipment & Supplies,Healthcare & Pharmaceuticals,1239192.68,0.002518373125451233,B-,B-,B-,SP_ISSUER,100.438,BBG_LAST_PRICE,FLT,6.6996,300.0,0.0,0.0365621,300.0,PAR_DM_APPROX_EQ_SPREAD,2032-09-29,6.3326,6.3326,,,0.7,1_MINUS_SP_RECOVERY_RATE,,No,,Yes,US,bloomberg_clo
ARES_2023_68A,,2026-05-31,74840YAF1,CUSIP,QuidelOrtho Corp | Term Loan A (11/25),Health Care Providers & Services,Healthcare & Pharmaceuticals,1229220.29,0.0024981065443312423,B+,B+,B+,SP_ISSUER,95.563,BBG_LAST_PRICE,FLT,5.9022,225.0,0.0,0.0365621,225.0,PAR_DM_APPROX_EQ_SPREAD,2030-08-21,4.2245,4.2245,,,0.6,1_MINUS_SP_RECOVERY_RATE,,No,, ,US,bloomberg_clo
ARES_2023_68A,,2026-05-31,96758DBK8,CUSIP,"WideOpenWest Finance, LLC | Second Out Term Loan",Media,Media: Broadcasting & Subscription,1223901.84,0.0024872980221657824,B-,B-,B-,SP_ISSUER,91.625,BBG_LAST_PRICE,FLT,6.9306,300.0,0.015,0.0365621,300.0,PAR_DM_APPROX_EQ_SPREAD,2028-12-11,2.5325,2.5325,,,0.55,1_MINUS_SP_RECOVERY_RATE,,No,,Yes,US,bloomberg_clo
ARES_2023_68A,,2026-05-31,26875YAC6,CUSIP,"EOC Borrower, LLC | Term Loan A (03/25)",Media,Media: Diversified & Production,1219806.83,0.002478975859439277,B+,B+,B+,SP_ISSUER,100.25,BBG_LAST_PRICE,FLT,7.4022,375.0,0.0,0.0365621,375.0,PAR_DM_APPROX_EQ_SPREAD,2028-03-24,1.8152,1.8152,,,0.7,1_MINUS_SP_RECOVERY_RATE,,No,, ,US,bloomberg_clo
ARES_2023_68A,,2026-05-31,45567YAP0,CUSIP,"MH Sub I, LLC | Term Loan B4",Diversified Consumer Services,Services: Consumer,1216447.58,0.0024721489591047205,B,B,B,SP_ISSUER,85.819,BBG_LAST_PRICE,FLT,7.9022,425.0,0.005,0.0365621,425.0,PAR_DM_APPROX_EQ_SPREAD,2031-12-31,5.5852,5.5852,,,0.6,1_MINUS_SP_RECOVERY_RATE,,No,,Yes,US,bloomberg_clo
ARES_2023_68A,,2026-05-31,BBG020KYQRZ4,FIGI,TK Elevator Midco GMBH | Term Loan B,Construction & Engineering,Construction & Building,1210000.0,0.002459045740809244,B,B,B,SP_ISSUER,100.75,BBG_LAST_PRICE,FLT,6.48,275.0,0.005,0.0365621,275.0,PAR_DM_APPROX_EQ_SPREAD,2030-04-30,3.9151,3.9151,,,0.6,1_MINUS_SP_RECOVERY_RATE,,No,,Yes,US,bloomberg_clo
ARES_2023_68A,,2026-05-31,26875YAB8,CUSIP,"EOC Borrower, LLC | Term Loan B (01/25)",Media,Media: Diversified & Production,1209734.67,0.002458506518820476,B+,B+,B+,SP_ISSUER,100.313,BBG_LAST_PRICE,FLT,6.4022,275.0,0.0,0.0365621,275.0,PAR_DM_APPROX_EQ_SPREAD,2032-03-24,5.8152,5.8152,,,0.7,1_MINUS_SP_RECOVERY_RATE,,No,,Yes,US,bloomberg_clo
ARES_2023_68A,,2026-05-31,389376AZ7,CUSIP,"Gray Television, Inc. | Term Loan D",Media,Media: Broadcasting & Subscription,1209221.26,0.0024574631314867664,B-,B-,B-,SP_ISSUER,100.188,BBG_LAST_PRICE,FLT,6.7638,300.0,0.0,0.0365621,300.0,PAR_DM_APPROX_EQ_SPREAD,2028-12-01,2.5051,2.5051,,,0.35,1_MINUS_SP_RECOVERY_RATE,,No,,Yes,US,bloomberg_clo
ARES_2023_68A,,2026-05-31,05550HAT2,CUSIP,"BCPE Empire Holdings, Inc. | Imperial Bag & Paper/Imperial Dade 3/26 10th Amendment Term Loan",Containers & Packaging,"Containers, Packaging & Glass",1185023.75,0.0024082872770209074,B,B,B,SP_ISSUER,99.75,BBG_LAST_PRICE,FLT,7.1522,350.0,0.005,0.0365621,350.0,PAR_DM_APPROX_EQ_SPREAD,2032-12-29,6.5818,6.5818,,,0.7,1_MINUS_SP_RECOVERY_RATE,,No,, ,US,bloomberg_clo
ARES_2023_68A,,2026-05-31,26844HAM9,CUSIP,EFS Cogen Holdings I LLC | Term Loan B (7/25),Electric Utilities,Utilities: Electric,1183014.28,0.002404203493016954,B+,,B+,SP_ISSUE_FALLBACK,100.625,BBG_LAST_PRICE,FLT,6.6996,300.0,0.0,0.0365621,300.0,PAR_DM_APPROX_EQ_SPREAD,2031-10-03,5.3415,5.3415,,,0.35,1_MINUS_SP_RECOVERY_RATE,,No,, ,US,bloomberg_clo
ARES_2023_68A,,2026-05-31,89364MCE2,CUSIP,"Transdigm, Inc. | Term Loan M (08/25)",Aerospace & Defense,Aerospace & Defense,1175590.1,0.0023891155606136473,BB-,BB-,BB-,SP_ISSUER,100.25,BBG_LAST_PRICE,FLT,6.1522,250.0,0.0,0.0365621,250.0,PAR_DM_APPROX_EQ_SPREAD,2032-08-19,6.2204,6.2204,,,0.73,1_MINUS_SP_RECOVERY_RATE,,No,,Yes,US,bloomberg_clo
ARES_2023_68A,,2026-05-31,29359BAH4,CUSIP,"Ensemble RCM, LLC | Term Loan (1/26)",Health Care Providers & Services,Healthcare & Pharmaceuticals,1150739.46,0.0023386123701604374,B,B,B,SP_ISSUER,99.938,BBG_LAST_PRICE,FLT,6.6634,300.0,0.0,0.0365621,300.0,PAR_DM_APPROX_EQ_SPREAD,2033-02-09,6.6968,6.6968,,,0.7,1_MINUS_SP_RECOVERY_RATE,,No,,Yes,US,bloomberg_clo
ARES_2023_68A,,2026-05-31,03852JBC4,CUSIP,"Aramark Services, Inc. | Term Loan B-10 (12/25)",Commercial Services & Supplies,Services: Consumer,1125498.53,0.002287316005358318,BB,BB,BB,SP_ISSUER,100.625,BBG_LAST_PRICE,FLT,5.4022,175.0,0.0,0.0365621,175.0,PAR_DM_APPROX_EQ_SPREAD,2030-06-22,4.0602,4.0602,,,0.3,1_MINUS_SP_RECOVERY_RATE,,No,,Yes,US,bloomberg_clo
ARES_2023_68A,,2026-05-31,52729KAU0,CUSIP,Level 3 Financing Inc | Term Loan (9/25),Diversified Telecommunication Services,Telecommunications,1124733.73,0.00228576172586859,B-,B-,B-,SP_ISSUER,100.5,BBG_LAST_PRICE,FLT,6.9022,325.0,0.0,0.0365621,325.0,PAR_DM_APPROX_EQ_SPREAD,2032-03-29,5.8289,5.8289,,,0.3,1_MINUS_SP_RECOVERY_RATE,,No,,Yes,US,bloomberg_clo
ARES_2023_68A,,2026-05-31,22164MAF4,CUSIP,"Cotiviti, Inc. | Term Loan (3/25)",Health Care Technology,Healthcare & Pharmaceuticals,1123230.89,0.0022827075504131206,B,B,B,SP_ISSUER,93.636,BBG_LAST_PRICE,FLT,6.3993,275.0,0.0,0.0365621,275.0,PAR_DM_APPROX_EQ_SPREAD,2032-03-26,5.8207,5.8207,,,0.6,1_MINUS_SP_RECOVERY_RATE,,No,,Yes,US,bloomberg_clo
ARES_2023_68A,,2026-05-31,816194AZ7,CUSIP,Select Medical Corporation | Term Loan,Health Care Providers & Services,Healthcare & Pharmaceuticals,1120000.0,0.002276141512154011,B+,B+,B+,SP_ISSUER,100.5,BBG_LAST_PRICE,FLT,6.6725,300.0,0.0,0.0365621,300.0,PAR_DM_APPROX_EQ_SPREAD,2031-12-03,5.5086,5.5086,,,0.55,1_MINUS_SP_RECOVERY_RATE,,No,, ,US,bloomberg_clo
ARES_2023_68A,,2026-05-31,05549DAN8,CUSIP,Aveanna Healthcare LLC | Term Loan B,Health Care Providers & Services,Healthcare & Pharmaceuticals,1104450.0,0.002244539725980801,B-,B-,B-,SP_ISSUER,100.563,BBG_LAST_PRICE,FLT,7.4022,375.0,0.0,0.0365621,375.0,PAR_DM_APPROX_EQ_SPREAD,2032-09-10,6.2806,6.2806,,,0.7,1_MINUS_SP_RECOVERY_RATE,,No,, ,US,bloomberg_clo
ARES_2023_68A,,2026-05-31,26825UAN1,CUSIP,"ECi Macola/MAX Holding, LLC | Term Loan",Software,High Tech Industries,1101390.62,0.0022383222422134317,B-,B-,B-,SP_ISSUER,97.125,BBG_LAST_PRICE,FLT,6.4496,275.0,0.0075,0.0365621,275.0,PAR_DM_APPROX_EQ_SPREAD,2030-05-09,3.9398,3.9398,,,0.6,1_MINUS_SP_RECOVERY_RATE,,No,,Yes,US,bloomberg_clo
ARES_2023_68A,,2026-05-31,45337UAL6,CUSIP,"Indeck Niles, LLC | Indeck 2/26 TL",Machinery,Capital Equipment,1100000.0,0.0022354961280084034,B+,,B+,SP_ISSUE_FALLBACK,100.125,BBG_LAST_PRICE,FLT,6.4194,275.0,0.0,0.0365621,275.0,PAR_DM_APPROX_EQ_SPREAD,2033-03-09,6.7734,6.7734,,,0.25,1_MINUS_SP_RECOVERY_RATE,,No,, ,US,bloomberg_clo
ARES_2023_68A,,2026-05-31,08167PAB2,CUSIP,BENDING SPOONS US INC. | Term Loan B (2/25),Software,High Tech Industries,1099999.25,0.002235494603806498,B+,B+,B+,SP_ISSUER,98.438,BBG_LAST_PRICE,FLT,9.536,587.5,0.0,0.0365621,587.5,PAR_DM_APPROX_EQ_SPREAD,2031-03-07,4.7666,4.7666,,,0.55,1_MINUS_SP_RECOVERY_RATE,,No,, ,US,bloomberg_clo
ARES_2023_68A,,2026-05-31,55822DAN1,CUSIP,Madison Safety & Flow LLC | Term Loan B (09/25),Construction Materials,Construction & Building,1098434.57,0.002232314752823251,B,B,B,SP_ISSUER,100.188,BBG_LAST_PRICE,FLT,6.1543,250.0,0.0,0.0365621,250.0,PAR_DM_APPROX_EQ_SPREAD,2031-09-26,5.3224,5.3224,,,0.65,1_MINUS_SP_RECOVERY_RATE,,No,, ,US,bloomberg_clo
ARES_2023_68A,,2026-05-31,10801XAL1,CUSIP,"Brightview Landscapes, LLC | Term Loan B (1/25)",Professional Services,Services: Business,1096263.85,0.002227903265409623,B,B,B,SP_ISSUER,100.0,BBG_LAST_PRICE,FLT,5.6634,200.0,0.005,0.0365621,200.0,PAR_DM_APPROX_EQ_SPREAD,2029-04-20,2.8884,2.8884,,,0.45,1_MINUS_SP_RECOVERY_RATE,,No,, ,US,bloomberg_clo
ARES_2023_68A,,2026-05-31,03836BAH2,CUSIP,"Ascensus Group Holdings, Inc. | Term Loan",Financial Services,Services: Consumer,1090777.89,0.002216754317829251,B-,B-,B-,SP_ISSUER,98.75,BBG_LAST_PRICE,FLT,6.6522,300.0,0.005,0.0365621,300.0,PAR_DM_APPROX_EQ_SPREAD,2032-11-24,6.486,6.486,,,0.7,1_MINUS_SP_RECOVERY_RATE,,No,,Yes,US,bloomberg_clo
ARES_2023_68A,,2026-05-31,15651FAE6,CUSIP,Century De Buyer LLC | Term Loan B (07/25),Media,"Media: Advertising, Printing & Publishing",1088171.95,0.0022114583462112306,B,B,B,SP_ISSUER,99.25,BBG_LAST_PRICE,FLT,6.6634,300.0,0.0,0.0365621,300.0,PAR_DM_APPROX_EQ_SPREAD,2030-10-30,4.4162,4.4162,,,0.6,1_MINUS_SP_RECOVERY_RATE,,No,, ,US,bloomberg_clo
ARES_2023_68A,,2026-05-31,01451PAE6,CUSIP,"Alera Group, Inc. | TL B",Insurance,"Banking, Finance, Insurance & Real Estate",1083216.91,0.002201388370998388,B,B,B,SP_ISSUER,95.625,BBG_LAST_PRICE,FLT,6.4022,275.0,0.0,0.0365621,275.0,PAR_DM_APPROX_EQ_SPREAD,2032-05-31,6.0014,6.0014,,,0.65,1_MINUS_SP_RECOVERY_RATE,,No,, ,US,bloomberg_clo
ARES_2023_68A,,2026-05-31,00110HAG4,CUSIP,"ACP Tara Holdings, Inc. | Term Loan B",Specialty Retail,Healthcare & Pharmaceuticals,1079251.7,0.002193329996814988,B,B,B,SP_ISSUER,100.313,BBG_LAST_PRICE,FLT,6.9496,325.0,0.0,0.0365621,325.0,PAR_DM_APPROX_EQ_SPREAD,2032-12-15,6.5435,6.5435,,,0.6,1_MINUS_SP_RECOVERY_RATE,,No,,No,US,bloomberg_clo
ARES_2023_68A,,2026-05-31,11132VAY5,CUSIP,"Broadstreet Partners, Inc. | Term Loan B-4",Insurance,"Banking, Finance, Insurance & Real Estate",1073873.26,0.002182399558819783,B,B,B,SP_ISSUER,98.313,BBG_LAST_PRICE,FLT,6.1522,250.0,0.0,0.0365621,250.0,PAR_DM_APPROX_EQ_SPREAD,2031-06-13,5.0349,5.0349,,,0.65,1_MINUS_SP_RECOVERY_RATE,,No,, ,US,bloomberg_clo
ARES_2023_68A,,2026-05-31,13134NAK7,CUSIP,"Calpine Construction Finance Company, L.P. | Term Loan B",Electric Utilities,Energy: Electricity,1071592.3,0.002177764034048745,BBB+,BBB+,BBB+,SP_ISSUER,100.125,BBG_LAST_PRICE,FLT,5.4022,175.0,0.0,0.0365621,175.0,PAR_DM_APPROX_EQ_SPREAD,2030-07-31,4.167,4.167,,,0.59,1_MINUS_SP_RECOVERY_RATE,,No,,Yes,US,bloomberg_clo
ARES_2023_68A,,2026-05-31,53803HAY6,CUSIP,"Live Nation Entertainment, Inc. | Term Loan B (10/25)",Media,Media: Diversified & Production,1065889.21,0.002166173819855396,BB-,BB-,BB-,SP_ISSUER,100.25,BBG_LAST_PRICE,FLT,5.6572,200.0,0.0,0.0365621,200.0,PAR_DM_APPROX_EQ_SPREAD,2032-10-21,6.3929,6.3929,,,0.37,1_MINUS_SP_RECOVERY_RATE,,No,, ,US,bloomberg_clo
ARES_2023_68A,,2026-05-31,04538FAE9,CUSIP,"Asplundh Tree Expert, LLC | Term Loan B",Commercial Services & Supplies,Services: Business,1053918.82,0.0021418467648592595,BB+,BB+,BB+,SP_ISSUER,100.125,BBG_LAST_PRICE,FLT,5.4022,175.0,0.0,0.0365621,175.0,PAR_DM_APPROX_EQ_SPREAD,2031-05-23,4.9774,4.9774,,,0.35,1_MINUS_SP_RECOVERY_RATE,,No,, ,US,bloomberg_clo
ARES_2023_68A,,2026-05-31,57906HAF4,CUSIP,McAfee Corp. | Term Loan B (12/24),IT Services,Services: Business,1053435.86,0.0021408652601229115,B-,B-,B-,SP_ISSUER,90.875,BBG_LAST_PRICE,FLT,6.6522,300.0,0.005,0.0365621,300.0,PAR_DM_APPROX_EQ_SPREAD,2029-03-01,2.7515,2.7515,,,0.65,1_MINUS_SP_RECOVERY_RATE,,No,, ,US,bloomberg_clo
ARES_2023_68A,,2026-05-31,65336RBF4,CUSIP,Nexstar Media Inc. | Term Loan,Media,Media: Broadcasting & Subscription,1050000.0,0.002133882667644385,BB+,BB+,BB+,SP_ISSUER,99.875,BBG_LAST_PRICE,FLT,6.4022,275.0,0.0,0.0365621,275.0,PAR_DM_APPROX_EQ_SPREAD,2033-03-18,6.7981,6.7981,,,0.5,1_MINUS_SP_RECOVERY_RATE,,No,, ,US,bloomberg_clo
ARES_2023_68A,,2026-05-31,16825PAB9,CUSIP,Chicago US Midco III LP | Closing Date Term Loan (10/25),Financial Services,"Banking, Finance, Insurance & Real Estate",1040976.56,0.0021155446083886433,B,B,B,SP_ISSUER,100.125,BBG_LAST_PRICE,FLT,6.1522,250.0,0.0,0.0365621,250.0,PAR_DM_APPROX_EQ_SPREAD,2032-11-01,6.423,6.423,,,0.7,1_MINUS_SP_RECOVERY_RATE,,No,, ,US,bloomberg_clo
ARES_2023_68A,,2026-05-31,BBG01X9TW2T2,FIGI,Speed Midco 3 S.a r.l. | Term Loan B,Diversified Consumer Services,Services: Consumer,1027684.09,0.002088530730918945,B+,B+,B+,SP_ISSUER,99.188,BBG_LAST_PRICE,FLT,6.1947,250.0,0.0,0.0365621,250.0,PAR_DM_APPROX_EQ_SPREAD,2032-10-01,6.3381,6.3381,,,0.7,1_MINUS_SP_RECOVERY_RATE,,No,,Yes,US,bloomberg_clo
ARES_2023_68A,,2026-05-31,69575EAL3,CUSIP,"Paint Intermediate III, LLC | Term Loan B (09/24)",Chemicals,"Chemicals, Plastics & Rubber",1025161.21,0.0020834035595812816,B,B,B,SP_ISSUER,100.375,BBG_LAST_PRICE,FLT,6.6658,300.0,0.0,0.0365621,300.0,PAR_DM_APPROX_EQ_SPREAD,2031-10-09,5.358,5.358,,,0.7,1_MINUS_SP_RECOVERY_RATE,,No,,Yes,US,bloomberg_clo
ARES_2023_68A,,2026-05-31,6174468L6,CUSIP,Morgan Stanley | Morgan Stanley 2.699% 1/22/31,Capital Markets,"Banking, Finance, Insurance & Real Estate",1025000.0,0.0020830759374623757,A-,A-,A-,SP_ISSUER,93.048,BBG_LAST_PRICE,FXD,2.699,0.0,0.02699,0.0365621,0.0,PAR_DM_APPROX_EQ_SPREAD,2031-01-22,4.6461,4.6461,,,0.82,1_MINUS_SP_RECOVERY_RATE,,No,, ,US,bloomberg_clo
ARES_2023_68A,,2026-05-31,75419XAC8,CUSIP,"Raven Acquisition Holdings, LLC | Term Loan B (10/24)",Health Care Providers & Services,"Banking, Finance, Insurance & Real Estate",1022281.96,0.0020775521484662192,B-,B-,B-,SP_ISSUER,99.125,BBG_LAST_PRICE,FLT,6.6522,300.0,0.0,0.0365621,300.0,PAR_DM_APPROX_EQ_SPREAD,2031-11-19,5.4702,5.4702,,,0.6,1_MINUS_SP_RECOVERY_RATE,,No,,Yes,US,bloomberg_clo
ARES_2023_68A,,2026-05-31,12673CAB0,CUSIP,CPPIB OVM Member U.S. LLC | Term Loan B (08/24),Financial Services,"Banking, Finance, Insurance & Real Estate",1020355.9,0.002073637876036845,B+,B+,B+,SP_ISSUER,100.188,BBG_LAST_PRICE,FLT,5.9496,225.0,0.0,0.0365621,225.0,PAR_DM_APPROX_EQ_SPREAD,2031-08-20,5.2211,5.2211,,,0.6,1_MINUS_SP_RECOVERY_RATE,,No,, ,US,bloomberg_clo
ARES_2023_68A,,2026-05-31,46488HAF3,CUSIP,"iSolved, Inc | Infinisource/iSolved 7/25 Cov-lite TL B",Software,High Tech Industries,1017182.71,0.002067189099710995,B,B,B,SP_ISSUER,96.0,BBG_LAST_PRICE,FLT,6.4022,275.0,0.0,0.0365621,275.0,PAR_DM_APPROX_EQ_SPREAD,2030-10-14,4.3723,4.3723,,,0.7,1_MINUS_SP_RECOVERY_RATE,,No,,Yes,US,bloomberg_clo
ARES_2023_68A,,2026-05-31,345397D26,CUSIP,Ford Motor Company | Ford Motor   6.95%   6/10/26,Automobiles,Automotive,1000000.0,0.0020322692072803667,BBB-,BBB-,BBB-,SP_ISSUER,100.049,BBG_LAST_PRICE,FXD,6.95,0.0,0.0695,0.0365621,0.0,PAR_DM_APPROX_EQ_SPREAD,2026-06-10,0.0274,0.0274,,,0.82,1_MINUS_SP_RECOVERY_RATE,,No,, ,US,bloomberg_clo
ARES_2023_68A,,2026-05-31,35100DAW6,CUSIP,Four Seasons Hotels Limited | Four Seasons 9/25 TLB,Real Estate Management & Development,"Banking, Finance, Insurance & Real Estate",995378.02,0.002022876099649701,BB+,BB+,BB+,SP_ISSUER,100.75,BBG_LAST_PRICE,FLT,5.4022,175.0,0.0,0.0365621,175.0,PAR_DM_APPROX_EQ_SPREAD,2032-09-12,6.2861,6.2861,,,0.4,1_MINUS_SP_RECOVERY_RATE,,No,, ,CA,bloomberg_clo
ARES_2023_68A,,2026-05-31,BBG01ZVQDZN2,FIGI,Auris Luxembourg III Sarl | Term Loan B,Health Care Equipment & Supplies,Healthcare & Pharmaceuticals,991136.88,0.002014256961423936,B,B,B,SP_ISSUER,100.375,BBG_LAST_PRICE,FLT,6.9186,325.0,0.0,0.0365621,325.0,PAR_DM_APPROX_EQ_SPREAD,2029-02-28,2.7488,2.7488,,,0.55,1_MINUS_SP_RECOVERY_RATE,,No,,Yes,LU,bloomberg_clo
ARES_2023_68A,,2026-05-31,12768EAH9,CUSIP,Caesars Entertainment Inc | Term Loan B1 (01/24),"Hotels, Restaurants & Leisure","Hotel, Gaming & Leisure",989552.11,0.002011036282152314,B+,B+,B+,SP_ISSUER,97.563,BBG_LAST_PRICE,FLT,5.9022,225.0,0.005,0.0365621,225.0,PAR_DM_APPROX_EQ_SPREAD,2031-02-06,4.6872,4.6872,,,0.45,1_MINUS_SP_RECOVERY_RATE,,No,, ,US,bloomberg_clo
ARES_2023_68A,,2026-05-31,69889PAF2,CUSIP,"Par Petroleum, LLC | Term Loan B (12/25)","Oil, Gas & Consumable Fuels",Energy: Oil & Gas,984807.16,0.0020013932663772295,B+,B+,B+,SP_ISSUER,100.25,BBG_LAST_PRICE,FLT,6.9333,325.0,0.005,0.0365621,325.0,PAR_DM_APPROX_EQ_SPREAD,2030-02-28,3.7481,3.7481,,,0.35,1_MINUS_SP_RECOVERY_RATE,,No,,Yes,US,bloomberg_clo
ARES_2023_68A,,2026-05-31,39479UAY9,CUSIP,"Genesys Cloud Services Holdings II, LLC | Term Loan",Software,High Tech Industries,978550.55,0.001988678150532267,B,B,B,SP_ISSUER,96.875,BBG_LAST_PRICE,FLT,6.1522,250.0,0.0,0.0365621,250.0,PAR_DM_APPROX_EQ_SPREAD,2032-01-30,5.6674,5.6674,,,0.7,1_MINUS_SP_RECOVERY_RATE,,No,,Yes,US,bloomberg_clo
ARES_2023_68A,,2026-05-31,668771AK4,CUSIP,Gen Digital Inc | NortonLifeLock   6.75%   9/30/27,Diversified Consumer Services,Services: Consumer,968000.0,0.001967236592647395,BB,BB,BB,SP_ISSUER,100.58,BBG_LAST_PRICE,FXD,6.75,0.0,0.0675,0.0365621,0.0,PAR_DM_APPROX_EQ_SPREAD,2027-09-30,1.3333,1.3333,,,0.95,1_MINUS_SP_RECOVERY_RATE,,No,, ,US,bloomberg_clo
ARES_2023_68A,,2026-05-31,48571CAD3,CUSIP,Karman Holdings Inc. | Term Loan B (1/26),Aerospace & Defense,Aerospace & Defense,959595.97,0.0019501573412613344,B+,B+,B+,SP_ISSUER,100.688,BBG_LAST_PRICE,FLT,6.4608,275.0,0.0,0.0365621,275.0,PAR_DM_APPROX_EQ_SPREAD,2032-04-01,5.8371,5.8371,,,0.55,1_MINUS_SP_RECOVERY_RATE,,No,,Yes,US,bloomberg_clo
ARES_2023_68A,,2026-05-31,88632NBK5,CUSIP,"Cloud Software Group, Inc | Term Loan B",Software,High Tech Industries,950424.0,0.0019315174290602353,B,B,B,SP_ISSUER,91.5,BBG_LAST_PRICE,FLT,6.9496,325.0,0.0,0.0365621,325.0,PAR_DM_APPROX_EQ_SPREAD,2031-03-21,4.8049,4.8049,,,0.65,1_MINUS_SP_RECOVERY_RATE,,No,,Yes,US,bloomberg_clo
ARES_2023_68A,,2026-05-31,87422VAP3,CUSIP,"Talen Energy Supply, LLC | TALEN ENERGY SUP 6.375% 5/01/2033",Electric Utilities,Energy: Electricity,950000.0,0.0019306557469163483,BB-,BB-,BB-,SP_ISSUER,99.932,BBG_LAST_PRICE,FXD,6.375,0.0,0.06375,0.0365621,0.0,PAR_DM_APPROX_EQ_SPREAD,2033-05-01,6.9185,6.9185,,,0.85,1_MINUS_SP_RECOVERY_RATE,,No,, ,US,bloomberg_clo
ARES_2023_68A,,2026-05-31,55404TAF9,CUSIP,Minimax Viking GmbH | Term Loan B (2/25),"Electronic Equipment, Instruments & Components",Capital Equipment,947855.39,0.0019262973220517227,BB-,BB-,BB-,SP_ISSUER,100.375,BBG_LAST_PRICE,FLT,5.6522,200.0,0.0,0.0365621,200.0,PAR_DM_APPROX_EQ_SPREAD,2032-03-17,5.796,5.796,,,0.6,1_MINUS_SP_RECOVERY_RATE,,No,,Yes,DE,bloomberg_clo
ARES_2023_68A,,2026-05-31,59010LAH0,CUSIP,Merlin Buyer Inc. | Term Loan,"Hotels, Restaurants & Leisure","Hotel, Gaming & Leisure",940000.0,0.0019103330548435446,B-,B-,B-,SP_ISSUER,100.625,BBG_LAST_PRICE,FLT,7.6795,400.0,0.0,0.0365621,400.0,PAR_DM_APPROX_EQ_SPREAD,2033-04-15,6.8747,6.8747,,,0.7,1_MINUS_SP_RECOVERY_RATE,,No,, ,US,bloomberg_clo
ARES_2023_68A,,2026-05-31,11823LAR6,CUSIP,"Buckeye Partners, L.P. | Term Loan B-7 (10/25)","Oil, Gas & Consumable Fuels",Energy: Oil & Gas,923793.39,0.0018773968603861427,BB,BB,BB,SP_ISSUER,100.563,BBG_LAST_PRICE,FLT,5.4022,175.0,0.0,0.0365621,175.0,PAR_DM_APPROX_EQ_SPREAD,2032-11-22,6.4805,6.4805,,,0.3,1_MINUS_SP_RECOVERY_RATE,,No,,Yes,US,bloomberg_clo
ARES_2023_68A,,2026-05-31,47947BAG7,CUSIP,"Johnstone Supply, LLC | Amended Term Loan B (02/26)",Construction & Engineering,Construction & Building,918083.99,0.001865793822574096,B,B,B,SP_ISSUER,100.125,BBG_LAST_PRICE,FLT,5.8993,225.0,0.0,0.0365621,225.0,PAR_DM_APPROX_EQ_SPREAD,2031-06-09,5.024,5.024,,,0.59,1_MINUS_SP_RECOVERY_RATE,,No,,Yes,US,bloomberg_clo
ARES_2023_68A,,2026-05-31,05554YAE4,CUSIP,"BEP Intermediate Holdco, LLC | Term Loan B (07/25)",Financial Services,"Banking, Finance, Insurance & Real Estate",915184.73,0.0018599017457521963,B,B,B,SP_ISSUER,100.188,BBG_LAST_PRICE,FLT,6.4022,275.0,0.0,0.0365621,275.0,PAR_DM_APPROX_EQ_SPREAD,2031-04-25,4.9008,4.9008,,,0.7,1_MINUS_SP_RECOVERY_RATE,,No,,Yes,US,bloomberg_clo
ARES_2023_68A,,2026-05-31,LOCAL_204_VERSANTMEDIA,LOCAL_SYNTHETIC,"Versant Media Group, Inc. | Term Loan A",Media,Media: Broadcasting & Subscription,900000.0,0.00182904228655233,BB,BB,BB,SP_ISSUER,99.8082,PROXY_RATING_COHORT_WA,FLT,3.6824,0.0,0.0,0.0365621,0.0,PAR_DM_APPROX_EQ_SPREAD,2031-01-30,4.668,4.668,,,0.5,1_MINUS_SP_RECOVERY_RATE,,No,, ,US,bloomberg_clo
ARES_2023_68A,,2026-05-31,22006VAL3,CUSIP,Corporation Service Company | Term Loan B,Professional Services,Services: Business,898790.22,0.0018265836879107463,BB-,BB-,BB-,SP_ISSUER,100.188,BBG_LAST_PRICE,FLT,5.6522,200.0,0.005,0.0365621,200.0,PAR_DM_APPROX_EQ_SPREAD,2029-11-02,3.4251,3.4251,,,0.6,1_MINUS_SP_RECOVERY_RATE,,No,, ,US,bloomberg_clo
ARES_2023_68A,,2026-05-31,79400JAL2,CUSIP,SALAS OBRIEN INC | Term Loan,Construction & Engineering,Construction & Building,885714.29,0.0018000098780151929,B,B,B,SP_ISSUER,99.5,BBG_LAST_PRICE,FLT,6.4022,275.0,0.0,0.0365621,275.0,PAR_DM_APPROX_EQ_SPREAD,2033-01-31,6.6721,6.6721,,,0.65,1_MINUS_SP_RECOVERY_RATE,,No,,Yes,US,bloomberg_clo
ARES_2023_68A,,2026-05-31,89223EAG8,CUSIP,"Townsquare Media, LLC | Term Loan B",Media,Media: Diversified & Production,877289.25,0.0017828879286530875,B+,B+,B+,SP_ISSUER,73.875,BBG_LAST_PRICE,FLT,8.5865,500.0,0.0,0.0365621,500.0,PAR_DM_APPROX_EQ_SPREAD,2030-02-06,3.6879,3.6879,,,0.55,1_MINUS_SP_RECOVERY_RATE,,No,,Yes,US,bloomberg_clo
ARES_2023_68A,,2026-05-31,141781BS2,CUSIP,Cargill Inc | CARGILL INC 2.125% 11/10/2031,Consumer Staples Distribution & Retail,"Beverage, Food & Tobacco",876000.0,0.0017802678255776012,A,A,A,SP_ISSUER,88.166,BBG_LAST_PRICE,FXD,2.125,0.0,0.02125,0.0365621,0.0,PAR_DM_APPROX_EQ_SPREAD,2031-11-10,5.4456,5.4456,,,0.82,1_MINUS_SP_RECOVERY_RATE,,No,, ,US,bloomberg_clo
ARES_2023_68A,,2026-05-31,38121NAD5,CUSIP,Golden State Foods LLC | Term Loan  B,Consumer Staples Distribution & Retail,"Beverage, Food & Tobacco",872142.44,0.0017724282251743646,B,B,B,SP_ISSUER,100.25,BBG_LAST_PRICE,FLT,7.1996,350.0,0.0,0.0365621,350.0,PAR_DM_APPROX_EQ_SPREAD,2031-12-04,5.5113,5.5113,,,0.7,1_MINUS_SP_RECOVERY_RATE,,No,,Yes,US,bloomberg_clo
ARES_2023_68A,,2026-05-31,72811HAJ9,CUSIP,"Recess Holdings, Inc. | Term Loan",Professional Services,Services: Business,869950.59,0.0017679737959123872,B,B,B,SP_ISSUER,99.938,BBG_LAST_PRICE,FLT,7.4166,375.0,0.01,0.0365621,375.0,PAR_DM_APPROX_EQ_SPREAD,2030-02-21,3.729,3.729,,,0.7,1_MINUS_SP_RECOVERY_RATE,,No,, ,US,bloomberg_clo
ARES_2023_68A,,2026-05-31,L2465BAW6,CUSIP,Delta 2 Lux Sarl | Term Loan B (09/24),"Hotels, Restaurants & Leisure","Hotel, Gaming & Leisure",867662.96,0.0017633247159057365,BB+,BB+,BB+,SP_ISSUER,100.25,BBG_LAST_PRICE,FLT,5.4496,175.0,0.005,0.0365621,175.0,PAR_DM_APPROX_EQ_SPREAD,2031-09-30,5.3333,5.3333,,,0.6,1_MINUS_SP_RECOVERY_RATE,,No,,Yes,GB,bloomberg_clo
ARES_2023_68A,,2026-05-31,21702EAF3,CUSIP,CoorsTek Inc | Term Loan  A,Chemicals,High Tech Industries,857850.0,0.0017433821394654625,B-,,B-,SP_ISSUE_FALLBACK,100.375,BBG_LAST_PRICE,FLT,6.6701,300.0,0.0,0.0365621,300.0,PAR_DM_APPROX_EQ_SPREAD,2032-10-28,6.412,6.412,,,0.59,1_MINUS_SP_RECOVERY_RATE,,No,,Yes,US,bloomberg_clo
ARES_2023_68A,,2026-05-31,85570DAP7,CUSIP,"Starwood Property Mortgage, L.L.C. | Term Loan (8/25)",Mortgage Real Estate Investment Trusts (REITs),"Banking, Finance, Insurance & Real Estate",845750.0,0.0017187916820573701,BB,BB,BB,SP_ISSUER,99.938,BBG_LAST_PRICE,FLT,5.9022,225.0,0.0,0.0365621,225.0,PAR_DM_APPROX_EQ_SPREAD,2032-09-24,6.319,6.319,,,0.5,1_MINUS_SP_RECOVERY_RATE,,No,, ,US,bloomberg_clo
ARES_2023_68A,,2026-05-31,90010LAC6,CUSIP,"ThoughtWorks, Inc. | Term Loan 3/21",Software,High Tech Industries,835044.3,0.0016970348176049887,B,B,B,SP_ISSUER,83.0,BBG_LAST_PRICE,FLT,6.5167,275.0,0.005,0.0365621,275.0,PAR_DM_APPROX_EQ_SPREAD,2028-03-24,1.8152,1.8152,,,0.55,1_MINUS_SP_RECOVERY_RATE,,No,,Yes,US,bloomberg_clo
ARES_2023_68A,,2026-05-31,36355RAB1,CUSIP,Galileo Parent Inc | Term Loan B (02/26),Software,High Tech Industries,833028.91,0.001692939002567328,B,B,B,SP_ISSUER,99.938,BBG_LAST_PRICE,FLT,8.1183,450.0,0.0,0.0365621,450.0,PAR_DM_APPROX_EQ_SPREAD,2033-03-03,6.757,6.757,,,0.7,1_MINUS_SP_RECOVERY_RATE,,No,, ,US,bloomberg_clo
ARES_2023_68A,,2026-05-31,60646CAM9,CUSIP,"Mister Car Wash Holdings, Inc. | Term Loan B",Diversified Consumer Services,Retail,830000.0,0.0016867834420427044,B,B,B,SP_ISSUER,100.438,BBG_LAST_PRICE,FLT,6.6779,300.0,0.0,0.0365621,300.0,PAR_DM_APPROX_EQ_SPREAD,2031-03-27,4.8214,4.8214,,,0.7,1_MINUS_SP_RECOVERY_RATE,,No,, ,US,bloomberg_clo
ARES_2023_68A,,2026-05-31,22526WAU2,CUSIP,"Creative Artists Agency, LLC | Term Loan B (7/25)",Professional Services,Services: Business,815013.48,0.0016563267989224129,B+,NR,B+,SP_ISSUE_FALLBACK,100.25,BBG_LAST_PRICE,FLT,6.1522,250.0,0.0,0.0365621,250.0,PAR_DM_APPROX_EQ_SPREAD,2031-10-01,5.3361,5.3361,,,0.7,1_MINUS_SP_RECOVERY_RATE,,No,, ,US,bloomberg_clo
ARES_2023_68A,,2026-05-31,40273UAE9,CUSIP,Gulfside Supply Inc | Term Loan B,Building Products,Consumer Goods: Durable,811894.36,0.0016499879073926006,B,B,B,SP_ISSUER,84.75,BBG_LAST_PRICE,FLT,6.6996,300.0,0.0,0.0365621,300.0,PAR_DM_APPROX_EQ_SPREAD,2031-06-17,5.0459,5.0459,,,0.65,1_MINUS_SP_RECOVERY_RATE,,No,,Yes,US,bloomberg_clo
ARES_2023_68A,,2026-05-31,20717RAE2,CUSIP,"Confluent Medical Technologies, Inc. | Term Loan B (07/25)",Health Care Equipment & Supplies,Healthcare & Pharmaceuticals,808856.45,0.0016438140564451113,B,B,B,SP_ISSUER,100.375,BBG_LAST_PRICE,FLT,6.6996,300.0,0.0,0.0365621,300.0,PAR_DM_APPROX_EQ_SPREAD,2029-02-16,2.7159,2.7159,,,0.7,1_MINUS_SP_RECOVERY_RATE,,No,,Yes,US,bloomberg_clo
ARES_2023_68A,,2026-05-31,62984CAM5,CUSIP,Naked Juice LLC | Second Out Term Loan,Beverages,Consumer Goods: Non-Durable,804183.96,0.001634318298896786,CCC,CCC,CCC,SP_ISSUER,65.355,BBG_LAST_PRICE,FLT,7.0496,325.0,0.005,0.0365621,325.0,PAR_DM_APPROX_EQ_SPREAD,2029-01-24,2.653,2.653,,,0.85,1_MINUS_SP_RECOVERY_RATE,,No,, ,US,bloomberg_clo
ARES_2023_68A,,2026-05-31,75701MAE5,CUSIP,"Red SPV, LLC | Term Loan (03/25)",Consumer Staples Distribution & Retail,"Beverage, Food & Tobacco",798569.16,0.0016229075137517484,B+,B+,B+,SP_ISSUER,100.063,BBG_LAST_PRICE,FLT,5.9023,225.0,0.0,0.0365621,225.0,PAR_DM_APPROX_EQ_SPREAD,2032-03-15,5.7906,5.7906,,,0.6,1_MINUS_SP_RECOVERY_RATE,,No,,Yes,US,bloomberg_clo
ARES_2023_68A,,2026-05-31,06051GKA6,CUSIP,Bank of America Corp | BAC 2.299% 7/21/32,Capital Markets,"Banking, Finance, Insurance & Real Estate",796000.0,0.0016176862889951719,A-,A-,A-,SP_ISSUER,88.522,BBG_LAST_PRICE,FXD,2.299,0.0,0.02299,0.0365621,0.0,PAR_DM_APPROX_EQ_SPREAD,2032-07-21,6.141,6.141,,,0.82,1_MINUS_SP_RECOVERY_RATE,,No,, ,US,bloomberg_clo
ARES_2023_68A,,2026-05-31,C9600DAD5,CUSIP,VetStrategy Canada Holdings Inc | Term Loan,Health Care Providers & Services,Healthcare & Pharmaceuticals,795649.0,0.0016169729625034165,B-,B-,B-,SP_ISSUER,100.063,BBG_LAST_PRICE,FLT,7.4496,375.0,0.0,0.0365621,375.0,PAR_DM_APPROX_EQ_SPREAD,2028-12-12,2.5352,2.5352,,,0.6,1_MINUS_SP_RECOVERY_RATE,,No,,Yes,US,bloomberg_clo
ARES_2023_68A,,2026-05-31,L4780EAC8,CUSIP,Herens Holdco Sarl | Term Loan B (USD) (4/21),Chemicals,"Chemicals, Plastics & Rubber",792186.74,0.001609936718117818,B-,B-,B-,SP_ISSUER,95.375,BBG_LAST_PRICE,FLT,7.7246,392.5,0.0075,0.0365621,392.5,PAR_DM_APPROX_EQ_SPREAD,2028-07-03,2.0917,2.0917,,,0.65,1_MINUS_SP_RECOVERY_RATE,,No,,Yes,LU,bloomberg_clo
ARES_2023_68A,,2026-05-31,70583RAB4,CUSIP,Pelican Pipeline LLC | Term Loan B (3/26),"Oil, Gas & Consumable Fuels",Energy: Oil & Gas,790000.0,0.0016054926737514897,BB,BB,BB,SP_ISSUER,96.188,BBG_LAST_PRICE,FLT,6.466,275.0,0.0,0.0365621,275.0,PAR_DM_APPROX_EQ_SPREAD,2033-03-18,6.7981,6.7981,,,0.6,1_MINUS_SP_RECOVERY_RATE,,No,, ,US,bloomberg_clo
ARES_2023_68A,,2026-05-31,30260UAM7,CUSIP,"FCG Acquisitions, Inc. | Term Loan B (2/26)",Machinery,Capital Equipment,780000.0,0.001585169981678686,B-,B-,B-,SP_ISSUER,100.563,BBG_LAST_PRICE,FLT,6.9022,325.0,0.0,0.0365621,325.0,PAR_DM_APPROX_EQ_SPREAD,2033-03-04,6.7598,6.7598,,,0.7,1_MINUS_SP_RECOVERY_RATE,,No,,Yes,US,bloomberg_clo
ARES_2023_68A,,2026-05-31,N9833RAK5,CUSIP,Ziggo Financing Partnership | Term Loan B,Diversified Telecommunication Services,Telecommunications,755035.96,0.0015344363318973706,B+,B+,B+,SP_ISSUER,96.563,BBG_LAST_PRICE,FLT,6.9116,322.0,0.0,0.0365621,322.0,PAR_DM_APPROX_EQ_SPREAD,2033-01-14,6.6256,6.6256,,,0.55,1_MINUS_SP_RECOVERY_RATE,,No,,Yes,US,bloomberg_clo
ARES_2023_68A,,2026-05-31,83541WAC5,CUSIP,SonarSource Financing LLC | Term Loan,Software,High Tech Industries,748303.57,0.0015207543030089682,B,B,B,SP_ISSUER,95.25,BBG_LAST_PRICE,FLT,8.1752,450.0,0.0,0.0365621,450.0,PAR_DM_APPROX_EQ_SPREAD,2030-12-19,4.553,4.553,,,0.55,1_MINUS_SP_RECOVERY_RATE,,No,,Yes,US,bloomberg_clo
ARES_2023_68A,,2026-05-31,BBG021MBKNY6,FIGI,NRG Energy Inc | Term Loan B (4/26),Electric Utilities,Utilities: Electric,720000.0,0.001463233829241864,BB,BB,BB,SP_ISSUER,100.188,BBG_LAST_PRICE,FLT,5.418,175.0,0.0,0.0365621,175.0,PAR_DM_APPROX_EQ_SPREAD,2033-04-15,6.8747,6.8747,,,0.3,1_MINUS_SP_RECOVERY_RATE,,No,, ,US,bloomberg_clo
ARES_2023_68A,,2026-05-31,89334GBG8,CUSIP,Trans Union LLC | Term Loan B9 (11/24),Professional Services,"Banking, Finance, Insurance & Real Estate",718583.71,0.0014603555466862848,BB+,BB+,BB+,SP_ISSUER,99.938,BBG_LAST_PRICE,FLT,5.4022,175.0,0.005,0.0365621,175.0,PAR_DM_APPROX_EQ_SPREAD,2031-06-24,5.065,5.065,,,0.4,1_MINUS_SP_RECOVERY_RATE,,No,,Yes,US,bloomberg_clo
ARES_2023_68A,,2026-05-31,26812CAN6,CUSIP,"Dynasty Acquisition Co., Inc. | Term Loan B-1 (10/24)",Aerospace & Defense,Aerospace & Defense,715388.89,0.0014538628123774815,BB-,BB-,BB-,SP_ISSUER,100.375,BBG_LAST_PRICE,FLT,5.6522,200.0,0.0,0.0365621,200.0,PAR_DM_APPROX_EQ_SPREAD,2031-10-31,5.4182,5.4182,,,0.65,1_MINUS_SP_RECOVERY_RATE,,No,, ,US,bloomberg_clo
ARES_2023_68A,,2026-05-31,12511BAC6,CUSIP,CCC Intelligent Solutions Inc. | Term Loan B,Software,Services: Business,708292.88,0.0014394418097599278,BB-,BB-,BB-,SP_ISSUER,99.625,BBG_LAST_PRICE,FLT,5.6522,200.0,0.005,0.0365621,200.0,PAR_DM_APPROX_EQ_SPREAD,2032-01-23,5.6482,5.6482,,,0.6,1_MINUS_SP_RECOVERY_RATE,,No,,Yes,US,bloomberg_clo
ARES_2023_68A,,2026-05-31,78424SAB8,CUSIP,SGH2 LLC | Term Loan B (7/25),"Hotels, Restaurants & Leisure","Hotel, Gaming & Leisure",706165.55,0.0014351185025072042,B-,B-,B-,SP_ISSUER,99.688,BBG_LAST_PRICE,FLT,8.1996,450.0,0.0,0.0365621,450.0,PAR_DM_APPROX_EQ_SPREAD,2032-08-18,6.2177,6.2177,,,0.7,1_MINUS_SP_RECOVERY_RATE,,No,,Yes,US,bloomberg_clo
ARES_2023_68A,,2026-05-31,817826AD2,CUSIP,7-Eleven Inc. | 7-Eleven   1.3%   2/10/28,Consumer Staples Distribution & Retail,Consumer Goods: Non-Durable,705000.0,0.0014327497911326586,A-,A-,A-,SP_ISSUER,94.966,BBG_LAST_PRICE,FXD,1.3,0.0,0.013,0.0365621,0.0,PAR_DM_APPROX_EQ_SPREAD,2028-02-10,1.6975,1.6975,,,0.82,1_MINUS_SP_RECOVERY_RATE,,No,, ,US,bloomberg_clo
ARES_2023_68A,,2026-05-31,50550EAF5,CUSIP,Lackawanna Energy Center LLC | Term Loan B (07/25),Electric Utilities,Energy: Electricity,700729.88,0.0014240717577452666,B+,,B+,SP_ISSUE_FALLBACK,100.375,BBG_LAST_PRICE,FLT,6.4106,275.0,0.0,0.0365621,275.0,PAR_DM_APPROX_EQ_SPREAD,2032-08-05,6.1821,6.1821,,,0.45,1_MINUS_SP_RECOVERY_RATE,,No,, ,US,bloomberg_clo
ARES_2023_68A,,2026-05-31,01862LBA5,CUSIP,"Alliance Laundry Systems, LLC | Term Loan (1/25)",Machinery,Capital Equipment,697341.8,0.001417186267089464,B+,B+,B+,SP_ISSUER,100.375,BBG_LAST_PRICE,FLT,5.9022,225.0,0.0,0.0365621,225.0,PAR_DM_APPROX_EQ_SPREAD,2031-08-19,5.2183,5.2183,,,0.45,1_MINUS_SP_RECOVERY_RATE,,No,,Yes,US,bloomberg_clo
ARES_2023_68A,,2026-05-31,10620UAM4,CUSIP,"Brazos Delaware II, LLC | Term Loan","Oil, Gas & Consumable Fuels",Energy: Oil & Gas,687785.6,0.0013977654960908514,B+,B+,B+,SP_ISSUER,100.125,BBG_LAST_PRICE,FLT,6.1518,250.0,0.005,0.0365621,250.0,PAR_DM_APPROX_EQ_SPREAD,2030-02-11,3.7016,3.7016,,,0.6,1_MINUS_SP_RECOVERY_RATE,,No,,Yes,US,bloomberg_clo
ARES_2023_68A,,2026-05-31,82670NAG1,CUSIP,"Signia Aerospace, LLC | Term Loan (07/25)",Aerospace & Defense,Aerospace & Defense,686051.16,0.0013942406470869762,B,B,B,SP_ISSUER,100.5,BBG_LAST_PRICE,FLT,6.4227,275.0,0.005,0.0365621,275.0,PAR_DM_APPROX_EQ_SPREAD,2031-12-11,5.5305,5.5305,,,0.65,1_MINUS_SP_RECOVERY_RATE,,No,,Yes,US,bloomberg_clo
ARES_2023_68A,,2026-05-31,92346NAH2,CUSIP,"VeriFone Systems, Inc. | Term Loan (03/25)",Commercial Services & Supplies,Services: Business,667420.82,0.0013563787807838123,B-,B-,B-,SP_ISSUER,94.188,BBG_LAST_PRICE,FLT,9.175,525.0,0.0,0.0365621,525.0,PAR_DM_APPROX_EQ_SPREAD,2028-08-18,2.2177,2.2177,,,0.7,1_MINUS_SP_RECOVERY_RATE,,No,, ,US,bloomberg_clo
ARES_2023_68A,,2026-05-31,03234TBB3,CUSIP,"AmWINS Group, Inc. | TERM LOAN B",Insurance,"Banking, Finance, Insurance & Real Estate",665284.89,0.001352037996015906,B+,B+,B+,SP_ISSUER,98.813,BBG_LAST_PRICE,FLT,5.6522,200.0,0.0075,0.0365621,200.0,PAR_DM_APPROX_EQ_SPREAD,2032-01-30,5.6674,5.6674,,,0.7,1_MINUS_SP_RECOVERY_RATE,,No,,Yes,US,bloomberg_clo
ARES_2023_68A,,2026-05-31,50218KAN8,CUSIP,"Life Time, Inc. | 2025 Refinancing Term Loan","Hotels, Restaurants & Leisure","Hotel, Gaming & Leisure",664238.55,0.0013499115514535602,BB-,BB-,BB-,SP_ISSUER,100.313,BBG_LAST_PRICE,FLT,5.6464,200.0,0.0,0.0365621,200.0,PAR_DM_APPROX_EQ_SPREAD,2031-11-05,5.4319,5.4319,,,0.3,1_MINUS_SP_RECOVERY_RATE,,No,,Yes,US,bloomberg_clo
ARES_2023_68A,,2026-05-31,51207KAB5,CUSIP,"Lakeshore Learning Materials, LLC | Term Loan 9/21",Professional Services,Services: Business,660910.63,0.0013431483221132677,B-,B-,B-,SP_ISSUER,85.75,BBG_LAST_PRICE,FLT,7.4612,350.0,0.005,0.0365621,350.0,PAR_DM_APPROX_EQ_SPREAD,2028-09-29,2.3326,2.3326,,,0.73,1_MINUS_SP_RECOVERY_RATE,,No,,Yes,US,bloomberg_clo
ARES_2023_68A,,2026-05-31,75908HAC1,CUSIP,Resilience Parent LLC | Term Loan B,Energy Equipment & Services,Capital Equipment,650650.65,0.0013222972806919554,B,B,B,SP_ISSUER,100.25,BBG_LAST_PRICE,FLT,6.1261,250.0,0.0,0.0365621,250.0,PAR_DM_APPROX_EQ_SPREAD,2033-02-28,6.7488,6.7488,,,0.55,1_MINUS_SP_RECOVERY_RATE,,No,, ,US,bloomberg_clo
ARES_2023_68A,,2026-05-31,N3430BAN4,CUSIP,Fugue Finance LLC | Term Loan B,Professional Services,Services: Business,648395.27,0.0013177137413672394,B,B,B,SP_ISSUER,99.875,BBG_LAST_PRICE,FLT,5.9211,225.0,0.005,0.0365621,225.0,PAR_DM_APPROX_EQ_SPREAD,2032-01-09,5.6099,5.6099,,,0.6,1_MINUS_SP_RECOVERY_RATE,,No,,Yes,US,bloomberg_clo
ARES_2023_68A,,2026-05-31,54913EAB8,CUSIP,LSF12 HELIX PARENT LLC | Hillenbrand 1/26 (USD) Cov-Lite,"Electronic Equipment, Instruments & Components",Capital Equipment,647835.56,0.0013165762599692326,B,B,B,SP_ISSUER,98.563,BBG_LAST_PRICE,FLT,7.1522,350.0,0.0,0.0365621,350.0,PAR_DM_APPROX_EQ_SPREAD,2033-02-10,6.6995,6.6995,,,0.7,1_MINUS_SP_RECOVERY_RATE,,No,,Yes,US,bloomberg_clo
ARES_2023_68A,,2026-05-31,G3679YAM4,CUSIP,Froneri International Ltd | Term Loan (7/25),Consumer Staples Distribution & Retail,"Beverage, Food & Tobacco",641120.46,0.0013029293690154239,BB-,BB-,BB-,SP_ISSUER,99.5,BBG_LAST_PRICE,FLT,6.1273,250.0,0.0,0.0365621,250.0,PAR_DM_APPROX_EQ_SPREAD,2032-09-30,6.3354,6.3354,,,0.65,1_MINUS_SP_RECOVERY_RATE,,No,, ,US,bloomberg_clo
ARES_2023_68A,,2026-05-31,38723BAM3,CUSIP,WIN Waste Innovations Holdings Inc. | Win Waste/Waste Innovations 10/25 Cov-Lite TL,Energy Equipment & Services,Energy: Electricity,640170.56,0.0013009989164954284,B-,B-,B-,SP_ISSUER,100.563,BBG_LAST_PRICE,FLT,7.0167,325.0,0.0,0.0365621,325.0,PAR_DM_APPROX_EQ_SPREAD,2028-03-24,1.8152,1.8152,,,0.55,1_MINUS_SP_RECOVERY_RATE,,No,,Yes,US,bloomberg_clo
ARES_2023_68A,,2026-05-31,629377CR1,CUSIP,"NRG Energy, Inc. | NRG 3.625% 2/15/2031",Electric Utilities,Utilities: Electric,640000.0,0.0013006522926594347,BB,BB,BB,SP_ISSUER,92.895,BBG_LAST_PRICE,FXD,3.625,0.0,0.03625,0.0365621,0.0,PAR_DM_APPROX_EQ_SPREAD,2031-02-15,4.7118,4.7118,,,0.8,1_MINUS_SP_RECOVERY_RATE,,No,, ,US,bloomberg_clo
ARES_2023_68A,,2026-05-31,C8000CAP8,CUSIP,Clarios Global LP | Term Loan B (01/25),Automobiles,Automotive,638696.62,0.0012980034736200495,BB-,BB-,BB-,SP_ISSUER,99.9176,PROXY_RATING_COHORT_WA,FLT,6.4022,275.0,0.0,0.0365621,275.0,PAR_DM_APPROX_EQ_SPREAD,2032-01-28,5.6619,5.6619,,,0.7,1_MINUS_SP_RECOVERY_RATE,,No,,Yes,US,bloomberg_clo
ARES_2023_68A,,2026-05-31,24369TAD3,CUSIP,DEEP BLUE OPERATING I LLC | Term Loan,Energy Equipment & Services,Energy: Oil & Gas,635000.0,0.0012904909466230328,BB-,BB-,BB-,SP_ISSUER,99.9176,PROXY_RATING_COHORT_WA,FLT,6.4107,275.0,0.0,0.0365621,275.0,PAR_DM_APPROX_EQ_SPREAD,2032-10-01,6.3381,6.3381,,,0.55,1_MINUS_SP_RECOVERY_RATE,,No,, ,US,bloomberg_clo
ARES_2023_68A,,2026-05-31,01881UAN5,CUSIP,Alliant Holdings Intermediate LLC | Term Loan (8/25),Capital Markets,"Banking, Finance, Insurance & Real Estate",634736.63,0.0012899557078819115,B,B,B,SP_ISSUER,99.479,BBG_LAST_PRICE,FLT,6.1522,250.0,0.0,0.0365621,250.0,PAR_DM_APPROX_EQ_SPREAD,2031-09-19,5.3032,5.3032,,,0.6,1_MINUS_SP_RECOVERY_RATE,,No,,Yes,US,bloomberg_clo
ARES_2023_68A,,2026-05-31,12620SAD5,CUSIP,"CPV Fairview, LLC | Term Loan",Electric Utilities,Utilities: Electric,634520.44,0.0012895163516019894,B+,,B+,SP_ISSUE_FALLBACK,100.188,BBG_LAST_PRICE,FLT,6.1996,250.0,0.0,0.0365621,250.0,PAR_DM_APPROX_EQ_SPREAD,2031-08-14,5.2047,5.2047,,,0.25,1_MINUS_SP_RECOVERY_RATE,,No,, ,US,bloomberg_clo
ARES_2023_68A,,2026-05-31,74773KAE5,CUSIP,"QUARTZ ACQUIRECO, LLC | Term Loan (2/25)",,High Tech Industries,631667.18,0.0012837177591636247,B,B,B,SP_ISSUER,84.063,BBG_LAST_PRICE,FLT,5.9496,225.0,0.0,0.0365621,225.0,PAR_DM_APPROX_EQ_SPREAD,2030-06-28,4.0767,4.0767,,,0.7,1_MINUS_SP_RECOVERY_RATE,,No,,Yes,US,bloomberg_clo
ARES_2023_68A,,2026-05-31,46124CAS6,CUSIP,Alterra Mountain Company | Term Loan B8 (07/25),Leisure Products,"Hotel, Gaming & Leisure",630913.12,0.0012821853062451828,B+,B+,B+,SP_ISSUER,100.375,BBG_LAST_PRICE,FLT,6.1522,250.0,0.0,0.0365621,250.0,PAR_DM_APPROX_EQ_SPREAD,2030-05-31,4.0,4.0,,,0.7,1_MINUS_SP_RECOVERY_RATE,,No,, ,US,bloomberg_clo
ARES_2023_68A,,2026-05-31,03027XBJ8,CUSIP,American Tower Corp | AMERICAN TOWER   1.5%   1/31/2028,Mortgage Real Estate Investment Trusts (REITs),"Banking, Finance, Insurance & Real Estate",628000.0,0.0012762650621720702,BBB+,BBB+,BBB+,SP_ISSUER,95.436,BBG_LAST_PRICE,FXD,1.5,0.0,0.015,0.0365621,0.0,PAR_DM_APPROX_EQ_SPREAD,2028-01-31,1.6701,1.6701,,,0.82,1_MINUS_SP_RECOVERY_RATE,,No,, ,US,bloomberg_clo
ARES_2023_68A,,2026-05-31,291011BR4,CUSIP,Emerson Electric Co | EMERSON ELECTRIC 2.2% 12/21/2031,Electric Utilities,Utilities: Electric,625000.0,0.001270168254550229,A,A,A,SP_ISSUER,88.713,BBG_LAST_PRICE,FXD,2.2,0.0,0.022,0.0365621,0.0,PAR_DM_APPROX_EQ_SPREAD,2031-12-21,5.5578,5.5578,,,0.82,1_MINUS_SP_RECOVERY_RATE,,No,, ,US,bloomberg_clo
ARES_2023_68A,,2026-05-31,74142YAC3,CUSIP,"Pretzel Parent, Inc. | Term Loan B",Leisure Products,"Hotel, Gaming & Leisure",622565.28,0.0012652202480658795,B,B,B,SP_ISSUER,95.75,BBG_LAST_PRICE,FLT,8.1522,450.0,0.0,0.0365621,450.0,PAR_DM_APPROX_EQ_SPREAD,2031-10-01,5.3361,5.3361,,,0.6,1_MINUS_SP_RECOVERY_RATE,,No,, ,US,bloomberg_clo
ARES_2023_68A,,2026-05-31,55759VAE8,CUSIP,Madison IAQ LLC | Term Loan restructure,Construction & Engineering,Environmental Industries,613676.32,0.0012471554883731325,BB-,BB-,BB-,SP_ISSUER,100.313,BBG_LAST_PRICE,FLT,6.3776,275.0,0.005,0.0365621,275.0,PAR_DM_APPROX_EQ_SPREAD,2032-11-08,6.4422,6.4422,,,0.45,1_MINUS_SP_RECOVERY_RATE,,No,, ,US,bloomberg_clo
ARES_2023_68A,,2026-05-31,92528PAB0,CUSIP,"Versant Media Group, Inc. | Term Loan B (01/26)",Media,Media: Broadcasting & Subscription,610823.75,0.0012413582982005208,BB,BB,BB,SP_ISSUER,100.625,BBG_LAST_PRICE,FLT,7.1996,350.0,0.0,0.0365621,350.0,PAR_DM_APPROX_EQ_SPREAD,2031-01-30,4.668,4.668,,,0.65,1_MINUS_SP_RECOVERY_RATE,,No,,Yes,US,bloomberg_clo
ARES_2023_68A,,2026-05-31,68373AAD5,CUSIP,"OPENLANE, Inc. | Term Loan B (10/25)",Automobile Components,Automotive,610288.63,0.0012402707903023211,B,B,B,SP_ISSUER,100.5,BBG_LAST_PRICE,FLT,6.1399,250.0,0.0,0.0365621,250.0,PAR_DM_APPROX_EQ_SPREAD,2032-10-08,6.3573,6.3573,,,0.6,1_MINUS_SP_RECOVERY_RATE,,No,, ,US,bloomberg_clo
ARES_2023_68A,,2026-05-31,12021GAH7,CUSIP,Bulldog Purchaser Inc. | Term Loan,"Hotels, Restaurants & Leisure","Hotel, Gaming & Leisure",608475.0,0.001236585005899921,B,B,B,SP_ISSUER,100.313,BBG_LAST_PRICE,FLT,6.9134,325.0,0.0,0.0365621,325.0,PAR_DM_APPROX_EQ_SPREAD,2033-01-28,6.6639,6.6639,,,0.6,1_MINUS_SP_RECOVERY_RATE,,No,,Yes,US,bloomberg_clo
ARES_2023_68A,,2026-05-31,02406MBB2,CUSIP,"American Axle & Manufacturing, Inc. | Term Loan C (2/25)",Automobile Components,Automotive,603900.0,0.0012272873742766135,BB-,BB-,BB-,SP_ISSUER,100.0,BBG_LAST_PRICE,FLT,7.0121,325.0,0.0,0.0365621,325.0,PAR_DM_APPROX_EQ_SPREAD,2033-02-03,6.6804,6.6804,,,0.5,1_MINUS_SP_RECOVERY_RATE,,No,, ,US,bloomberg_clo
ARES_2023_68A,,2026-05-31,93710RAB2,CUSIP,Wash Bidco Inc. | Wash Multifamily 8/25 TLB,Diversified Consumer Services,Services: Consumer,601875.0,0.0012231720291318708,B+,B+,B+,SP_ISSUER,100.375,BBG_LAST_PRICE,FLT,6.9022,325.0,0.0,0.0365621,325.0,PAR_DM_APPROX_EQ_SPREAD,2032-09-10,6.2806,6.2806,,,0.5,1_MINUS_SP_RECOVERY_RATE,,No,, ,US,bloomberg_clo
ARES_2023_68A,,2026-05-31,76090LAM6,CUSIP,Resideo Funding Inc. | Term Loan (8/25),"Electronic Equipment, Instruments & Components",Wholesale,598580.77,0.0012164772669411715,BB,BB+,BB+,SP_ISSUER,100.188,BBG_LAST_PRICE,FLT,5.674,200.0,0.0,0.0365621,200.0,PAR_DM_APPROX_EQ_SPREAD,2032-08-13,6.204,6.204,,,0.37,1_MINUS_SP_RECOVERY_RATE,,No,,Yes,US,bloomberg_clo
ARES_2023_68A,,2026-05-31,44332EAZ9,CUSIP,HUB International Limited | Term Loan B (1/25),Insurance,"Banking, Finance, Insurance & Real Estate",591182.14,0.0012014412590161108,B+,B+,B+,SP_ISSUER,100.125,BBG_LAST_PRICE,FLT,5.9221,225.0,0.0,0.0365621,225.0,PAR_DM_APPROX_EQ_SPREAD,2030-06-20,4.0548,4.0548,,,0.7,1_MINUS_SP_RECOVERY_RATE,,No,,Yes,US,bloomberg_clo
ARES_2023_68A,,2026-05-31,88037HAP9,CUSIP,Tenneco Inc. | Term Loan B,Automobile Components,Automotive,589743.61,0.0011985177787933617,B,B,B,SP_ISSUER,99.938,BBG_LAST_PRICE,FLT,8.7996,500.0,0.005,0.0365621,500.0,PAR_DM_APPROX_EQ_SPREAD,2028-11-17,2.4668,2.4668,,,0.7,1_MINUS_SP_RECOVERY_RATE,,No,,Yes,US,bloomberg_clo
ARES_2023_68A,,2026-05-31,46647PDW3,CUSIP,J.P. Morgan Chase & Co | JPMORGAN CHASE VARIABLE 10/22/2027,Capital Markets,"Banking, Finance, Insurance & Real Estate",589000.0,0.001197006563088136,A,A,A,SP_ISSUER,100.596,BBG_LAST_PRICE,FXD,6.07,0.0,0.0607,0.0365621,0.0,PAR_DM_APPROX_EQ_SPREAD,2027-10-22,1.3936,1.3936,,,0.82,1_MINUS_SP_RECOVERY_RATE,,No,, ,US,bloomberg_clo
ARES_2023_68A,,2026-05-31,48254EAG6,CUSIP,"KKR Apple Bidco, LLC | Term Loan (02/25)",Air Freight & Logistics,Aerospace & Defense,575424.64,0.0011694177769823904,B,B,B,SP_ISSUER,100.25,BBG_LAST_PRICE,FLT,6.1522,250.0,0.0,0.0365621,250.0,PAR_DM_APPROX_EQ_SPREAD,2031-09-22,5.3114,5.3114,,,0.65,1_MINUS_SP_RECOVERY_RATE,,No,,Yes,US,bloomberg_clo
ARES_2023_68A,,2026-05-31,11565HAB2,CUSIP,"Brown Group Holding, LLC | Term Loan B",Automobile Components,Automotive,572669.49,0.001163818570475952,B+,B+,B+,SP_ISSUER,100.375,BBG_LAST_PRICE,FLT,6.1522,250.0,0.005,0.0365621,250.0,PAR_DM_APPROX_EQ_SPREAD,2031-07-01,5.0842,5.0842,,,0.6,1_MINUS_SP_RECOVERY_RATE,,No,,Yes,US,bloomberg_clo
ARES_2023_68A,,2026-05-31,09259GAL7,CUSIP,"Blackstone Mortgage Trust, Inc. | Term Loan",Mortgage Real Estate Investment Trusts (REITs),"Banking, Finance, Insurance & Real Estate",571724.97,0.0011618990515642913,B+,B+,B+,SP_ISSUER,100.0,BBG_LAST_PRICE,FLT,6.1677,250.0,0.005,0.0365621,250.0,PAR_DM_APPROX_EQ_SPREAD,2030-12-10,4.5284,4.5284,,,0.5,1_MINUS_SP_RECOVERY_RATE,,No,, ,US,bloomberg_clo
ARES_2023_68A,,2026-05-31,05278HAC0,CUSIP,"Autokiniton US Holdings, Inc. | First Lien TL B (01/24)",Distributors,Capital Equipment,552962.02,0.0011237676860415503,B,B,B,SP_ISSUER,99.813,BBG_LAST_PRICE,FLT,7.7667,400.0,0.005,0.0365621,400.0,PAR_DM_APPROX_EQ_SPREAD,2028-04-06,1.8508,1.8508,,,0.7,1_MINUS_SP_RECOVERY_RATE,,No,, ,US,bloomberg_clo
ARES_2023_68A,,2026-05-31,D9000BAJ1,CUSIP,TK Elevator Midco GMBH | USD Term Loan B1 (03/25),Construction & Engineering,Construction & Building,550000.0,0.0011177480640042017,B,B,B,SP_ISSUER,100.75,BBG_LAST_PRICE,FLT,6.3773,275.0,0.005,0.0365621,275.0,PAR_DM_APPROX_EQ_SPREAD,2030-04-30,3.9151,3.9151,,,0.6,1_MINUS_SP_RECOVERY_RATE,,No,, ,US,bloomberg_clo
ARES_2023_68A,,2026-05-31,74352DAB6,CUSIP,SPECTRIS | Term Loan,Professional Services,High Tech Industries,548625.0,0.0011149536938441912,B,B,B,SP_ISSUER,100.625,BBG_LAST_PRICE,FLT,6.4496,275.0,0.0,0.0365621,275.0,PAR_DM_APPROX_EQ_SPREAD,2032-12-05,6.5161,6.5161,,,0.6,1_MINUS_SP_RECOVERY_RATE,,No,,Yes,US,bloomberg_clo
ARES_2023_68A,,2026-05-31,33718FAR1,CUSIP,First Student Bidco Inc | Term Loan C (01/26),Ground Transportation,Transportation: Cargo,540430.5,0.0010983002638251323,B+,B+,B+,SP_ISSUER,100.25,BBG_LAST_PRICE,FLT,5.9496,225.0,0.0,0.0365621,225.0,PAR_DM_APPROX_EQ_SPREAD,2030-08-15,4.2081,4.2081,,,0.7,1_MINUS_SP_RECOVERY_RATE,,No,, ,US,bloomberg_clo
ARES_2023_68A,,2026-05-31,12718FAQ7,CUSIP,"CACI International, Inc. | Term Loan B2 (02/26)","Technology Hardware, Storage & Peripherals",High Tech Industries,540000.0,0.001097425371931398,BB+,BB+,BB+,SP_ISSUER,99.875,BBG_LAST_PRICE,FLT,5.4022,175.0,0.0,0.0365621,175.0,PAR_DM_APPROX_EQ_SPREAD,2033-03-09,6.7734,6.7734,,,0.7,1_MINUS_SP_RECOVERY_RATE,,No,,Yes,US,bloomberg_clo
ARES_2023_68A,,2026-05-31,76090LAL8,CUSIP,Resideo Funding Inc. | Term Loan B (12/24),"Electronic Equipment, Instruments & Components",Wholesale,532388.34,0.0010819564296971102,BB,BB+,BB+,SP_ISSUER,100.125,BBG_LAST_PRICE,FLT,5.6644,200.0,0.0,0.0365621,200.0,PAR_DM_APPROX_EQ_SPREAD,2028-02-11,1.7002,1.7002,,,0.37,1_MINUS_SP_RECOVERY_RATE,,No,, ,US,bloomberg_clo
ARES_2023_68A,,2026-05-31,31773HAE2,CUSIP,"GIP Pilot Acquistion Partners, L.P. | Term Loan B","Oil, Gas & Consumable Fuels",Energy: Oil & Gas,528966.36,0.001075002045115181,BB,BB,BB,SP_ISSUER,100.25,BBG_LAST_PRICE,FLT,5.6739,200.0,0.0,0.0365621,200.0,PAR_DM_APPROX_EQ_SPREAD,2030-10-04,4.345,4.345,,,0.6,1_MINUS_SP_RECOVERY_RATE,,No,, ,US,bloomberg_clo
ARES_2023_68A,,2026-05-31,26747FAV1,CUSIP,Dycom Industries Inc. | Term Loan B,Diversified Telecommunication Services,Telecommunications,520000.0,0.0010567799877857908,BB+,BB+,BB+,SP_ISSUER,100.688,BBG_LAST_PRICE,FLT,5.4047,175.0,0.0,0.0365621,175.0,PAR_DM_APPROX_EQ_SPREAD,2033-01-27,6.6612,6.6612,,,0.45,1_MINUS_SP_RECOVERY_RATE,,No,, ,US,bloomberg_clo
ARES_2023_68A,,2026-05-31,88675UAE2,CUSIP,"Tiger Acquisition, LLC | Term Loan Refinancing Initial (8/25)",Industrial Conglomerates,High Tech Industries,511137.5,0.0010387690019362684,B,B,B,SP_ISSUER,100.375,BBG_LAST_PRICE,FLT,6.1543,250.0,0.0,0.0365621,250.0,PAR_DM_APPROX_EQ_SPREAD,2032-08-23,6.2313,6.2313,,,0.72,1_MINUS_SP_RECOVERY_RATE,,No,,Yes,US,bloomberg_clo
ARES_2023_68A,,2026-05-31,07768YAS1,CUSIP,Belfor Holdings Inc. | Term Loan B,Professional Services,Services: Business,509918.3,0.0010362912593187522,B-,B-,B-,SP_ISSUER,100.25,BBG_LAST_PRICE,FLT,6.4022,275.0,0.005,0.0365621,275.0,PAR_DM_APPROX_EQ_SPREAD,2030-11-01,4.4216,4.4216,,,0.7,1_MINUS_SP_RECOVERY_RATE,,No,,Yes,US,bloomberg_clo
ARES_2023_68A,,2026-05-31,89783WAB1,CUSIP,"Trucordia Insurance Holdings, LLC | Term Loan B (06/25)",Financial Services,"Banking, Finance, Insurance & Real Estate",507215.33,0.0010307980966195497,B-,B-,B-,SP_ISSUER,92.0,BBG_LAST_PRICE,FLT,6.9022,325.0,0.0,0.0365621,325.0,PAR_DM_APPROX_EQ_SPREAD,2032-06-14,6.0397,6.0397,,,0.7,1_MINUS_SP_RECOVERY_RATE,,No,,Yes,US,bloomberg_clo
ARES_2023_68A,,2026-05-31,60646CAK3,CUSIP,"Mister Car Wash Holdings, Inc. | Term Loan B (03/24)",Diversified Consumer Services,Retail,506165.71,0.001028664986214204,B,B,B,SP_ISSUER,100.313,BBG_LAST_PRICE,FLT,5.9022,225.0,0.0,0.0365621,225.0,PAR_DM_APPROX_EQ_SPREAD,2031-03-27,4.8214,4.8214,,,0.7,1_MINUS_SP_RECOVERY_RATE,,No,,Yes,US,bloomberg_clo
ARES_2023_68A,,2026-05-31,91159HJP6,CUSIP,U.S. Bancorp | US BANCORP VARIABLE 10/26/2027,Financial Services,"Banking, Finance, Insurance & Real Estate",501000.0,0.0010181668728474636,A,A,A,SP_ISSUER,100.846,BBG_LAST_PRICE,FLT,5.5583,188.0,0.0,0.0365621,188.0,PAR_DM_APPROX_EQ_SPREAD,2027-10-26,1.4045,1.4045,,,0.82,1_MINUS_SP_RECOVERY_RATE,,No,, ,US,bloomberg_clo
ARES_2023_68A,,2026-05-31,29444UBS4,CUSIP,Equinix Inc | EQIX 2.5% 5/15/2031,"Technology Hardware, Storage & Peripherals",High Tech Industries,500000.0,0.0010161346036401833,BBB+,BBB+,BBB+,SP_ISSUER,89.793,BBG_LAST_PRICE,FXD,2.5,0.0,0.025,0.0365621,0.0,PAR_DM_APPROX_EQ_SPREAD,2031-05-15,4.9555,4.9555,,,0.82,1_MINUS_SP_RECOVERY_RATE,,No,, ,US,bloomberg_clo
ARES_2023_68A,,2026-05-31,94106LBP3,CUSIP,Waste Management Inc | WASTE MANAGEMENT 1.5% 3/15/2031,Commercial Services & Supplies,Environmental Industries,500000.0,0.0010161346036401833,A-,,A-,SP_ISSUE_FALLBACK,87.034,BBG_LAST_PRICE,FXD,1.5,0.0,0.015,0.0365621,0.0,PAR_DM_APPROX_EQ_SPREAD,2031-03-15,4.7885,4.7885,,,0.82,1_MINUS_SP_RECOVERY_RATE,,No,, ,US,bloomberg_clo
ARES_2023_68A,,2026-05-31,62878KAD6,CUSIP,"N-Able International Holdings II, LLC | Term Loan B (11/25)",Software,High Tech Industries,498750.0,0.001013594267131083,B+,B+,B+,SP_ISSUER,101.0,BBG_LAST_PRICE,FLT,6.4227,275.0,0.0,0.0365621,275.0,PAR_DM_APPROX_EQ_SPREAD,2032-11-26,6.4914,6.4914,,,0.7,1_MINUS_SP_RECOVERY_RATE,,No,,Yes,US,bloomberg_clo
ARES_2023_68A,,2026-05-31,38017BAW6,CUSIP,"Go Daddy Operating Company, LLC | Term Loan B7",IT Services,High Tech Industries,498585.81,0.0010132605888499395,BB,BB,BB,SP_ISSUER,98.063,BBG_LAST_PRICE,FLT,5.4022,175.0,0.0,0.0365621,175.0,PAR_DM_APPROX_EQ_SPREAD,2031-05-30,4.9966,4.9966,,,0.55,1_MINUS_SP_RECOVERY_RATE,,No,,Yes,US,bloomberg_clo
ARES_2023_68A,,2026-05-31,00488PAV7,CUSIP,"Acrisure, LLC | Term Loan  B (12/24)",Insurance,"Banking, Finance, Insurance & Real Estate",496442.58,0.00100890496851682,B,B,B,SP_ISSUER,94.25,BBG_LAST_PRICE,FLT,6.6522,300.0,0.0,0.0365621,300.0,PAR_DM_APPROX_EQ_SPREAD,2030-11-06,4.4353,4.4353,,,0.7,1_MINUS_SP_RECOVERY_RATE,,No,,Yes,US,bloomberg_clo
ARES_2023_68A,,2026-05-31,22750JAG9,CUSIP,Cross Financial Corp | Term Loan B4 (07/25),Capital Markets,"Banking, Finance, Insurance & Real Estate",495012.5,0.0010059986609688724,B,B,B,SP_ISSUER,96.813,BBG_LAST_PRICE,FLT,6.4022,275.0,0.0,0.0365621,275.0,PAR_DM_APPROX_EQ_SPREAD,2031-10-31,5.4182,5.4182,,,0.7,1_MINUS_SP_RECOVERY_RATE,,No,,Yes,US,bloomberg_clo
ARES_2023_68A,,2026-05-31,91728NAD1,CUSIP,PG Polaris BidCo S.a r.l. | Term Loan B (11/25),Health Care Providers & Services,Healthcare & Pharmaceuticals,494776.77,0.0010055195941486403,B+,B+,B+,SP_ISSUER,100.188,BBG_LAST_PRICE,FLT,5.9496,225.0,0.0,0.0365621,225.0,PAR_DM_APPROX_EQ_SPREAD,2031-03-26,4.8186,4.8186,,,0.7,1_MINUS_SP_RECOVERY_RATE,,No,,Yes,US,bloomberg_clo
ARES_2023_68A,,2026-05-31,BBG01VYC7ZZ3,FIGI,Lernen Bidco Limited | Term Loan B3,Financial Services,Services: Consumer,493781.16,0.00100349624660318,B-,B-,B-,SP_ISSUER,98.25,BBG_LAST_PRICE,FLT,7.14,350.0,0.0,0.0365621,350.0,PAR_DM_APPROX_EQ_SPREAD,2031-10-25,5.4018,5.4018,,,0.7,1_MINUS_SP_RECOVERY_RATE,,No,, ,US,bloomberg_clo
ARES_2023_68A,,2026-05-31,BBG01M0SJGV8,FIGI,Quartz Holding Company | Term Loan,Software,High Tech Industries,488219.9,0.0009921942691515,B-,B-,B-,SP_ISSUER,97.813,BBG_LAST_PRICE,FLT,6.9022,325.0,0.005,0.0365621,325.0,PAR_DM_APPROX_EQ_SPREAD,2028-10-02,2.3409,2.3409,,,0.7,1_MINUS_SP_RECOVERY_RATE,,No,,Yes,US,bloomberg_clo
ARES_2023_68A,,2026-05-31,89705DAQ5,CUSIP,Tronox Finance LLC | Term Loan (09/24),Chemicals,"Chemicals, Plastics & Rubber",477296.32,0.0009699946138842363,CCC+,CCC+,CCC+,SP_ISSUER,87.375,BBG_LAST_PRICE,FLT,5.9496,225.0,0.0,0.0365621,225.0,PAR_DM_APPROX_EQ_SPREAD,2029-04-04,2.8446,2.8446,,,0.3,1_MINUS_SP_RECOVERY_RATE,,No,, ,US,bloomberg_clo
ARES_2023_68A,,2026-05-31,L2210TAM7,CUSIP,Curium BidCo S.a r.l. | USD Term Loan B (07/25),Commercial Services & Supplies,Services: Consumer,474240.39,0.000963784141445632,B-,B-,B-,SP_ISSUER,100.75,BBG_LAST_PRICE,FLT,6.6996,300.0,0.0,0.0365621,300.0,PAR_DM_APPROX_EQ_SPREAD,2031-08-06,5.1828,5.1828,,,0.65,1_MINUS_SP_RECOVERY_RATE,,No,, ,US,bloomberg_clo
ARES_2023_68A,,2026-05-31,12568YAH7,CUSIP,Charlotte Buyer Inc | Term Loan B (01/25),Health Care Providers & Services,Healthcare & Pharmaceuticals,468255.03,0.0009516202786231443,B-,B-,B-,SP_ISSUER,100.188,BBG_LAST_PRICE,FLT,7.9018,425.0,0.005,0.0365621,425.0,PAR_DM_APPROX_EQ_SPREAD,2028-02-11,1.7002,1.7002,,,0.65,1_MINUS_SP_RECOVERY_RATE,,No,, ,US,bloomberg_clo
ARES_2023_68A,,2026-05-31,L6257FAP5,CUSIP,Marcel BidCo LLC | Term Loan (7/25),Software,High Tech Industries,464085.53,0.0009431467321633889,B+,B+,B+,SP_ISSUER,98.75,BBG_LAST_PRICE,FLT,6.64,300.0,0.0,0.0365621,300.0,PAR_DM_APPROX_EQ_SPREAD,2030-11-09,4.4435,4.4435,,,0.55,1_MINUS_SP_RECOVERY_RATE,,No,,Yes,US,bloomberg_clo
ARES_2023_68A,,2026-05-31,74142KAQ2,CUSIP,"Pretium PKG Holdings, Inc. | Pretium Packaging 2/26 Second Out Takeback Exit Term Loan",Containers & Packaging,"Containers, Packaging & Glass",462592.8,0.0009401131029496051,CCC+,CCC+,CCC+,SP_ISSUER,63.4061,PROXY_RATING_COHORT_WA,FLT,9.4174,575.0,0.0,0.0365621,575.0,PAR_DM_APPROX_EQ_SPREAD,2032-03-01,5.7522,5.7522,,,0.9,1_MINUS_SP_RECOVERY_RATE,,No,, ,US,bloomberg_clo
ARES_2023_68A,,2026-05-31,437076CH3,CUSIP,Home Depot Inc | HD 1 1/2 09/15/28,Construction Materials,Consumer Goods: Durable,460000.0,0.0009348438353489687,A,A,A,SP_ISSUER,94.428,BBG_LAST_PRICE,FXD,1.5,0.0,0.015,0.0365621,0.0,PAR_DM_APPROX_EQ_SPREAD,2028-09-15,2.2943,2.2943,,,0.82,1_MINUS_SP_RECOVERY_RATE,,No,, ,US,bloomberg_clo
ARES_2023_68A,,2026-05-31,16115EAT4,CUSIP,"Chart Industries, Inc. | Term Loan B",Commercial Services & Supplies,Environmental Industries,450320.6,0.0009151726887840191,BB,BB-,BB-,SP_ISSUER,100.188,BBG_LAST_PRICE,FLT,6.1822,250.0,0.005,0.0365621,250.0,PAR_DM_APPROX_EQ_SPREAD,2030-03-15,3.7892,3.7892,,,0.6,1_MINUS_SP_RECOVERY_RATE,,No,, ,US,bloomberg_clo
ARES_2023_68A,,2026-05-31,08167PAD8,CUSIP,BENDING SPOONS US INC. | Term Loan (12/25),Software,High Tech Industries,450000.0,0.000914521143276165,B+,B+,B+,SP_ISSUER,98.75,BBG_LAST_PRICE,FLT,9.536,587.5,0.01,0.0365621,587.5,PAR_DM_APPROX_EQ_SPREAD,2031-03-07,4.7666,4.7666,,,0.55,1_MINUS_SP_RECOVERY_RATE,,No,, ,US,bloomberg_clo
ARES_2023_68A,,2026-05-31,82453JAC2,CUSIP,SHIFT4 Payments LLC | TL B,Financial Services,"Banking, Finance, Insurance & Real Estate",448875.0,0.0009122348404179746,BB-,BB-,BB-,SP_ISSUER,100.188,BBG_LAST_PRICE,FLT,5.6773,200.0,0.0,0.0365621,200.0,PAR_DM_APPROX_EQ_SPREAD,2032-07-05,6.0972,6.0972,,,0.3,1_MINUS_SP_RECOVERY_RATE,,No,,Yes,US,bloomberg_clo
ARES_2023_68A,,2026-05-31,89705DAP7,CUSIP,Tronox Finance LLC | Term Loan B (09/24),Chemicals,"Chemicals, Plastics & Rubber",448867.67,0.0009122199438846852,CCC+,CCC+,CCC+,SP_ISSUER,85.0,BBG_LAST_PRICE,FLT,6.1996,250.0,0.0,0.0365621,250.0,PAR_DM_APPROX_EQ_SPREAD,2031-09-30,5.3333,5.3333,,,0.3,1_MINUS_SP_RECOVERY_RATE,,No,, ,US,bloomberg_clo
ARES_2023_68A,,2026-05-31,01642UAK1,CUSIP,"Alkermes, Inc. | Term Loan B (01/26)",Pharmaceuticals,Healthcare & Pharmaceuticals,440000.0,0.0008941984512033614,BB,BB,BB,SP_ISSUER,100.938,BBG_LAST_PRICE,FLT,6.4177,275.0,0.0,0.0365621,275.0,PAR_DM_APPROX_EQ_SPREAD,2031-08-12,5.1992,5.1992,,,0.55,1_MINUS_SP_RECOVERY_RATE,,No,,Yes,US,bloomberg_clo
ARES_2023_68A,,2026-05-31,12804VAC8,CUSIP,"Calabrio, Inc. | Term Loan (10/25)",IT Services,High Tech Industries,421578.95,0.0008567619185225894,B,B,B,SP_ISSUER,78.313,BBG_LAST_PRICE,FLT,7.6727,400.0,0.0,0.0365621,400.0,PAR_DM_APPROX_EQ_SPREAD,2032-11-26,6.4914,6.4914,,,0.37,1_MINUS_SP_RECOVERY_RATE,,No,,Yes,US,bloomberg_clo
ARES_2023_68A,,2026-05-31,03970GAC8,CUSIP,ARCWOOD ENVIRONMENTAL INC | Term Loan B,Energy Equipment & Services,Environmental Industries,415871.56,0.0008451629655716494,B,B,B,SP_ISSUER,100.5,BBG_LAST_PRICE,FLT,6.6918,300.0,0.0,0.0365621,300.0,PAR_DM_APPROX_EQ_SPREAD,2033-04-01,6.8364,6.8364,,,0.55,1_MINUS_SP_RECOVERY_RATE,,No,, ,US,bloomberg_clo
ARES_2023_68A,,2026-05-31,04626LAJ8,CUSIP,Astoria Energy LLC | Term Loan B (09/24),Energy Equipment & Services,Energy: Electricity,413634.55,0.0008406167590322711,B+,,B+,SP_ISSUE_FALLBACK,100.313,BBG_LAST_PRICE,FLT,5.9022,225.0,0.0,0.0365621,225.0,PAR_DM_APPROX_EQ_SPREAD,2032-06-16,6.0452,6.0452,,,0.4,1_MINUS_SP_RECOVERY_RATE,,No,,Yes,US,bloomberg_clo
ARES_2023_68A,,2026-05-31,94106LBN8,CUSIP,Waste Management Inc | WASTE MANAGEMENT   1.15%   3/15/2028,Commercial Services & Supplies,Environmental Industries,411000.0,0.0008352626441922307,A-,,A-,SP_ISSUE_FALLBACK,94.916,BBG_LAST_PRICE,FXD,1.15,0.0,0.0115,0.0365621,0.0,PAR_DM_APPROX_EQ_SPREAD,2028-03-15,1.7906,1.7906,,,0.82,1_MINUS_SP_RECOVERY_RATE,,No,, ,US,bloomberg_clo
ARES_2023_68A,,2026-05-31,C0787FAL6,CUSIP,Bausch & Lomb Corporation | Term Loan 2025-2,Health Care Providers & Services,Healthcare & Pharmaceuticals,401904.7,0.0008167785460712536,B,B,B,SP_ISSUER,100.313,BBG_LAST_PRICE,FLT,7.4022,375.0,0.0,0.0365621,375.0,PAR_DM_APPROX_EQ_SPREAD,2031-01-15,4.627,4.627,,,0.7,1_MINUS_SP_RECOVERY_RATE,,No,,Yes,US,bloomberg_clo
ARES_2023_68A,,2026-05-31,86388BAE6,CUSIP,"Student Transportation of America Holdings, Inc. | Term Loan",Ground Transportation,Transportation: Consumer,400074.07,0.00081305821309233,B+,B+,B+,SP_ISSUER,100.438,BBG_LAST_PRICE,FLT,6.4239,275.0,0.0,0.0365621,275.0,PAR_DM_APPROX_EQ_SPREAD,2032-06-24,6.0671,6.0671,,,0.65,1_MINUS_SP_RECOVERY_RATE,,No,,Yes,US,bloomberg_clo
ARES_2023_68A,,2026-05-31,76090LAK0,CUSIP,Resideo Funding Inc. | M&A Term Loan B (11/24),"Electronic Equipment, Instruments & Components",Wholesale,399493.14,0.0008118776069417446,BB,BB+,BB+,SP_ISSUER,100.188,BBG_LAST_PRICE,FLT,5.6405,200.0,0.0,0.0365621,200.0,PAR_DM_APPROX_EQ_SPREAD,2031-06-13,5.0349,5.0349,,,0.37,1_MINUS_SP_RECOVERY_RATE,,No,, ,US,bloomberg_clo
ARES_2023_68A,,2026-05-31,16117LCE7,CUSIP,"Charter Communications Operating, LLC. | Term Loan B (11/24)",Media,Media: Broadcasting & Subscription,399469.23,0.0008118290153849984,BB+,NR,BB+,SP_ISSUE_FALLBACK,97.25,BBG_LAST_PRICE,FLT,5.9418,225.0,0.0,0.0365621,225.0,PAR_DM_APPROX_EQ_SPREAD,2031-12-15,5.5414,5.5414,,,0.3,1_MINUS_SP_RECOVERY_RATE,,No,, ,US,bloomberg_clo
ARES_2023_68A,,2026-05-31,98919XAH4,CUSIP,"Zayo Group Holdings, Inc. | Term Loan (09/25)",Diversified Telecommunication Services,Telecommunications,380781.98,0.0007738514926412484,B-,B-,B-,SP_ISSUER,100.188,BBG_LAST_PRICE,FLT,6.7667,300.0,0.0,0.0365621,300.0,PAR_DM_APPROX_EQ_SPREAD,2030-03-11,3.7782,3.7782,,,0.8,1_MINUS_SP_RECOVERY_RATE,,No,, ,US,bloomberg_clo
ARES_2023_68A,,2026-05-31,05550HAQ8,CUSIP,"BCPE Empire Holdings, Inc. | Term Loan",Containers & Packaging,"Containers, Packaging & Glass",377488.34,0.0007671579294893816,B,B,B,SP_ISSUER,99.563,BBG_LAST_PRICE,FLT,6.9022,325.0,0.005,0.0365621,325.0,PAR_DM_APPROX_EQ_SPREAD,2030-12-11,4.5311,4.5311,,,0.7,1_MINUS_SP_RECOVERY_RATE,,No,,No,US,bloomberg_clo
ARES_2023_68A,,2026-05-31,09261XAG7,CUSIP,Blackstone Secured Lending Fund | BXSL 2.85% 9/30/2028,Financial Services,"Banking, Finance, Insurance & Real Estate",375000.0,0.0007621009527301376,BBB-,BBB-,BBB-,SP_ISSUER,94.327,BBG_LAST_PRICE,FXD,2.85,0.0,0.0285,0.0365621,0.0,PAR_DM_APPROX_EQ_SPREAD,2028-09-30,2.3354,2.3354,,,0.82,1_MINUS_SP_RECOVERY_RATE,,No,, ,US,bloomberg_clo
ARES_2023_68A,,2026-05-31,04685A3C3,CUSIP,Athene Global Funding | ATHENE GLOBAL FU 1.985% 8/19/2028,Insurance,"Banking, Finance, Insurance & Real Estate",375000.0,0.0007621009527301376,A-,A-,A-,SP_ISSUER,93.849,BBG_LAST_PRICE,FXD,1.985,0.0,0.01985,0.0365621,0.0,PAR_DM_APPROX_EQ_SPREAD,2028-08-19,2.2204,2.2204,,,0.59,1_MINUS_SP_RECOVERY_RATE,,No,, ,US,bloomberg_clo
ARES_2023_68A,,2026-05-31,00036FAB0,CUSIP,"A-AP Buyer, Inc. | Term Loan B",Chemicals,"Chemicals, Plastics & Rubber",372337.98,0.000756691011454973,B,B,B,SP_ISSUER,100.5,BBG_LAST_PRICE,FLT,6.4134,275.0,0.0,0.0365621,275.0,PAR_DM_APPROX_EQ_SPREAD,2031-09-09,5.2758,5.2758,,,0.5,1_MINUS_SP_RECOVERY_RATE,,No,,Yes,US,bloomberg_clo
ARES_2023_68A,,2026-05-31,68218HAE7,CUSIP,"OMNIA Partners, LLC | Term Loan B",Professional Services,Services: Business,369743.95,0.0007514192441632116,B,B,B,SP_ISSUER,100.5,BBG_LAST_PRICE,FLT,6.4333,275.0,0.0,0.0365621,275.0,PAR_DM_APPROX_EQ_SPREAD,2032-12-31,6.5873,6.5873,,,0.6,1_MINUS_SP_RECOVERY_RATE,,No,,Yes,US,bloomberg_clo
ARES_2023_68A,,2026-05-31,29977YAB9,CUSIP,Evercommerce Solutions Inc. | Term Loan,Software,Services: Business,365352.94,0.0007424955297513514,B+,B+,B+,SP_ISSUER,97.438,BBG_LAST_PRICE,FLT,5.9022,225.0,0.005,0.0365621,225.0,PAR_DM_APPROX_EQ_SPREAD,2031-07-07,5.1006,5.1006,,,0.7,1_MINUS_SP_RECOVERY_RATE,,No,,Yes,US,bloomberg_clo
ARES_2023_68A,,2026-05-31,75605VAH5,CUSIP,"RealPage, Inc. | Incremental Term Loan (12/24)",Professional Services,Services: Business,365264.34,0.0007423154706995864,B-,B-,B-,SP_ISSUER,95.625,BBG_LAST_PRICE,FLT,7.4496,375.0,0.005,0.0365621,375.0,PAR_DM_APPROX_EQ_SPREAD,2028-04-24,1.9001,1.9001,,,0.65,1_MINUS_SP_RECOVERY_RATE,,No,, ,US,bloomberg_clo
ARES_2023_68A,,2026-05-31,29387PAB2,CUSIP,"ENTRATA, INC | Term Loan",Software,High Tech Industries,364358.38,0.0007404743160885586,,,,SP_ISSUE_FALLBACK,99.375,BBG_LAST_PRICE,FLT,6.4022,275.0,0.0,0.0365621,275.0,PAR_DM_APPROX_EQ_SPREAD,2032-09-20,6.308,6.308,,,0.6447,SECTOR_MEAN_RR_FALLBACK,,No,, ,US,bloomberg_clo
ARES_2023_68A,,2026-05-31,69380SAC7,CUSIP,"Pye-Barker Fire & Safety, LLC | Delayed Draw Term Loan (12/25)",Commercial Services & Supplies,Services: Business,364071.13,0.0007398905467587674,B,B,B,SP_ISSUER,100.25,BBG_LAST_PRICE,FLT,2.5,250.0,0.0,0.0365621,250.0,PAR_DM_APPROX_EQ_SPREAD,2032-12-16,6.5462,6.5462,,,0.65,1_MINUS_SP_RECOVERY_RATE,,No,, ,US,bloomberg_clo
ARES_2023_68A,,2026-05-31,22413DAB2,CUSIP,"CPV Three Rivers, LLC | Term Loan B (03/26)",Gas Utilities,Utilities: Oil & Gas,360000.0,0.000731616914620932,B+,,B+,SP_ISSUE_FALLBACK,100.25,BBG_LAST_PRICE,FLT,6.4231,275.0,0.0,0.0365621,275.0,PAR_DM_APPROX_EQ_SPREAD,2033-04-15,6.8747,6.8747,,,0.25,1_MINUS_SP_RECOVERY_RATE,,No,, ,US,bloomberg_clo
ARES_2023_68A,,2026-05-31,71376GAK7,CUSIP,"PerForce Software, Inc. | Amendment No. 7 Term Loan (12/24)",Software,High Tech Industries,356899.23,0.0007253153152310733,B-,B-,B-,SP_ISSUER,56.375,BBG_LAST_PRICE,FLT,8.4022,475.0,0.0,0.0365621,475.0,PAR_DM_APPROX_EQ_SPREAD,2029-06-29,3.0801,3.0801,,,0.65,1_MINUS_SP_RECOVERY_RATE,,No,,Yes,US,bloomberg_clo
ARES_2023_68A,,2026-05-31,03703HAD8,CUSIP,Anticimex Global AB | Term Loan B,Professional Services,Services: Consumer,353278.94,0.0007179579113426482,B,B,B,SP_ISSUER,100.313,BBG_LAST_PRICE,FLT,6.54,290.0,0.0,0.0365621,290.0,PAR_DM_APPROX_EQ_SPREAD,2031-11-17,5.4648,5.4648,,,0.7,1_MINUS_SP_RECOVERY_RATE,,No,,Yes,SE,bloomberg_clo
ARES_2023_68A,,2026-05-31,89705DAP7,CUSIP,Tronox Finance LLC | Term Loan B (09/24),Chemicals,"Chemicals, Plastics & Rubber",350767.64,0.000712854273682405,CCC+,CCC+,CCC+,SP_ISSUER,85.0,BBG_LAST_PRICE,FLT,6.1522,250.0,0.0,0.0365621,250.0,PAR_DM_APPROX_EQ_SPREAD,2031-09-30,5.3333,5.3333,,,0.3,1_MINUS_SP_RECOVERY_RATE,,No,, ,US,bloomberg_clo
ARES_2023_68A,,2026-05-31,17148PAF8,CUSIP,Churchill Downs Incorporated | Term Loan B1 (3/21),"Hotels, Restaurants & Leisure","Hotel, Gaming & Leisure",346725.09,0.0007046387237985138,BB-,BB-,BB-,SP_ISSUER,100.188,BBG_LAST_PRICE,FLT,5.4022,175.0,0.0,0.0365621,175.0,PAR_DM_APPROX_EQ_SPREAD,2028-03-17,1.796,1.796,,,0.3,1_MINUS_SP_RECOVERY_RATE,,No,, ,US,bloomberg_clo
ARES_2023_68A,,2026-05-31,90351NAQ8,CUSIP,"USI, Inc. | Term Loan B 2030 (12/24)",Insurance,"Banking, Finance, Insurance & Real Estate",338682.97,0.0006882949709612602,B,B,B,SP_ISSUER,100.0,BBG_LAST_PRICE,FLT,5.9496,225.0,0.0,0.0365621,225.0,PAR_DM_APPROX_EQ_SPREAD,2030-09-27,4.3258,4.3258,,,0.7,1_MINUS_SP_RECOVERY_RATE,,No,,Yes,US,bloomberg_clo
ARES_2023_68A,,2026-05-31,75049EAR5,CUSIP,"RadNet Management, Inc. | Term Loan B (11/24)",Health Care Providers & Services,Healthcare & Pharmaceuticals,332741.75,0.0006762208125015819,B+,B+,B+,SP_ISSUER,100.0,BBG_LAST_PRICE,FLT,5.9227,225.0,0.0,0.0365621,225.0,PAR_DM_APPROX_EQ_SPREAD,2031-04-18,4.8816,4.8816,,,0.6,1_MINUS_SP_RECOVERY_RATE,,No,, ,US,bloomberg_clo
ARES_2023_68A,,2026-05-31,80583EAP1,CUSIP,"Sazerac Company, Inc. | Term Loan B (01/26)",Consumer Staples Distribution & Retail,"Beverage, Food & Tobacco",328550.0,0.0006677020480519645,BB-,BB-,BB-,SP_ISSUER,100.0,BBG_LAST_PRICE,FLT,5.66,200.0,0.0,0.0365621,200.0,PAR_DM_APPROX_EQ_SPREAD,2032-07-09,6.1081,6.1081,,,0.6,1_MINUS_SP_RECOVERY_RATE,,No,,Yes,US,bloomberg_clo
ARES_2023_68A,,2026-05-31,47232MAF9,CUSIP,Jefferies Finance LLC / JFIN Co-Issuer Corp | JEFFIN   5.0%   8/15/28,Financial Services,"Banking, Finance, Insurance & Real Estate",304000.0,0.0006178098390132315,BB-,BB-,BB-,SP_ISSUER,97.02,BBG_LAST_PRICE,FXD,5.0,0.0,0.05,0.0365621,0.0,PAR_DM_APPROX_EQ_SPREAD,2028-08-15,2.2094,2.2094,,,0.82,1_MINUS_SP_RECOVERY_RATE,,No,, ,US,bloomberg_clo
ARES_2023_68A,,2026-05-31,25471NAC0,CUSIP,Discovery Purchaser Corporation | Term Loan,Chemicals,"Chemicals, Plastics & Rubber",297476.72,0.0006045527779387635,B-,B-,B-,SP_ISSUER,99.563,BBG_LAST_PRICE,FLT,7.4136,375.0,0.005,0.0365621,375.0,PAR_DM_APPROX_EQ_SPREAD,2029-10-04,3.3457,3.3457,,,0.65,1_MINUS_SP_RECOVERY_RATE,,No,,Yes,US,bloomberg_clo
ARES_2023_68A,,2026-05-31,26928BAR0,CUSIP,"EW Scripps Company, The | Term Loan B3",Media,"Media: Advertising, Printing & Publishing",296396.46,0.0006023573988049069,CCC+,CCC+,CCC+,SP_ISSUER,95.875,BBG_LAST_PRICE,FLT,7.1255,335.0,0.01,0.0365621,335.0,PAR_DM_APPROX_EQ_SPREAD,2029-11-30,3.5017,3.5017,,,0.3,1_MINUS_SP_RECOVERY_RATE,,No,, ,US,bloomberg_clo
ARES_2023_68A,,2026-05-31,05338KAD9,CUSIP,"Avalara, Inc., | Term Loan (09/25)",Software,High Tech Industries,294440.76,0.0005983828899162288,B-,B-,B-,SP_ISSUER,96.563,BBG_LAST_PRICE,FLT,6.4496,275.0,0.0,0.0365621,275.0,PAR_DM_APPROX_EQ_SPREAD,2032-03-26,5.8207,5.8207,,,0.7,1_MINUS_SP_RECOVERY_RATE,,No,,Yes,US,bloomberg_clo
ARES_2023_68A,,2026-05-31,37045VAU4,CUSIP,GENERAL MOTORS CO | GENERAL MOTORS 6.8% 10/1/27,Automobiles,Automotive,293000.0,0.0005954548777331475,BBB,BBB,BBB,SP_ISSUER,102.647,BBG_LAST_PRICE,FXD,6.8,0.0,0.068,0.0365621,0.0,PAR_DM_APPROX_EQ_SPREAD,2027-10-01,1.3361,1.3361,,,0.82,1_MINUS_SP_RECOVERY_RATE,,No,, ,US,bloomberg_clo
ARES_2023_68A,,2026-05-31,C6903HAB0,CUSIP,1261229 B.C. LTD. | Term Loan B,Pharmaceuticals,Healthcare & Pharmaceuticals,290560.57,0.0005904972992608316,B-,B-,B-,SP_ISSUER,96.438,BBG_LAST_PRICE,FLT,9.9022,625.0,0.0,0.0365621,625.0,PAR_DM_APPROX_EQ_SPREAD,2030-09-25,4.3203,4.3203,,,0.37,1_MINUS_SP_RECOVERY_RATE,,No,, ,US,bloomberg_clo
ARES_2023_68A,,2026-05-31,01021AAB6,CUSIP,"AL NGPL Holdings, LLC | Term Loan B","Oil, Gas & Consumable Fuels",Energy: Oil & Gas,290000.0,0.0005893580701113063,B+,B+,B+,SP_ISSUER,100.25,BBG_LAST_PRICE,FLT,5.6773,200.0,0.01,0.0365621,200.0,PAR_DM_APPROX_EQ_SPREAD,2030-12-09,4.5257,4.5257,,,0.7,1_MINUS_SP_RECOVERY_RATE,,No,, ,US,bloomberg_clo
ARES_2023_68A,,2026-05-31,05554DAB6,CUSIP,BIP Pipeco Holdings LLC | Term Loan (12/23),"Oil, Gas & Consumable Fuels",Energy: Oil & Gas,290000.0,0.0005893580701113063,B+,B+,B+,SP_ISSUER,100.188,BBG_LAST_PRICE,FLT,5.6773,200.0,0.0,0.0365621,200.0,PAR_DM_APPROX_EQ_SPREAD,2030-12-05,4.5147,4.5147,,,0.7,1_MINUS_SP_RECOVERY_RATE,,No,, ,US,bloomberg_clo
ARES_2023_68A,,2026-05-31,00435CAV0,CUSIP,"Access CIG, LLC | Term Loan B (09/25)",Professional Services,Services: Business,286827.79,0.0005829112854092794,B,B,B,SP_ISSUER,90.438,BBG_LAST_PRICE,FLT,7.6996,400.0,0.005,0.0365621,400.0,PAR_DM_APPROX_EQ_SPREAD,2030-08-19,4.219,4.219,,,0.7,1_MINUS_SP_RECOVERY_RATE,,No,,Yes,US,bloomberg_clo
ARES_2023_68A,,2026-05-31,71376GAJ0,CUSIP,"PerForce Software, Inc. | Fifth Incrementral Term Loan (03/24)",Software,High Tech Industries,282176.59,0.0005734587948723771,B-,B-,B-,SP_ISSUER,52.188,BBG_LAST_PRICE,FLT,8.4022,475.0,0.005,0.0365621,475.0,PAR_DM_APPROX_EQ_SPREAD,2031-03-21,4.8049,4.8049,,,0.65,1_MINUS_SP_RECOVERY_RATE,,No,, ,US,bloomberg_clo
ARES_2023_68A,,2026-05-31,98980XAC9,CUSIP,"Zodiac Purchaser, L.L.C. | Term Loan (12/24)",Software,High Tech Industries,275078.98,0.0005590345406240919,B,B,B,SP_ISSUER,93.563,BBG_LAST_PRICE,FLT,7.1522,350.0,0.0,0.0365621,350.0,PAR_DM_APPROX_EQ_SPREAD,2032-02-16,5.7139,5.7139,,,0.7,1_MINUS_SP_RECOVERY_RATE,,No,,Yes,US,bloomberg_clo
ARES_2023_68A,,2026-05-31,26812CAP1,CUSIP,"Dynasty Acquisition Co., Inc. | Term Loan  B-2 (10/24)",Aerospace & Defense,Aerospace & Defense,272111.11,0.0005530030298118807,BB-,BB-,BB-,SP_ISSUER,100.375,BBG_LAST_PRICE,FLT,5.6522,200.0,0.0,0.0365621,200.0,PAR_DM_APPROX_EQ_SPREAD,2031-10-31,5.4182,5.4182,,,0.65,1_MINUS_SP_RECOVERY_RATE,,No,, ,US,bloomberg_clo
ARES_2023_68A,,2026-05-31,98932TAG8,CUSIP,"Zelis Cost Management Buyer, Inc. | Term Loan B 2",Health Care Providers & Services,Services: Business,264559.53,0.0005376561863115664,B,B,B,SP_ISSUER,98.313,BBG_LAST_PRICE,FLT,6.4022,275.0,0.0,0.0365621,275.0,PAR_DM_APPROX_EQ_SPREAD,2029-09-28,3.3292,3.3292,,,0.7,1_MINUS_SP_RECOVERY_RATE,,No,,Yes,US,bloomberg_clo
ARES_2023_68A,,2026-05-31,71706PAB8,CUSIP,"PFI Lower Midco, LLC | Term Loan",Consumer Staples Distribution & Retail,"Beverage, Food & Tobacco",263935.79,0.0005363885787162173,B,B,B,SP_ISSUER,100.625,BBG_LAST_PRICE,FLT,7.6522,400.0,0.0,0.0365621,400.0,PAR_DM_APPROX_EQ_SPREAD,2032-12-01,6.5051,6.5051,,,0.55,1_MINUS_SP_RECOVERY_RATE,,No,,Yes,US,bloomberg_clo
ARES_2023_68A,,2026-05-31,08511LBD9,CUSIP,Berlin Packaging L.L.C. | Term Loan (07/25),Containers & Packaging,"Containers, Packaging & Glass",259912.3,0.0005282117638834168,B-,B-,B-,SP_ISSUER,99.5,BBG_LAST_PRICE,FLT,6.9496,325.0,0.0,0.0365621,325.0,PAR_DM_APPROX_EQ_SPREAD,2031-06-07,5.0185,5.0185,,,0.6,1_MINUS_SP_RECOVERY_RATE,,No,,Yes,US,bloomberg_clo
ARES_2023_68A,,2026-05-31,11041RAL2,CUSIP,BAE Systems Finance Inc | BRIT AERO FIN 7.5% 7/01/2027,Aerospace & Defense,Aerospace & Defense,251000.0,0.0005100995710273721,A-,A-,A-,SP_ISSUER,103.338,BBG_LAST_PRICE,FXD,7.5,0.0,0.075,0.0365621,0.0,PAR_DM_APPROX_EQ_SPREAD,2027-07-01,1.0842,1.0842,,,0.82,1_MINUS_SP_RECOVERY_RATE,,No,, ,US,bloomberg_clo
ARES_2023_68A,,2026-05-31,04649VBE9,CUSIP,"Asurion, LLC | Term Loan B13",Insurance,"Banking, Finance, Insurance & Real Estate",250000.0,0.0005080673018200917,B+,B+,B+,SP_ISSUER,100.125,BBG_LAST_PRICE,FLT,7.9022,425.0,0.0,0.0365621,425.0,PAR_DM_APPROX_EQ_SPREAD,2030-09-19,4.3039,4.3039,,,0.5,1_MINUS_SP_RECOVERY_RATE,,No,,Yes,US,bloomberg_clo
ARES_2023_68A,,2026-05-31,438516BU9,CUSIP,Honeywell International Inc | HONEYWELL INTL   2.7%   8/15/2029,Industrial Conglomerates,High Tech Industries,250000.0,0.0005080673018200917,A,A,A,SP_ISSUER,94.927,BBG_LAST_PRICE,FXD,2.7,0.0,0.027,0.0365621,0.0,PAR_DM_APPROX_EQ_SPREAD,2029-08-15,3.2088,3.2088,,,0.82,1_MINUS_SP_RECOVERY_RATE,,No,, ,US,bloomberg_clo
ARES_2023_68A,,2026-05-31,883556CL4,CUSIP,Thermo Fisher Scientific Inc. | THERMO FISHER 2% 10/15/2031,Life Sciences Tools & Services,Healthcare & Pharmaceuticals,250000.0,0.0005080673018200917,A-,A-,A-,SP_ISSUER,88.129,BBG_LAST_PRICE,FXD,2.0,0.0,0.02,0.0365621,0.0,PAR_DM_APPROX_EQ_SPREAD,2031-10-15,5.3744,5.3744,,,0.82,1_MINUS_SP_RECOVERY_RATE,,No,, ,US,bloomberg_clo
ARES_2023_68A,,2026-05-31,713448FE3,CUSIP,"PEPSICO, INC. | PepsiCo Inc   1.95%   10/21/31",Beverages,"Beverage, Food & Tobacco",250000.0,0.0005080673018200917,A+,,A+,SP_ISSUE_FALLBACK,88.098,BBG_LAST_PRICE,FXD,1.95,0.0,0.0195,0.0365621,0.0,PAR_DM_APPROX_EQ_SPREAD,2031-10-21,5.3908,5.3908,,,0.82,1_MINUS_SP_RECOVERY_RATE,,No,, ,US,bloomberg_clo
ARES_2023_68A,,2026-05-31,18512EAF9,CUSIP,"Clearwater Analytics, LLC | Term Loan B",Software,High Tech Industries,248750.0,0.0005055269653109913,BB-,BB-,BB-,SP_ISSUER,99.813,BBG_LAST_PRICE,FLT,5.6523,200.0,0.0,0.0365621,200.0,PAR_DM_APPROX_EQ_SPREAD,2032-04-21,5.8919,5.8919,,,0.7,1_MINUS_SP_RECOVERY_RATE,,No,, ,US,bloomberg_clo
ARES_2023_68A,,2026-05-31,36173YAB6,CUSIP,"GIH Borrower, LLC | Term Loan B (11/24)",Financial Services,"Banking, Finance, Insurance & Real Estate",246875.0,0.0005017164605473405,CCC-,,CCC-,SP_ISSUE_FALLBACK,100.125,BBG_LAST_PRICE,FLT,6.1996,250.0,0.0,0.0365621,250.0,PAR_DM_APPROX_EQ_SPREAD,2031-11-26,5.4894,5.4894,,,0.76,1_MINUS_SP_RECOVERY_RATE,,No,, ,US,bloomberg_clo
ARES_2023_68A,,2026-05-31,72349UAC6,CUSIP,"PINNACLE BUYER, LLC | Delay Draw Term Loan",Commercial Services & Supplies,Capital Equipment,243583.33,0.0004950269009658119,B,B,B,SP_ISSUER,100.25,BBG_LAST_PRICE,FLT,2.5,250.0,0.0,0.0365621,250.0,PAR_DM_APPROX_EQ_SPREAD,2032-10-01,6.3381,6.3381,,,0.55,1_MINUS_SP_RECOVERY_RATE,,No,,Yes,US,bloomberg_clo
ARES_2023_68A,,2026-05-31,38021CAC2,CUSIP,Goat Holdco LLC | Term Loan B,Machinery,Capital Equipment,240540.52,0.0004888430918992072,B,B,B,SP_ISSUER,100.125,BBG_LAST_PRICE,FLT,6.1522,250.0,0.0,0.0365621,250.0,PAR_DM_APPROX_EQ_SPREAD,2032-01-27,5.6591,5.6591,,,0.76,1_MINUS_SP_RECOVERY_RATE,,No,,Yes,US,bloomberg_clo
ARES_2023_68A,,2026-05-31,92921UAB2,CUSIP,VSE Corporation | Term Loan B (06/26),Commercial Services & Supplies,Services: Business,240000.0,0.000487744609747288,BB,BB,BB,SP_ISSUER,100.5,BBG_LAST_PRICE,FLT,5.6464,200.0,0.0,0.0365621,200.0,PAR_DM_APPROX_EQ_SPREAD,2033-03-07,6.768,6.768,,,0.72,1_MINUS_SP_RECOVERY_RATE,,No,,Yes,US,bloomberg_clo
ARES_2023_68A,,2026-05-31,96618PAC0,CUSIP,"Whitewater Matterhorn Holdings, LLC | Term Loan",Energy Equipment & Services,Services: Business,239400.0,0.0004865252482229198,BB-,BB-,BB-,SP_ISSUER,100.313,BBG_LAST_PRICE,FLT,5.4496,175.0,0.0,0.0365621,175.0,PAR_DM_APPROX_EQ_SPREAD,2032-06-16,6.0452,6.0452,,,0.65,1_MINUS_SP_RECOVERY_RATE,,No,, ,US,bloomberg_clo
ARES_2023_68A,,2026-05-31,98932TAH6,CUSIP,"Zelis Payments Buyer, Inc | Term Loan B (10/24)",Health Care Providers & Services,Services: Business,237458.84,0.0004825802885285154,B,B,B,SP_ISSUER,98.188,BBG_LAST_PRICE,FLT,6.9022,325.0,0.0,0.0365621,325.0,PAR_DM_APPROX_EQ_SPREAD,2031-11-26,5.4894,5.4894,,,0.7,1_MINUS_SP_RECOVERY_RATE,,No,,Yes,US,bloomberg_clo
ARES_2023_68A,,2026-05-31,N6872PAL5,CUSIP,Pegasus Bidco BV | Term Loan B,Consumer Staples Distribution & Retail,Consumer Goods: Durable,235279.73,0.00047815175037623875,B+,B+,B+,SP_ISSUER,100.25,BBG_LAST_PRICE,FLT,6.4025,275.0,0.0,0.0365621,275.0,PAR_DM_APPROX_EQ_SPREAD,2029-07-12,3.1157,3.1157,,,0.6,1_MINUS_SP_RECOVERY_RATE,,No,, ,NL,bloomberg_clo
ARES_2023_68A,,2026-05-31,45567YAN5,CUSIP,"MH Sub I, LLC | Term Loan 5/23",Diversified Consumer Services,Services: Consumer,229068.32,0.0004655284930994454,B,B,B,SP_ISSUER,96.0,BBG_LAST_PRICE,FLT,7.9022,425.0,0.005,0.0365621,425.0,PAR_DM_APPROX_EQ_SPREAD,2028-05-03,1.9247,1.9247,,,0.6,1_MINUS_SP_RECOVERY_RATE,,No,,Yes,US,bloomberg_clo
ARES_2023_68A,,2026-05-31,84748EAF7,CUSIP,"Specialty Building Products Holdings, LLC | Term Loan B",Construction Materials,Construction & Building,227994.78,0.0004633467708146616,B-,B-,B-,SP_ISSUER,90.563,BBG_LAST_PRICE,FLT,7.5022,375.0,0.005,0.0365621,375.0,PAR_DM_APPROX_EQ_SPREAD,2028-10-15,2.3765,2.3765,,,0.73,1_MINUS_SP_RECOVERY_RATE,,No,,Yes,US,bloomberg_clo
ARES_2023_68A,,2026-05-31,92855LAR7,CUSIP,"Vizient, Inc. | Term Loan",Health Care Providers & Services,Services: Business,226065.12,0.00045942518221614095,BB+,BB+,BB+,SP_ISSUER,100.125,BBG_LAST_PRICE,FLT,5.4022,175.0,0.005,0.0365621,175.0,PAR_DM_APPROX_EQ_SPREAD,2031-08-01,5.1691,5.1691,,,0.55,1_MINUS_SP_RECOVERY_RATE,,No,, ,US,bloomberg_clo
ARES_2023_68A,,2026-05-31,04626LAJ8,CUSIP,Astoria Energy LLC | Term Loan B (09/24),Energy Equipment & Services,Energy: Electricity,223719.88,0.00045465902318045874,B+,,B+,SP_ISSUE_FALLBACK,100.313,BBG_LAST_PRICE,FLT,5.9496,225.0,0.0,0.0365621,225.0,PAR_DM_APPROX_EQ_SPREAD,2032-06-16,6.0452,6.0452,,,0.4,1_MINUS_SP_RECOVERY_RATE,,No,,Yes,US,bloomberg_clo
ARES_2023_68A,,2026-05-31,BBG01Y1VH1J3,FIGI,Nomad Foods Europe Midco Limited | Term Loan B,Consumer Staples Distribution & Retail,"Beverage, Food & Tobacco",218900.78,0.0004448653146436539,BB-,BB-,BB-,SP_ISSUER,99.188,BBG_LAST_PRICE,FLT,6.2764,250.0,0.0,0.0365621,250.0,PAR_DM_APPROX_EQ_SPREAD,2032-10-28,6.412,6.412,,,0.55,1_MINUS_SP_RECOVERY_RATE,,No,,Yes,GB,bloomberg_clo
ARES_2023_68A,,2026-05-31,48354VAN2,CUSIP,Kaman Corporation | Delayed Draw Term Loan (01/25),Aerospace & Defense,Aerospace & Defense,216476.56,0.0004399386469859807,B+,B+,B+,SP_ISSUER,100.125,BBG_LAST_PRICE,FLT,1.0,100.0,0.005,0.0365621,100.0,PAR_DM_APPROX_EQ_SPREAD,2032-02-26,5.7413,5.7413,,,0.5,1_MINUS_SP_RECOVERY_RATE,,No,, ,US,bloomberg_clo
ARES_2023_68A,,2026-05-31,83783XAG1,CUSIP,South Field Energy LLC | Term Loan B,Electric Utilities,Utilities: Electric,214351.47,0.0004356198920162813,B+,,B+,SP_ISSUE_FALLBACK,100.563,BBG_LAST_PRICE,FLT,6.6996,300.0,0.0,0.0365621,300.0,PAR_DM_APPROX_EQ_SPREAD,2031-08-29,5.2457,5.2457,,,0.4,1_MINUS_SP_RECOVERY_RATE,,No,, ,US,bloomberg_clo
ARES_2023_68A,,2026-05-31,50221UAE1,CUSIP,"LSF12 Crown US Commercial Bidco, LLC | Term Loan B",Household Durables,Consumer Goods: Durable,205526.69,0.00041768556336125765,B-,B-,B-,SP_ISSUER,100.25,BBG_LAST_PRICE,FLT,6.6493,300.0,0.0,0.0365621,300.0,PAR_DM_APPROX_EQ_SPREAD,2031-12-02,5.5058,5.5058,,,0.7,1_MINUS_SP_RECOVERY_RATE,,No,,Yes,US,bloomberg_clo
ARES_2023_68A,,2026-05-31,91324PED0,CUSIP,UnitedHealth Group Inc | UNH 2.3% 5/15/31,Health Care Providers & Services,Healthcare & Pharmaceuticals,200000.0,0.0004064538414560733,A+,A+,A+,SP_ISSUER,89.709,BBG_LAST_PRICE,FXD,2.3,0.0,0.023,0.0365621,0.0,PAR_DM_APPROX_EQ_SPREAD,2031-05-15,4.9555,4.9555,,,0.82,1_MINUS_SP_RECOVERY_RATE,,No,, ,US,bloomberg_clo
ARES_2023_68A,,2026-05-31,85769EBB6,CUSIP,Station Casinos LLC | Term Loan  (3/24),"Hotels, Restaurants & Leisure","Hotel, Gaming & Leisure",194419.34,0.0003951124379817721,BB-,BB-,BB-,SP_ISSUER,100.375,BBG_LAST_PRICE,FLT,5.6522,200.0,0.0,0.0365621,200.0,PAR_DM_APPROX_EQ_SPREAD,2031-03-14,4.7858,4.7858,,,0.3,1_MINUS_SP_RECOVERY_RATE,,No,, ,US,bloomberg_clo
ARES_2023_68A,,2026-05-31,62538LAM6,CUSIP,Multi-Color Corporation | Term Loan DIP (USD) (02/26),Containers & Packaging,"Containers, Packaging & Glass",190195.72,0.0003865289051125186,CCC-,D,D,SP_ISSUER,43.89,BBG_LAST_PRICE,FLT,10.4102,675.0,0.0,0.0365621,675.0,PAR_DM_APPROX_EQ_SPREAD,2026-11-03,0.4271,0.4271,,,0.5,1_MINUS_SP_RECOVERY_RATE,,No,, ,US,bloomberg_clo
ARES_2023_68A,,2026-05-31,60662WBC5,CUSIP,"Mitchell International, Inc. | Second Amendment Term Loan (01/26)",Software,High Tech Industries,188679.25,0.0003834470298277541,B-,B-,B-,SP_ISSUER,98.25,BBG_LAST_PRICE,FLT,6.6522,300.0,0.005,0.0365621,300.0,PAR_DM_APPROX_EQ_SPREAD,2031-06-17,5.0459,5.0459,,,0.65,1_MINUS_SP_RECOVERY_RATE,,No,,Yes,US,bloomberg_clo
ARES_2023_68A,,2026-05-31,88025XAC7,CUSIP,"Tenable Holdings, Inc. | Term Loan B (6/21)",Software,High Tech Industries,188274.6,0.0003826246720930281,BB,BB,BB,SP_ISSUER,100.0,BBG_LAST_PRICE,FLT,6.5167,275.0,0.005,0.0365621,275.0,PAR_DM_APPROX_EQ_SPREAD,2028-07-07,2.1027,2.1027,,,0.55,1_MINUS_SP_RECOVERY_RATE,,No,,Yes,US,bloomberg_clo
ARES_2023_68A,,2026-05-31,74142KAR0,CUSIP,"Pretium PKG Holdings, Inc. | Term Loan First Out Exit (3/26)",Containers & Packaging,"Containers, Packaging & Glass",186378.64,0.00037877157096679286,CCC+,CCC+,CCC+,SP_ISSUER,101.627,BBG_LAST_PRICE,FLT,8.9174,525.0,0.0,0.0365621,525.0,PAR_DM_APPROX_EQ_SPREAD,2031-03-03,4.7556,4.7556,,,0.3,1_MINUS_SP_RECOVERY_RATE,,No,, ,US,bloomberg_clo
ARES_2023_68A,,2026-05-31,59909TAC8,CUSIP,Gainwell Acquisition Corp. | Term Loan B,Health Care Technology,Healthcare & Pharmaceuticals,173071.77,0.0003517284288205099,CCC+,CCC+,CCC+,SP_ISSUER,98.125,BBG_LAST_PRICE,FLT,7.7996,400.0,0.0075,0.0365621,400.0,PAR_DM_APPROX_EQ_SPREAD,2027-10-01,1.3361,1.3361,,,0.5,1_MINUS_SP_RECOVERY_RATE,,No,,Yes,US,bloomberg_clo
ARES_2023_68A,,2026-05-31,41043BAJ7,CUSIP,"Hanger, Inc. | Delayed Draw (10/24)",Health Care Providers & Services,Healthcare & Pharmaceuticals,171569.49,0.00034867539143579676,B,B,B,SP_ISSUER,100.5,BBG_LAST_PRICE,FLT,7.1522,350.0,0.0,0.0365621,350.0,PAR_DM_APPROX_EQ_SPREAD,2031-10-23,5.3963,5.3963,,,0.7,1_MINUS_SP_RECOVERY_RATE,,No,,Yes,US,bloomberg_clo
ARES_2023_68A,,2026-05-31,90372AAN8,CUSIP,"Lumexa Imaging Outpatient, Inc. | Term Loan B (12/25)",Health Care Providers & Services,Healthcare & Pharmaceuticals,169575.0,0.0003446220508245682,B+,B+,B+,SP_ISSUER,100.625,BBG_LAST_PRICE,FLT,6.6996,300.0,0.0,0.0365621,300.0,PAR_DM_APPROX_EQ_SPREAD,2032-12-13,6.538,6.538,,,0.7,1_MINUS_SP_RECOVERY_RATE,,No,, ,US,bloomberg_clo
ARES_2023_68A,,2026-05-31,80536AAB8,CUSIP,"Savor Acquisition, Inc. | Term Loan B (02/25)",Consumer Staples Distribution & Retail,"Beverage, Food & Tobacco",158714.45,0.00032255048948543944,B,B,B,SP_ISSUER,100.5,BBG_LAST_PRICE,FLT,6.6634,300.0,0.0,0.0365621,300.0,PAR_DM_APPROX_EQ_SPREAD,2032-02-19,5.7221,5.7221,,,0.6,1_MINUS_SP_RECOVERY_RATE,,No,,Yes,US,bloomberg_clo
ARES_2023_68A,,2026-05-31,16825PAC7,CUSIP,Chicago US Midco III LP | Delayed Draw Term Loan (10/25),Financial Services,"Banking, Finance, Insurance & Real Estate",154600.47,0.0003141897746120721,B,B,B,SP_ISSUER,100.5,BBG_LAST_PRICE,FLT,2.5,250.0,0.0,0.0365621,250.0,PAR_DM_APPROX_EQ_SPREAD,2032-11-01,6.423,6.423,,,0.7,1_MINUS_SP_RECOVERY_RATE,,No,, ,US,bloomberg_clo
ARES_2023_68A,,2026-05-31,04538FAD1,CUSIP,"Asplundh Tree Expert, LLC | Term Loan 2/21",Commercial Services & Supplies,Services: Business,152623.24,0.0003101715109673611,BB+,BB+,BB+,SP_ISSUER,100.188,BBG_LAST_PRICE,FLT,5.5022,175.0,0.0,0.0365621,175.0,PAR_DM_APPROX_EQ_SPREAD,2027-09-07,1.2704,1.2704,,,0.35,1_MINUS_SP_RECOVERY_RATE,,No,,Yes,US,bloomberg_clo
ARES_2023_68A,,2026-05-31,75321EAM5,CUSIP,Ranpak Corp. | Term Loan (12/24),Containers & Packaging,"Containers, Packaging & Glass",150533.52,0.0003059246373595232,B,B,B,SP_ISSUER,99.813,BBG_LAST_PRICE,FLT,8.1522,450.0,0.0,0.0365621,450.0,PAR_DM_APPROX_EQ_SPREAD,2031-12-12,5.5332,5.5332,,,0.65,1_MINUS_SP_RECOVERY_RATE,,No,,Yes,US,bloomberg_clo
ARES_2023_68A,,2026-05-31,16117LCB3,CUSIP,"Charter Communications Operating, LLC. | Term Loan B4",Media,Media: Broadcasting & Subscription,149304.28,0.0003034264907591659,BB+,NR,BB+,SP_ISSUE_FALLBACK,97.5,BBG_LAST_PRICE,FLT,5.6918,200.0,0.0,0.0365621,200.0,PAR_DM_APPROX_EQ_SPREAD,2030-12-09,4.5257,4.5257,,,0.3,1_MINUS_SP_RECOVERY_RATE,,No,, ,US,bloomberg_clo
ARES_2023_68A,,2026-05-31,C8000CAM5,CUSIP,Clarios Global LP | Term Loan B  (07/24),Automobiles,Automotive,147581.48,0.0002999252973688633,BB-,BB-,BB-,SP_ISSUER,100.313,BBG_LAST_PRICE,FLT,6.1522,250.0,0.0,0.0365621,250.0,PAR_DM_APPROX_EQ_SPREAD,2030-05-06,3.9316,3.9316,,,0.7,1_MINUS_SP_RECOVERY_RATE,,No,,Yes,US,bloomberg_clo
ARES_2023_68A,,2026-05-31,87422LAY6,CUSIP,"Talen Energy Supply, LLC | Term Loan B (12/24)",Electric Utilities,Energy: Electricity,145220.57,0.000295127292674703,BB-,BB-,BB-,SP_ISSUER,99.5,BBG_LAST_PRICE,FLT,6.1525,250.0,0.0,0.0365621,250.0,PAR_DM_APPROX_EQ_SPREAD,2031-12-15,5.5414,5.5414,,,0.3,1_MINUS_SP_RECOVERY_RATE,,No,, ,US,bloomberg_clo
ARES_2023_68A,,2026-05-31,40444KAF2,CUSIP,Hamilton Projects Acquiror LLC | Term Loan (6/25),Electric Utilities,Utilities: Electric,136876.96,0.00027817083099414643,BB-,,BB-,SP_ISSUE_FALLBACK,100.5,BBG_LAST_PRICE,FLT,6.1522,250.0,0.0,0.0365621,250.0,PAR_DM_APPROX_EQ_SPREAD,2031-05-30,4.9966,4.9966,,,0.25,1_MINUS_SP_RECOVERY_RATE,,No,, ,US,bloomberg_clo
ARES_2023_68A,,2026-05-31,44969CBP4,CUSIP,IQVIA Inc. | Term Loan,Health Care Providers & Services,Healthcare & Pharmaceuticals,132349.6,0.0002689700166758736,BB+,BB+,BB+,SP_ISSUER,100.563,BBG_LAST_PRICE,FLT,5.4496,175.0,0.0,0.0365621,175.0,PAR_DM_APPROX_EQ_SPREAD,2031-01-02,4.5914,4.5914,,,0.4,1_MINUS_SP_RECOVERY_RATE,,No,, ,US,bloomberg_clo
ARES_2023_68A,,2026-05-31,N9000DAK3,CUSIP,Sunrise Financing Partnership | Term Loan (2/25),Media,Media: Broadcasting & Subscription,129546.15,0.0002632726515667235,BB-,BB-,BB-,SP_ISSUER,98.938,BBG_LAST_PRICE,FLT,6.0991,247.0,0.0,0.0365621,247.0,PAR_DM_APPROX_EQ_SPREAD,2032-02-17,5.7166,5.7166,,,0.55,1_MINUS_SP_RECOVERY_RATE,,No,,Yes,US,bloomberg_clo
ARES_2023_68A,,2026-05-31,93369PAM6,CUSIP,"Wand NewCo 3, Inc. | Term Loan B (01/25)",Automobiles,Automotive,125733.04,0.0002555233855297506,B,B,B,SP_ISSUER,99.875,BBG_LAST_PRICE,FLT,6.1522,250.0,0.0,0.0365621,250.0,PAR_DM_APPROX_EQ_SPREAD,2031-01-30,4.668,4.668,,,0.73,1_MINUS_SP_RECOVERY_RATE,,No,,Yes,US,bloomberg_clo
ARES_2023_68A,,2026-05-31,86880NBD4,CUSIP,"Surgery Center Holdings, Inc. | Term Loan B (08/25)",Health Care Providers & Services,Healthcare & Pharmaceuticals,121488.76,0.0002468978659786747,B,B,B,SP_ISSUER,100.25,BBG_LAST_PRICE,FLT,6.1522,250.0,0.0,0.0365621,250.0,PAR_DM_APPROX_EQ_SPREAD,2030-12-19,4.553,4.553,,,0.6,1_MINUS_SP_RECOVERY_RATE,,No,, ,US,bloomberg_clo
ARES_2023_68A,,2026-05-31,79400JAM0,CUSIP,SALAS OBRIEN INC | Delayed Draw Term Loan,Construction & Engineering,Construction & Building,114285.71,0.0002322593292651739,B,B,B,SP_ISSUER,99.625,BBG_LAST_PRICE,FLT,1.375,137.5,0.0,0.0365621,137.5,PAR_DM_APPROX_EQ_SPREAD,2033-01-31,6.6721,6.6721,,,0.65,1_MINUS_SP_RECOVERY_RATE,,No,,Yes,US,bloomberg_clo
ARES_2023_68A,,2026-05-31,89364MCD4,CUSIP,"Transdigm, Inc. | Term Loan (09/24)",Aerospace & Defense,Aerospace & Defense,100430.05,0.00020410089810062759,BB-,BB-,BB-,SP_ISSUER,100.188,BBG_LAST_PRICE,FLT,6.1522,250.0,0.0,0.0365621,250.0,PAR_DM_APPROX_EQ_SPREAD,2032-01-19,5.6372,5.6372,,,0.73,1_MINUS_SP_RECOVERY_RATE,,No,,Yes,US,bloomberg_clo
ARES_2023_68A,,2026-05-31,BBG01R8ZQRY8,FIGI,Ranpak B.V. | Term Loan (12/24),Containers & Packaging,"Containers, Packaging & Glass",96341.48,0.0001957918231878173,B,B,B,SP_ISSUER,101.375,BBG_LAST_PRICE,FLT,8.1522,450.0,0.0,0.0365621,450.0,PAR_DM_APPROX_EQ_SPREAD,2031-12-12,5.5332,5.5332,,,0.65,1_MINUS_SP_RECOVERY_RATE,,No,,Yes,US,bloomberg_clo
ARES_2023_68A,,2026-05-31,09247XAR2,CUSIP,"BlackRock, Inc. | BlackRock Sr Note 1.9% 1/28/31",Financial Services,"Banking, Finance, Insurance & Real Estate",89000.0,0.00018087195944795263,AA-,AA-,AA-,SP_ISSUER,89.401,BBG_LAST_PRICE,FXD,1.9,0.0,0.019,0.0365621,0.0,PAR_DM_APPROX_EQ_SPREAD,2031-01-28,4.6626,4.6626,,,0.82,1_MINUS_SP_RECOVERY_RATE,,No,, ,US,bloomberg_clo
ARES_2023_68A,,2026-05-31,74840YAG9,CUSIP,QuidelOrtho Corp | Delayed Draw Term Loan,Health Care Providers & Services,Healthcare & Pharmaceuticals,87615.15,0.00017805757143625042,B+,B+,B+,SP_ISSUER,94.0,BBG_LAST_PRICE,FLT,5.9047,225.0,0.0,0.0365621,225.0,PAR_DM_APPROX_EQ_SPREAD,2030-08-21,4.2245,4.2245,,,0.6,1_MINUS_SP_RECOVERY_RATE,,No,, ,US,bloomberg_clo
ARES_2023_68A,,2026-05-31,91116KAD7,CUSIP,"United Natural Foods, Inc. | Term Loan (05/24)",Consumer Staples Distribution & Retail,"Beverage, Food & Tobacco",81238.05,0.0001650975874745028,B,B,B,SP_ISSUER,100.563,BBG_LAST_PRICE,FLT,8.4022,475.0,0.0,0.0365621,475.0,PAR_DM_APPROX_EQ_SPREAD,2031-05-01,4.9172,4.9172,,,0.45,1_MINUS_SP_RECOVERY_RATE,,No,,Yes,US,bloomberg_clo
ARES_2023_68A,,2026-05-31,52526CAB5,CUSIP,Leia Finco US LLC | Term Loan (07/24),Software,High Tech Industries,79094.37,0.00016074105262024,B-,B-,B-,SP_ISSUER,94.75,BBG_LAST_PRICE,FLT,6.9271,325.0,0.0,0.0365621,325.0,PAR_DM_APPROX_EQ_SPREAD,2031-10-09,5.358,5.358,,,0.55,1_MINUS_SP_RECOVERY_RATE,,No,,Yes,US,bloomberg_clo
ARES_2023_68A,,2026-05-31,87169DAB1,CUSIP,Star Parent Inc | Term Loan B (09/23),Pharmaceuticals,Healthcare & Pharmaceuticals,75843.78,0.00015413497865774653,B,B,B,SP_ISSUER,100.25,BBG_LAST_PRICE,FLT,7.6996,400.0,0.0,0.0365621,400.0,PAR_DM_APPROX_EQ_SPREAD,2030-09-27,4.3258,4.3258,,,0.7,1_MINUS_SP_RECOVERY_RATE,,No,, ,US,bloomberg_clo
ARES_2023_68A,,2026-05-31,75419XAD6,CUSIP,"Raven Acquisition Holdings, LLC | Delay Draw Term Loan (10/24)",Health Care Providers & Services,"Banking, Finance, Insurance & Real Estate",73720.68,0.00014982026790376956,B-,B-,B-,SP_ISSUER,99.063,BBG_LAST_PRICE,FLT,3.0,300.0,0.0,0.0365621,300.0,PAR_DM_APPROX_EQ_SPREAD,2031-11-19,5.4702,5.4702,,,0.6,1_MINUS_SP_RECOVERY_RATE,,No,,Yes,US,bloomberg_clo
ARES_2023_68A,,2026-05-31,L5000DAE7,CUSIP,ICON Luxembourg S.A.R.L. | Term Loan B (03/24),Professional Services,Services: Business,72921.38,0.0001481958751263904,BBB-,BBB-,BBB-,SP_ISSUER,100.188,BBG_LAST_PRICE,FLT,5.6996,200.0,0.005,0.0365621,200.0,PAR_DM_APPROX_EQ_SPREAD,2028-07-03,2.0917,2.0917,,,0.5,1_MINUS_SP_RECOVERY_RATE,,No,, ,US,bloomberg_clo
ARES_2023_68A,,2026-05-31,02008EAC1,CUSIP,Allwyn Entertainment Financing (US) LLC | Term Loan B (1/25),"Hotels, Restaurants & Leisure","Hotel, Gaming & Leisure",66948.21,0.00013605678566553953,BB,BB,BB,SP_ISSUER,98.125,BBG_LAST_PRICE,FLT,5.6687,200.0,0.0,0.0365621,200.0,PAR_DM_APPROX_EQ_SPREAD,2031-06-02,5.0048,5.0048,,,0.6,1_MINUS_SP_RECOVERY_RATE,,No,,Yes,US,bloomberg_clo
ARES_2023_68A,,2026-05-31,55285DAJ0,CUSIP,M6 ETX Holdings II Midco LLC | Term Loan B (09/25),"Oil, Gas & Consumable Fuels",Energy: Oil & Gas,66928.61,0.00013601695318907683,B+,B+,B+,SP_ISSUER,100.5,BBG_LAST_PRICE,FLT,6.1522,250.0,0.0,0.0365621,250.0,PAR_DM_APPROX_EQ_SPREAD,2032-04-01,5.8371,5.8371,,,0.5,1_MINUS_SP_RECOVERY_RATE,,No,, ,US,bloomberg_clo
ARES_2023_68A,,2026-05-31,75915TAL6,CUSIP,Lifepoint Health Inc | Term Loan B,Health Care Equipment & Supplies,Healthcare & Pharmaceuticals,65668.75,0.00013345657850559258,B,B,B,SP_ISSUER,98.5,BBG_LAST_PRICE,FLT,7.1773,350.0,0.01,0.0365621,350.0,PAR_DM_APPROX_EQ_SPREAD,2031-05-19,4.9665,4.9665,,,0.6,1_MINUS_SP_RECOVERY_RATE,,No,,Yes,US,bloomberg_clo
ARES_2023_68A,,2026-05-31,05553QAB8,CUSIP,"Fogo De Chao, Inc. | Term Loan B","Hotels, Restaurants & Leisure","Beverage, Food & Tobacco",59663.15,0.00012125158255434962,B-,B-,B-,SP_ISSUER,96.313,BBG_LAST_PRICE,FLT,8.4227,475.0,0.005,0.0365621,475.0,PAR_DM_APPROX_EQ_SPREAD,2030-09-22,4.3121,4.3121,,,0.7,1_MINUS_SP_RECOVERY_RATE,,No,,Yes,US,bloomberg_clo
ARES_2023_68A,,2026-05-31,12768EAG1,CUSIP,Caesars Entertainment Inc | Term Loan (01/23),"Hotels, Restaurants & Leisure","Hotel, Gaming & Leisure",53571.43,0.00010887156757897565,B+,B+,B+,SP_ISSUER,97.813,BBG_LAST_PRICE,FLT,5.9022,225.0,0.005,0.0365621,225.0,PAR_DM_APPROX_EQ_SPREAD,2030-02-06,3.6879,3.6879,,,0.45,1_MINUS_SP_RECOVERY_RATE,,No,, ,US,bloomberg_clo
ARES_2023_68A,,2026-05-31,36257SAB8,CUSIP,GFL Environmental Services LP | Term Loan B (02/25),Commercial Services & Supplies,Environmental Industries,52258.41,0.00010620315746443239,B,B,B,SP_ISSUER,100.063,BBG_LAST_PRICE,FLT,6.1657,250.0,0.0,0.0365621,250.0,PAR_DM_APPROX_EQ_SPREAD,2032-03-03,5.7577,5.7577,,,0.76,1_MINUS_SP_RECOVERY_RATE,,No,, ,US,bloomberg_clo
ARES_2023_68A,,2026-05-31,26872NAD1,CUSIP,EMRLD Borrower LP | Term Loan B (06/24),"Electronic Equipment, Instruments & Components",High Tech Industries,46394.77,9.428666244985492e-05,BB-,BB-,BB-,SP_ISSUER,100.0,BBG_LAST_PRICE,FLT,5.9496,225.0,0.0,0.0365621,225.0,PAR_DM_APPROX_EQ_SPREAD,2031-08-04,5.1773,5.1773,,,0.7,1_MINUS_SP_RECOVERY_RATE,,No,,Yes,US,bloomberg_clo
ARES_2023_68A,,2026-05-31,58503UAH6,CUSIP,"Medline Borrower, LP | Term Loan (07/25)",Health Care Equipment & Supplies,Healthcare & Pharmaceuticals,40206.94,8.171132608096926e-05,BB+,BB+,BB+,SP_ISSUER,99.938,BBG_LAST_PRICE,FLT,5.4022,175.0,0.005,0.0365621,175.0,PAR_DM_APPROX_EQ_SPREAD,2028-10-23,2.3984,2.3984,,,0.45,1_MINUS_SP_RECOVERY_RATE,,No,,Yes,US,bloomberg_clo
ARES_2023_68A,,2026-05-31,96758DBG7,CUSIP,"WideOpenWest Finance, LLC | First Out Term Loan",Media,Media: Broadcasting & Subscription,35290.22,7.171922742414974e-05,B-,B-,B-,SP_ISSUER,101.438,BBG_LAST_PRICE,FLT,10.9306,700.0,0.015,0.0365621,700.0,PAR_DM_APPROX_EQ_SPREAD,2028-12-11,2.5325,2.5325,,,0.3,1_MINUS_SP_RECOVERY_RATE,,No,,Yes,US,bloomberg_clo
ARES_2023_68A,,2026-05-31,82670NAH9,CUSIP,"Signia Aerospace, LLC | Delayed Draw Term Loan (07/25)",Aerospace & Defense,Aerospace & Defense,33527.99,6.813790165900405e-05,B,B,B,SP_ISSUER,100.438,BBG_LAST_PRICE,FLT,1.0,100.0,0.005,0.0365621,100.0,PAR_DM_APPROX_EQ_SPREAD,2031-12-11,5.5305,5.5305,,,0.59,1_MINUS_SP_RECOVERY_RATE,,No,,Yes,US,bloomberg_clo
ARES_2023_68A,,2026-05-31,43117LAP8,CUSIP,"Hightower Holding, LLC | Term Loan (8/25)",Capital Markets,"Banking, Finance, Insurance & Real Estate",22253.62,4.5225346676518515e-05,B-,B-,B-,SP_ISSUER,99.5,BBG_LAST_PRICE,FLT,6.4081,275.0,0.0,0.0365621,275.0,PAR_DM_APPROX_EQ_SPREAD,2032-02-03,5.6783,5.6783,,,0.65,1_MINUS_SP_RECOVERY_RATE,,No,,Yes,US,bloomberg_clo
ARES_2023_68A,,2026-05-31,86388BAF3,CUSIP,"Student Transportation of America Holdings, Inc. | Delayed Draw Term Loan",Ground Transportation,Transportation: Consumer,19536.54,3.970350865880118e-05,B+,B+,B+,SP_ISSUER,101.0,BBG_LAST_PRICE,FLT,1.375,137.5,0.0,0.0365621,137.5,PAR_DM_APPROX_EQ_SPREAD,2032-06-24,6.0671,6.0671,,,0.65,1_MINUS_SP_RECOVERY_RATE,,No,, ,US,bloomberg_clo
ARES_2023_68A,,2026-05-31,L5000DAF4,CUSIP,Icon Public Limited Company | Term Loan B (03/24),Professional Services,Services: Business,18168.38,3.692303922016847e-05,BBB-,BBB-,BBB-,SP_ISSUER,100.25,BBG_LAST_PRICE,FLT,5.6996,200.0,0.005,0.0365621,200.0,PAR_DM_APPROX_EQ_SPREAD,2028-07-03,2.0917,2.0917,,,0.5,1_MINUS_SP_RECOVERY_RATE,,No,, ,US,bloomberg_clo
ARES_2023_68A,,2026-05-31,80536AAC6,CUSIP,"Savor Acquisition, Inc. | Delayed Draw Term Loan (02/25)",Consumer Staples Distribution & Retail,"Beverage, Food & Tobacco",15086.21,3.065924003756514e-05,B,B,B,SP_ISSUER,100.313,BBG_LAST_PRICE,FLT,3.0,300.0,0.0,0.0365621,300.0,PAR_DM_APPROX_EQ_SPREAD,2032-02-19,5.7221,5.7221,,,0.6,1_MINUS_SP_RECOVERY_RATE,,No,,Yes,US,bloomberg_clo
ARES_2023_68A,,2026-05-31,83783XAF3,CUSIP,South Field Energy LLC | Term Loan C,Electric Utilities,Utilities: Electric,13404.56,2.724167452514211e-05,B+,,B+,SP_ISSUE_FALLBACK,101.0,BBG_LAST_PRICE,FLT,6.6996,300.0,0.0,0.0365621,300.0,PAR_DM_APPROX_EQ_SPREAD,2031-08-29,5.2457,5.2457,,,0.4,1_MINUS_SP_RECOVERY_RATE,,No,, ,US,bloomberg_clo
ARES_2023_68A,,2026-05-31,62937NBC0,CUSIP,"NRG Energy, Inc. | Term Loan B (03/24)",Electric Utilities,Utilities: Electric,9556.89,1.9422173264365662e-05,BB,BB,BB,SP_ISSUER,100.188,BBG_LAST_PRICE,FLT,5.4091,175.0,0.0,0.0365621,175.0,PAR_DM_APPROX_EQ_SPREAD,2031-04-16,4.8761,4.8761,,,0.3,1_MINUS_SP_RECOVERY_RATE,,No,,Yes,US,bloomberg_clo
ARES_2023_68A,,2026-05-31,62984CAK9,CUSIP,Naked Juice LLC | Term Loan,Beverages,Consumer Goods: Non-Durable,48.02,9.758956733360322e-08,CCC,CCC,CCC,SP_ISSUER,101.679,BBG_LAST_PRICE,FLT,9.1996,550.0,0.01,0.0365621,550.0,PAR_DM_APPROX_EQ_SPREAD,2029-01-24,2.653,2.653,,,0.3,1_MINUS_SP_RECOVERY_RATE,,No,, ,US,bloomberg_clo
ARES_2023_68A,,2026-05-31,89157NAM5,CUSIP,Touchdown Acquirer Inc. | Term Loan,Chemicals,"Chemicals, Plastics & Rubber",20.72,4.21086179748492e-08,B,B,B,SP_ISSUER,99.25,BBG_LAST_PRICE,FLT,6.1634,250.0,0.0,0.0365621,250.0,PAR_DM_APPROX_EQ_SPREAD,2031-02-21,4.7283,4.7283,,,0.7,1_MINUS_SP_RECOVERY_RATE,,No,, ,US,bloomberg_clo
