Groups,Issuer,Current Balance,Equity Holding Shares,Bloomberg FIGI,CUSIP,Security Name,Last Price,Seniority,Lien Priority,Is Covenant Lite,Funded Amount,Payment Frequency,Coupon Type,Day Count,Margin,Coupon,Index Floor Rate,Commitment Fee Rate,Maturity Date,Moody's Issuer Rating,Moody's Reported Rating,Moody's Credit Watch,S&P Issuer Rating,S&P Reported Rating,S&P Credit Watch,Fitch Issuer Rating,Fitch Reported Rating,Moody's Industry Classification,S&P Industry,Fitch Industry,Moody's Recovery Rate,S&P Recovery Rate,Country,Index Spread Adjustment,Aggregate Par Amount Issued,Commitment Amount,Cumulative Capitalized Amount,Currency,Current Par Value,Default Date,Default Status,Expected Maturity Date,Factor,Fitch Country Rating,Fitch Current Rating,Fitch Industry Code,Fitch Recovery Rate,LGD,pd_bucket,pd_rating_source,pd_rating_used,pd_years_to_horizon,PD,price_source
0,"Freeport LNG Investments, LLLP",5740000.0,,BBG01ZQV0VN0,35670CAE8,Term loan,100.313,SNSE,1.0, ,,4.0,FLT,ACTUAL_360,3.25,6.9252,0.0,,02/11/2033,B2,B2,CWNT,B-,B-,CWNT,,B-,Energy: Oil & Gas,"Oil, Gas & Consumable Fuels",Energy (oil & gas),,0.4,US,,2195753257.81,,,USD,5740000.0,,No,,,AAA,B,25,,0.6,B-,issuer,B-,6.706849315068493,0.2487838356164383,reported
0,"Ensono, LP",5236848.52,,BBG010G6FJ45,29359DAB3,Term Loan (5/21),98.534,SNSE,1.0,Yes,,12.0,FLT,ACTUAL_360,4.0,7.7667,0.75,,05/26/2028,B2,B2,CWNT,B,B,CWNT,,B,High Tech Industries,IT Services,Telecommunications,,0.35,US,,1575013925.41,,,USD,5236848.52,,No,,,AAA,,3,,0.65,B,issuer,B,1.989041095890411,0.063197808219178,reported
0,"Tempo Acquisition, LLC",5033249.64,,BBG01RXH5223,88023HAJ9,Term Loan B (01/25),84.125,SNSE,1.0, ,,12.0,FLT,ACTUAL_360,1.75,5.4022,0.5,,08/31/2028,B2,B2,CWNT,B+,B+,CWNT,,B+,Services: Business,Professional Services,Business Services General,,0.5,US,,7734658499.32,,,USD,5033249.64,,No,,,AAA,,28,,0.5,B+,issuer,B+,2.254794520547945,0.0575476712328767,reported
0,Telenet Financing USD LLC,4936992.2,,BBG00RHH0YS9,B9000TBJ3,Term Loan (1/20),99.375,SNSE,1.0,Yes,,12.0,FLT,ACTUAL_360,2.0,5.7692,0.0,,04/28/2028,B1,B1,CWNT,BB-,BB-,CWNT,,BB-,Media: Broadcasting & Subscription,Media,Broadcasting & Media,,0.35,US,,3370000000.0,,,USD,4936992.2,,No,,,AAA,BB+,4,,0.65,BB-,issuer,BB-,1.9123287671232876,0.0254868493150684,reported
0,SCIH Salt Holdings Inc.,4508778.25,,BBG01YLHQRL2,78397GAM3,Term Loan,100.25,SNSE,1.0,Yes,,4.0,FLT,ACTUAL_360,2.75,6.3504,0.75,,01/31/2029,B3,B3,CWNT,B,B,CWNT,,B-,"Chemicals, Plastics & Rubber",Chemicals,Chemicals,,0.28,US,,7031008871.95,,,USD,4508778.25,,No,,,AAA,,9,,0.72,B,issuer,B,2.673972602739726,0.0859758904109589,reported
0,"Proofpoint, Inc.",4403225.52,,BBG01MW7GJL7,74345HAJ0,Term Loan (06/25),96.063,SNSE,1.0, ,,4.0,FLT,ACTUAL_360,3.0,6.6996,0.5,,08/31/2028,B3,B2,CWNT,B-,B-,CWNT,,B,Services: Business,IT Services,Technology Software,,0.35,US,,8274913675.02,,,USD,4403225.52,,No,,,AAA,BB-,2,,0.65,B-,issuer,B-,2.254794520547945,0.1240772602739725,reported
0,Epicor Software Corporation,4211445.79,,BBG01R3ZN805,29426NAZ7,Term Loan F (12/24),96.938,SNSE,1.0, ,,12.0,FLT,ACTUAL_360,2.5,6.1522,0.75,,05/30/2031,B2,B2,CWNT,B-,B-,CWNT,,B-,High Tech Industries,Software,Technology Software,,0.3,US,,7031031111.0,,,USD,4211445.79,,No,,,AAA,,2,,0.7,B-,issuer,B-,5.0,0.2203,reported
0,"RealPage, Inc.",4106106.79,,BBG00Z73BBZ3,75605VAD4,Term Loan (04/21),94.938,SNSE,1.0,Yes,,4.0,FLT,ACTUAL_360,3.0,6.9612,0.5,,04/24/2028,B3,B3,CWNT,B-,B-,CWNT,,B,Services: Business,Professional Services,Business Services General,,0.35,US,,4641500000.0,,,USD,4106106.79,,No,,,AAA,B+,28,,0.65,B-,issuer,B-,1.9013698630136984,0.1060427397260273,reported
0,"Xplor T1, LLC",4059721.13,,BBG01Y1Z62Q6,98423DAF1,Term Loan,95.688,SNSE,1.0,Yes,,4.0,FLT,ACTUAL_360,3.5,7.1674,0.0,,12/01/2032,B3,B3,CWNT,B-,B-,CWNT,,B-,Services: Business,Commercial Services & Supplies,Environmental Services,,0.3,US,,2131787500.01,,,USD,4059721.13,,No,,,AAA,,16,,0.7,B-,issuer,B-,6.50958904109589,0.2460813698630137,reported
0,Citadel Securities LP,4025113.87,,BBG01QG35Q59,17288YAN2,Term Loan (10/24),100.0,SNSE,1.0, ,,4.0,FLT,ACTUAL_360,2.0,5.6996,0.0,,10/31/2031,,Baa3,CWNT,BBB-,BBB-,CWNT,,BBB-,"Banking, Finance, Insurance & Real Estate",Capital Markets,Banking & Finance,,0.5,US,,4451000473.6,,,USD,4025113.87,,No,,,AAA,,27,,0.5,BBB-,issuer,BBB-,5.421917808219178,0.0262361643835616,reported
0,"Medline Borrower, LP",3962785.15,,BBG01W91ZLR2,58503UAJ2,Sixth Amendment Term Loan,100.313,SNSE,1.0,Yes,,12.0,FLT,ACTUAL_360,1.75,5.4022,0.5,,10/23/2030,Ba1,Ba1,CWNT,BB+,BB+,CWNT,,BBB-,Healthcare & Pharmaceuticals,Health Care Equipment & Supplies,Healthcare Devices,,0.55,US,,14848224465.31,,,USD,3962785.15,,No,,,AAA,,21,,0.4499999999999999,BB+,issuer,BB+,4.4,0.02486,reported
0,BELRON FIN 2019 LLC,3802424.43,,BBG01ZJZ8BK8,08078UAQ6,Term Loan B (02/26),100.188,SNSE,1.0, ,,4.0,FLT,ACTUAL_360,2.0,5.6599,0.5,,10/16/2031,Ba3,Ba3,CWNT,BB-,BB-,CWNT,,BB,Automotive,Automobiles,Automobiles,,0.4,US,,4620971997.82,,,USD,3802424.43,,No,,,AAA,BB+,7,,0.6,BB-,issuer,BB-,5.380821917808219,0.0890454794520548,reported
0,Athenahealth Group Inc.,3774464.85,,BBG01RXGR5Y9,04686RAB9,Term Loan B (2/22),100.0,SNSE,1.0,Yes,,12.0,FLT,ACTUAL_360,2.75,6.4022,0.5,,02/15/2029,B3,B2,CWNT,B-,B-,CWNT,,B-,Healthcare & Pharmaceuticals,Health Care Providers & Services,Business Services Data & Analytics,,0.45,US,,24988500124.64,,,USD,3774464.85,,No,,,AAA,WD,29,,0.55,B-,issuer,B-,2.7150684931506848,0.1458942465753424,reported
0,"Hologic, Inc.",3750000.0,,BBG01Y5RXG34,43644ABL2,Term Loan B (04/26),98.563,SNSE,1.0,Yes,,4.0,FLT,ACTUAL_360,2.25,5.9239,,,04/07/2033,B1,B1,CWNT,B+,B+,CWNT,,B+,Healthcare & Pharmaceuticals,Health Care Technology,Healthcare Devices,,0.4,US,,13000000000.0,,,USD,3750000.0,,No,,,AAA,,21,,0.6,B+,issuer,B+,6.857534246575343,0.1589060273972602,reported
0,"NRG Energy, Inc.",3736745.61,,BBG01QXYP841,62937NBC0,Term Loan B (03/24),100.188,SNSE,1.0,Yes,,4.0,FLT,ACTUAL_360,1.75,5.4189,0.0,,04/16/2031,Ba1,Baa3,CWNT,BB,BB,CWNT,,BB+,Utilities: Electric,Electric Utilities,Utilities (Power),,0.7,US,,13237246143.67,,,USD,3736745.61,,No,,,AAA,BBB-,26,,0.3,BB,issuer,BB,4.879452054794521,0.0490413698630137,reported
0,Esdec Solar Group B.V.,3507784.52,,BBG01212RT41,N3066KAM7,Term Loan B,45.625,SNSE,1.0,Yes,,4.0,FLT,ACTUAL_360,5.0,8.9612,0.75,,08/30/2028,Caa3,Caa3,CWNT,CCC-,CCC-,CWNT,,CCC-,Capital Equipment,"Electronic Equipment, Instruments & Components",Building & Materials,,0.3,US,,302812500.0,,,USD,3507784.52,,No,,,AAA,,8,,0.7,CCC/C,issuer,CCC/C,2.252054794520548,0.3728109589041096,reported
0,Project Castle Inc.,3468359.64,,BBG017K0DGG3,74339YAB8,Term Loan,25.375,SNSE,1.0,Yes,,4.0,FLT,ACTUAL_ACTUAL,5.5,9.1918,0.5,,06/01/2029,Caa2,Caa2,CWNT,CCC-,CCC-,CWNT,,CCC-,Transportation: Cargo,Machinery,Industrial/Manufacturing,,0.24,US,,1419153125.0,,,USD,3468359.64,,No,,,AAA,,10,,0.76,CCC/C,issuer,CCC/C,3.0054794520547947,0.4133660273972603,reported
0,Genmab AS,3344286.5,,BBG01YFW98H2,37231EAB8,Initial Term B Loan (12/25),100.313,SNSE,1.0,Yes,,4.0,FLT,ACTUAL_360,3.0,6.6996,0.0,,12/13/2032,Ba2,Ba2,CWNT,BB+,BB+,CWNT,,BB,High Tech Industries,Health Care Technology,Pharmaceuticals,,0.4,DE,,5400000000.0,,,USD,3344286.5,,No,,,AAA,BB+,24,,0.6,BB+,issuer,BB+,6.542465753424658,0.038946301369863,reported
0,Cast & Crew LLC,3331635.11,,BBG013V3Q0G5,14835JAQ3,Term Loan (12/21),51.071,SNSE,1.0,Yes,,4.0,FLT,ACTUAL_360,3.75,7.4134,0.5,,12/29/2028,Caa2,Caa1,CWNT,CCC+,CCC+,CWNT,,CCC,Media: Diversified & Production,Professional Services,Business Services General,,0.35,US,,4010368500.0,,,USD,3331635.11,,No,,,AAA,,28,,0.65,CCC/C,issuer,CCC/C,2.5835616438356164,0.3907123287671233,reported
0,WIN Waste Innovations Holdings Inc.,3323554.71,,BBG00ZL5PCB1,38723BAJ0,Term Loan B,100.313,SNSE,1.0,Yes,,12.0,FLT,ACTUAL_360,2.75,6.5167,0.5,,03/24/2028,B3,B3,CWNT,B-,B-,CWNT,,B-,Energy: Electricity,Energy Equipment & Services,Utilities (Power),,0.45,US,,1448733502.23,,,USD,3323554.71,,No,,,AAA,,26,,0.55,B-,issuer,B-,1.8164383561643835,0.1009128767123287,reported
0,BCP Renaissance Parent L.L.C.,3222815.23,,BBG01ZRH3Q49,05549PAG6,Term Loan,99.875,SNSE,1.0, ,,4.0,FLT,ACTUAL_360,2.25,5.9496,1.0,,10/31/2031,B2,B2,CWNT,B+,B+,CWNT,,B,Energy: Oil & Gas,"Oil, Gas & Consumable Fuels",Energy (oil & gas),,0.45,US,,4933491320.24,,,USD,3222815.23,,No,,,AAA,,25,,0.55,B+,issuer,B+,5.421917808219178,0.1359304109589041,reported
0,Oak Eagle AcquireCo Inc,3192000.0,,BBG01Y7B0B25,67123SAB5,Term Loan,100.375,SNSE,1.0, ,,12.0,FLT,ACTUAL_360,3.5,7.2109,,,03/23/2033,B1,Ba3,CWNT,BB-,BB-,CWNT,,B+,"Hotel, Gaming & Leisure",Leisure Products,"Gaming, Leisure & Entertainment",,0.63,US,,6325000000.0,,,USD,3192000.0,,No,,,AAA,,19,,0.37,BB-,issuer,BB-,6.816438356164384,0.1105484931506849,reported
0,Avaya LLC,3187706.36,,BBG01GJ3B8Y9,05349UBN1,Exit Term Loan,87.313,SNSE,1.0,Yes,,12.0,FLT,ACTUAL_360,7.5,11.1677,1.0,,08/01/2028,Caa1,B3,CWNT,CCC+,CCC+,CWNT,,B-,Telecommunications,Diversified Telecommunication Services,Telecommunications,,0.45,US,,4985260279.7,,,USD,3375427.89,,No,,,,B+,3,,0.55,CCC/C,issuer,CCC/C,2.1726027397260275,0.3685205479452055,reported
0,QuidelOrtho Corp,3140351.06,,BBG01WJYL8B0,74840YAH7,Term Loan (08/25),97.375,SNSE,1.0, ,,12.0,FLT,ACTUAL_360,4.0,7.6522,0.0,,08/20/2032,B1,B1,CWNT,B+,B+,CWNT,,B+,Healthcare & Pharmaceuticals,Health Care Providers & Services,Healthcare Providers,,0.4,US,,5414000000.0,,,USD,3140351.06,,No,,,AAA,,22,,0.6,B+,issuer,B+,6.227397260273973,0.1492019178082191,reported
0,Eagle Parent Corp.,3043479.58,,BBG015WQCPP8,26972CAC6,Term Loan B,100.75,SNSE,1.0,Yes,,4.0,FLT,ACTUAL_360,4.25,7.9496,0.5,,04/02/2029,B3,B3,CWNT,B-,B-,CWNT,,B-,Environmental Industries,Machinery,Business Services General,,0.3,US,,923244252.0,,,USD,3043479.53,,No,,,AAA,,28,,0.7,B-,issuer,B-,2.841095890410959,0.1518679452054794,reported
0,CQP Holdco LP,3042684.79,,BBG01ZK5NFD4,12657QAF0,Term Loan B,99.75,SNSE,1.0, ,,4.0,FLT,ACTUAL_360,1.75,5.4496,0.0,,12/31/2032,Ba2,Ba2,CWNT,BB,BB,CWNT,,BB,Energy: Oil & Gas,"Oil, Gas & Consumable Fuels",Energy (oil & gas),,0.5,US,,2269044766.74,,,USD,3042684.79,,No,,,AAA,,25,,0.5,BB,issuer,BB,6.5917808219178085,0.0659260273972602,reported
0,Grifols Worldwide Operations USA Inc,3031819.08,,BBG0217Y4YL1,G4124RAC0,Grifols 3/26 (USD) Term Loan,100.438,SNSE,1.0, ,,2.0,FLT,ACTUAL_360,2.5,6.1869,0.0,,04/14/2033,B1,Ba3,CWNT,BB-,BB-,CWNT,,BB-,Healthcare & Pharmaceuticals,Life Sciences Tools & Services,Healthcare Devices,,0.4,US,,3800000010.0,,,USD,3031819.08,,No,,,AAA,,21,,0.6,BB-,issuer,BB-,6.876712328767123,0.111386301369863,reported
0,"NEP Group, Inc.",3005334.52,,BBG01XMMM874,62908HAR6,Term Loan B (10/25),93.375,SNSE,1.0,Yes,,12.0,FLT,ACTUAL_360,4.5,8.1522,0.0,,10/17/2031,B3,B3,CWNT,B-,B-,CWNT,,B,Media: Broadcasting & Subscription,Media,Broadcasting & Media,,0.5,US,,1883547092.3,,,USD,3005334.52,,No,,,AAA,BB-,4,,0.5,B-,issuer,B-,5.383561643835616,0.2275109589041096,reported
0,Avolon TLB Borrower 1 (US) LLC,3002290.51,,BBG01Q3603B5,05400KAJ9,Term Loan B6,100.313,SNSE,1.0,Yes,,12.0,FLT,ACTUAL_360,1.75,5.411,0.5,,06/22/2030,WR,Baa1,CWNT,BBB-,BBB-,CWNT,,BBB,Aerospace & Defense,Aerospace & Defense,Aerospace & Defense,,0.41,US,,7871290039.27,,,USD,3002290.51,,No,,,AAA,BBB+,6,,0.5900000000000001,BBB-,issuer,BBB-,4.063013698630137,0.0180032876712328,reported
0,First Student Bidco Inc,2953574.01,,BBG01ZVT5W98,33718FAQ3,Term Loan,100.25,SNSE,1.0,Yes,,4.0,FLT,ACTUAL_360,2.25,5.9496,0.0,,08/15/2030,B1,B1,CWNT,B+,B+,CWNT,,BB-,Transportation: Cargo,Ground Transportation,Transportation & Distribution,,0.3,US,,3859774213.97,,,USD,2953574.01,,No,,,AAA,BB+,14,,0.7,B+,issuer,B+,4.210958904109589,0.1117567123287671,reported
0,Parexel International Inc,2937185.68,,BBG01YV755X1,71911KAF1,Term Loan B (12/25),100.25,SNSE,1.0,Yes,,12.0,FLT,ACTUAL_360,2.75,6.4022,0.5,,12/12/2031,B2,B2,CWNT,B+,B+,CWNT,,B,Healthcare & Pharmaceuticals,Health Care Providers & Services,Healthcare Providers,,0.28,US,,6761820100.0,,,USD,2937185.68,,No,,,AAA,,22,,0.72,B+,issuer,B+,5.536986301369863,0.1378750684931506,reported
0,Summer (BC) Bidco B LLC,2930497.13,,BBG01LC629B1,L8869UAC7,Term Loan B (Kantar Extended),85.875,SNSE,1.0, ,,4.0,FLT,ACTUAL_360,5.0,8.9596,0.0,,02/05/2029,B3,B3,CWNT,B-,B-,CWNT,,B-,Services: Business,Financial Services,Business Services General,,0.35,US,,3860876005.0,,,USD,2930497.13,,No,,,AAA,,28,,0.65,B-,issuer,B-,2.6876712328767125,0.1445956164383561,reported
0,Hyperion Refinance S.a r.l.,2926376.96,,BBG01WDPBMH9,G4712JBB7,Term Loan,95.375,SNSE,1.0, ,,12.0,FLT,ACTUAL_360,2.75,6.4022,0.5,,02/15/2031,B2,B2,CWNT,B,B,CWNT,,B-,"Banking, Finance, Insurance & Real Estate",Insurance,Banking & Finance,,0.35,GB,,3916839059.19,,,USD,2926376.96,,No,,,AA-,,27,,0.65,B,issuer,B,4.715068493150685,0.1404890410958904,reported
0,Thevelia (US) LLC,2925168.75,,BBG01RMKXDH7,88372KAH3,Term Loan B (07/24),97.688,SNSE,1.0, ,,4.0,FLT,ACTUAL_360,3.0,6.6996,0.5,,06/18/2029,B2,B2,CWNT,B,B,CWNT,,B,Services: Business,Commercial Services & Supplies,Consumer Products,,0.35,US,,2864047058.05,,,USD,2925168.75,,No,,,AAA,WD,15,,0.65,B,issuer,B,3.052054794520548,0.0982367123287671,reported
0,"Dayforce Bidco, LLC",2870821.87,,BBG01WW9FJF9,23923YAB7,Term Loan B (08/25),94.0,SNSE,1.0, ,,4.0,FLT,ACTUAL_360,3.0,6.6634,0.0,,02/04/2033,B3,B3,CWNT,B-,B-,CWNT,,B,Services: Business,Software,Technology Software,,0.3,US,,5500000000.0,,,USD,2870821.87,,No,,,AAA,B+,2,,0.7,B-,issuer,B-,6.6876712328767125,0.248521095890411,reported
0,"Focus Financial Partners, LLC",2850161.5,,BBG01YLHGBT0,34416DBD9,Add-on Term Loan (01/25),98.313,SNSE,1.0,Yes,,12.0,FLT,ACTUAL_360,2.5,6.1522,0.0,,09/15/2031,B2,B2,CWNT,B,B,CWNT,,B,"Banking, Finance, Insurance & Real Estate",Financial Services,Banking & Finance,,0.3,US,,15563088986.43,,,USD,2850161.5,,No,,,AAA,,27,,0.7,B,issuer,B,5.295890410958904,0.1528473972602739,reported
0,"BW Holding, Inc.",2842990.02,,BBG01WW9D3T1,12430EAD6,Term Loan B (08/25),63.40609011164218,SNSE,1.0, ,,4.0,FLT,ACTUAL_360,4.5,8.2893,1.0,,12/16/2030,Caa2,Caa2,CWNT,CCC+,CCC+,CWNT,,CCC,"Containers, Packaging & Glass",Containers & Packaging,Packaging & Containers,,0.18,US,,1685043424.44,,,USD,2842990.02,,No,,,AAA,,12,,0.8200000000000001,CCC/C,issuer,CCC/C,4.5479452054794525,0.455445205479452,rating_cohort_wa
0,Ellucian Holdings Inc,2835095.65,,BBG01ZK5R7X6,28917XAB6,Term Loan B,97.5,SNSE,1.0,Yes,,12.0,FLT,ACTUAL_360,2.5,6.1522,0.5,,10/08/2029,B3,B2,CWNT,B-,B-,CWNT,,B-,High Tech Industries,Software,Technology Software,,0.45,US,,6748491215.46,,,USD,2835095.65,,No,,,AAA,,2,,0.55,B-,issuer,B-,3.3589041095890413,0.1716386301369863,reported
0,WEC US Holdings Ltd,2827751.39,,BBG01YHHNXJ0,92943LAC4,Term Loan B,100.188,SNSE,1.0,Yes,,12.0,FLT,ACTUAL_360,2.0,5.6493,0.0,,01/27/2031,B1,B1,CWNT,B+,B+,CWNT,,B+,Capital Equipment,Energy Equipment & Services,Industrial/Manufacturing,,0.3,US,,10394749998.99,,,USD,2827751.39,,No,,,AAA,BB-,10,,0.7,B+,issuer,B+,4.663013698630137,0.1215210958904109,reported
0,"OID-OL INTERMEDIATE I, LLC",2802496.42,,BBG01VFQD8S4,67089SAD3,Term Loan 2,66.75,SNSE,1.0, ,,4.0,FLT,ACTUAL_360,4.25,8.0634,0.0,,02/01/2029,Caa2,Caa1,CWNT,CCC+,CCC+,CWNT,,CCC,High Tech Industries,Professional Services,Technology Software,,0.4,US,,3624248826.98,,,USD,2802496.42,,No,,,AAA,,2,,0.6,CCC/C,issuer,CCC/C,2.6767123287671235,0.3957424657534247,reported
0,"UFC Holdings, LLC",2790570.84,,BBG01X3LBFL7,90266UAL7,Term Loan (9/25),100.125,SNSE,1.0, ,,4.0,FLT,ACTUAL_360,2.0,5.664,0.0,,11/21/2031,Ba2,Ba2,CWNT,B+,B+,CWNT,,B+,Media: Diversified & Production,"Hotels, Restaurants & Leisure","Gaming, Leisure & Entertainment",,0.65,US,,7785966818.47,,,USD,2790570.84,,No,,,AAA,,19,,0.35,B+,issuer,B+,5.47945205479452,0.1369027397260274,reported
0,"Cloud Software Group, Inc",2755414.21,,BBG01WJZ7798,88632NBL3,Term Loan B (8/25),91.125,SNSE,1.0,Yes,,4.0,FLT,ACTUAL_360,3.25,6.9496,0.0,,08/13/2032,B2,B1,CWNT,B,B,CWNT,,B+,High Tech Industries,Software,Technology Software,,0.35,US,,15431209297.54,,,USD,2755414.21,,No,,,AAA,BB+,2,,0.65,B,issuer,B,6.208219178082191,0.1699150684931506,reported
0,"Delta Topco, LLC",2745597.27,,BBG01RXF0M19,24780DAJ6,Fourth Amendment Refinancing Term Loan (01/25),94.438,SNSE,1.0,Yes,,6.0,FLT,ACTUAL_360,2.75,6.4239,0.0,,11/30/2029,B3,B2,CWNT,B-,B-,CWNT,,B-,High Tech Industries,IT Services,Business Services Data & Analytics,,0.3,US,,2622899221.94,,,USD,2745597.27,,No,,,AAA,,29,,0.7,B-,issuer,B-,3.504109589041096,0.1765901369863013,reported
0,Loire Finco Luxembourg S.a r.l.,2695204.9,,BBG01SN3Q4K6,L7000HAJ3,Term Loan B (3/25),100.313,SNSE,1.0, ,,12.0,FLT,ACTUAL_360,4.0,7.6522,0.0,,01/31/2030,B3,B3,CWNT,B-,B-,CWNT,,B,Healthcare & Pharmaceuticals,Life Sciences Tools & Services,Healthcare Providers,,0.3,GB,,990037437.53,,,USD,2695204.9,,No,,,AA-,,22,,0.7,B-,issuer,B-,3.673972602739726,0.1823824657534246,reported
0,"LABL, Inc.",2694379.71,,BBG012Y4BWH7,50168EAN2,USD Term Loan (10/21),43.89,SNSE,1.0,Yes,,12.0,FLT,ACTUAL_ACTUAL,4.0,10.75,0.5,,10/30/2028,WR,Caa3,NOW,D,D,CWNT,,B-,"Containers, Packaging & Glass",Containers & Packaging,Packaging & Containers,,0.35,US,,3896672679.85,,,USD,2694379.71,20260130.0,Yes,,,AAA,,12,,0.65,D,defaulted,D,2.419178082191781,1.0,reported
0,"Crown Subsea Communications Holding, Inc.",2663319.87,,BBG01ZVTY2J1,22860EAL6,Term Loan B (01/26),100.75,SNSE,1.0,Yes,,12.0,FLT,ACTUAL_360,3.0,6.6522,0.75,,01/30/2031,B1,B1,CWNT,B+,B+,CWNT,,B+,"Banking, Finance, Insurance & Real Estate",Real Estate Management & Development,Real Estate,,0.28,US,,2334803526.45,,,USD,2663319.87,,No,,,AAA,,13,,0.72,B+,issuer,B+,4.671232876712328,0.1216986301369862,reported
0,TransMontaigne Operating Company L.P.,2571325.44,,BBG01ZVR2QR8,89376WAH1,Term Loan,100.313,SNSE,1.0, ,,12.0,FLT,ACTUAL_360,2.25,5.9022,0.5,,03/18/2030,B2,B1,CWNT,B,B,CWNT,,B,Energy: Oil & Gas,"Oil, Gas & Consumable Fuels",Energy (oil & gas),,0.55,US,,4105081939.94,,,USD,2571325.44,,No,,,AAA,,25,,0.4499999999999999,B,issuer,B,3.8,0.1188799999999999,reported
0,Coral-US Co-Borrower LLC,2487183.1,,BBG01RXFKDF2,G7739PAN0,Term Loan B7 (01/25),97.188,SNSE,1.0,Yes,,4.0,FLT,ACTUAL_360,3.25,6.9231,0.0,,02/02/2032,Ba3,Ba3,CWNT,BB-,BB-,CWNT,,BB-,Telecommunications,Media,Telecommunications,,0.41,US,,2120000001.0,,,USD,2487183.1,,No,,,AAA,BB-,3,,0.5900000000000001,BB-,issuer,BB-,5.67945205479452,0.0939430136986301,reported
0,"Artera Services, LLC",2471411.7,,BBG01L5V4RC1,73937UAL2,Term Loan C (02/24),88.625,SNSE,1.0, ,,12.0,FLT,ACTUAL_360,4.5,8.1522,0.0,,02/18/2031,Caa1,Caa1,CWNT,CCC+,CCC+,CWNT,,CCC+,Construction & Building,Construction & Engineering,Building & Materials,,0.24,US,,911400000.0,,,USD,2471411.7,,No,,,AAA,,8,,0.76,CCC/C,issuer,CCC/C,4.723287671232876,0.4592676712328767,reported
0,"Pye-Barker Fire & Safety, LLC",2436476.0,,BBG01YV955R4,69380SAB9,Term Loan (12/25),100.25,SNSE,1.0, ,,6.0,FLT,ACTUAL_360,2.5,6.1634,0.0,,12/16/2032,B2,B2,CWNT,B,B,CWNT,,B,Services: Business,Commercial Services & Supplies,Industrial/Manufacturing,,0.35,US,,2572000000.0,,,USD,2436476.0,,No,,,AAA,,10,,0.65,B,issuer,B,6.550684931506849,0.1747095890410959,reported
0,"Rithum Holdings, Inc.",2417694.45,,BBG01VR15JB9,76779JAB3,Term Loan (7/25),94.75,SNSE,1.0,Yes,,4.0,FLT,ACTUAL_360,4.75,8.4496,0.0,,07/21/2032,B3,B3,CWNT,B-,B-,CWNT,,B-,High Tech Industries,,Technology Software,,0.45,US,,825850000.0,,,USD,2417694.45,,No,,,AAA,,2,,0.55,B-,issuer,B-,6.145205479452055,0.2410893150684931,reported
0,Mermaid Bidco Inc,2394830.81,,BBG01NFZZ096,59012CAL9,USD Term Loan B (06/24),99.563,SNSE,1.0, ,,4.0,FLT,ACTUAL_360,3.25,6.9081,0.0,,07/03/2031,B3,B3,CWNT,B,B,CWNT,,B+,Services: Consumer,Financial Services,Business Services Data & Analytics,,0.3,US,,2380480244.65,,,USD,2394830.81,,No,,,AAA,,29,,0.7,B,issuer,B,5.093150684931507,0.1487723287671233,reported
0,COLOSSUS ACQUIRECO LLC,2381281.02,,BBG01VF0PTF6,19682LAB4,Term Loan B (06/25),99.813,SNSE,1.0,Yes,,12.0,FLT,ACTUAL_360,1.75,5.39,0.0,,07/30/2032,,Ba1,CWNT,BBB-,BBB-,CWNT,,BBB-,Energy: Electricity,Energy Equipment & Services,Business Services General,,0.41,US,,2885500000.0,,,USD,2381281.02,,No,,,AAA,BBB-,28,,0.5900000000000001,BBB-,issuer,BBB-,6.16986301369863,0.0300813698630137,reported
0,Trans Union LLC,2338545.48,,BBG01N48DCS5,89334GBF0,Term Loan B8,100.0,SNSE,1.0,Yes,,12.0,FLT,ACTUAL_360,1.75,5.4022,0.0,,06/24/2031,Ba2,Ba2,CWNT,BB+,BB+,CWNT,,BBB-,"Banking, Finance, Insurance & Real Estate",Professional Services,Banking & Finance,,0.6,US,,8668814961.21,,,USD,2338545.48,,No,,,AAA,,27,,0.4,BB+,issuer,BB+,5.068493150684931,0.0294657534246575,reported
0,Tenneco Inc.,2335688.21,,BBG01BCC2PF0,88037HAN4,Term Loan A (11/22),99.938,SNSE,1.0,Yes,,4.0,FLT,ACTUAL_360,4.75,8.5056,0.5,,11/17/2028,B2,B1,CWNT,B,B,CWNT,,B,Automotive,Automobile Components,Automobiles,,0.3,US,,2900750000.0,,,USD,2335688.21,,No,,,AAA,BB-,7,,0.7,B,issuer,B,2.4684931506849317,0.0791539726027397,reported
0,"Agiliti Health, Inc.",2314418.85,,BBG01GF84R05,00847YAE2,Term Loan B (03/23),97.063,SNSE,1.0,Yes,,4.0,FLT,ACTUAL_360,3.0,6.5761,0.0,,05/01/2030,B3,B3,CWNT,B-,B-,CWNT,,B-,Healthcare & Pharmaceuticals,Health Care Providers & Services,Healthcare Devices,,0.3,US,,2040084798.96,,,USD,2314418.85,,No,,,AAA,,21,,0.7,B-,issuer,B-,3.92054794520548,0.1907906849315068,reported
0,Whatabrands LLC,2285776.97,,BBG01R4Y5VW1,96244UAJ6,Term Loan,100.125,SNSE,1.0,Yes,,12.0,FLT,ACTUAL_360,2.5,6.1522,0.5,,08/03/2028,B2,B2,CWNT,B,B,CWNT,,B,"Hotel, Gaming & Leisure","Hotels, Restaurants & Leisure","Food, Beverage & Tobacco",,0.3,US,,5719823914.08,,,USD,2285776.97,,No,,,AAA,,17,,0.7,B,issuer,B,2.1780821917808217,0.0695123287671232,reported
0,SBA Senior Finance II LLC,2254901.83,,BBG01PXL8XF3,78404XAJ4,First Lien TLB,100.313,SNSE,1.0, ,,12.0,FLT,ACTUAL_360,1.75,5.41,0.0,,01/25/2031,Ba2,Ba2,CWNT,,BBB,CWP,,BBB-,Telecommunications,Wireless Telecommunication Services,Telecommunications,,0.5,US,,7498000000.0,,,USD,2254901.83,,No,,,AAA,BBB,3,,0.5,BBB,issue_fallback,BBB,4.657534246575342,0.0099068493150684,reported
0,"Project Boost Purchaser, LLC",2254034.59,,BBG01W3D4494,74339NAG1,Term Loan (07/24),98.188,SNSE,1.0,Yes,,4.0,FLT,ACTUAL_360,2.75,6.4496,0.0,,07/16/2031,B3,B3,CWNT,B-,B-,CWNT,,B,High Tech Industries,Software,Business Services Data & Analytics,,0.3,US,,7705465000.0,,,USD,2254034.59,,No,,,AAA,BB-,29,,0.7,B-,issuer,B-,5.1287671232876715,0.2227208219178082,reported
0,"Global Medical Response, Inc.",2222532.1,,BBG01X0X9C25,37956SAB0,Term Loan  B,100.375,SNSE,1.0,Yes,,12.0,FLT,ACTUAL_360,3.5,7.1572,0.0,,10/01/2032,B2,B2,CWP,B,B+,CWP,,B,Telecommunications,Diversified Telecommunication Services,Telecommunications,,0.35,US,,6671000010.0,,,USD,2222532.1,,No,,,AAA,,3,,0.65,B,issuer,B,6.342465753424658,0.1717945205479452,reported
0,Bleriot US Bidco Inc.,2206703.94,,BBG01WBZ2158,09353TAJ9,Term Loan B,100.063,SNSE,1.0,Yes,,4.0,FLT,ACTUAL_360,2.25,5.9496,0.0,,10/31/2030,B2,B2,CWNT,B,B,CWNT,,B,Aerospace & Defense,Aerospace & Defense,Aerospace & Defense,,0.28,US,,5152758174.41,,,USD,2206703.94,,No,,,AAA,,6,,0.72,B,issuer,B,4.421917808219178,0.1338931506849315,reported
0,"ICU Medical, Inc.",2178809.06,,BBG013VVLRY9,44931YAD9,Term Loan B,100.5,SNSE,1.0,Yes,,4.0,FLT,ACTUAL_360,2.25,6.0996,0.5,,01/08/2029,B1,B1,CWNT,BB-,BB-,CWNT,,BB,Healthcare & Pharmaceuticals,Health Care Equipment & Supplies,Healthcare Devices,,0.35,US,,1210900000.0,,,USD,2178809.06,,No,,,AAA,BB+,21,,0.65,BB-,issuer,BB-,2.610958904109589,0.0387693150684931,reported
0,Opal U.S. LLC,2174444.06,,BBG01XRPBJB5,F7000QAC5,Term Loan,100.125,SNSE,1.0,Yes,,4.0,FLT,ACTUAL_360,3.0,6.6996,0.0,,04/28/2032,B1,B1,CWNT,B+,B+,CWNT,,B+,Healthcare & Pharmaceuticals,Pharmaceuticals,Pharmaceuticals,,0.4,US,,3781000003.0,,,USD,2174444.06,,No,,,AAA,BB-,24,,0.6,B+,issuer,B+,5.9150684931506845,0.1442646575342465,reported
0,Blackfin Pipeline LLC,2135122.25,,BBG01XJ3M424,09231PAB2,Term Loan B (9/25),100.313,SNSE,1.0, ,,12.0,FLT,ACTUAL_360,3.0,6.6875,0.0,,09/29/2032,,Ba3,CWNT,,BB,CWNT,,B,Energy: Electricity,Energy Equipment & Services,Business Services General,,0.55,US,,1144625000.0,,,USD,2135122.25,,No,,,AAA,,28,,0.4499999999999999,BB,issue_fallback,BB,6.336986301369863,0.0636328767123287,reported
0,"AI Aqua Merger Sub, Inc.,",2101735.99,,BBG01ZVQ9XX1,00132UAQ7,Term Loan B (01/26),100.125,SNSE,1.0,Yes,,12.0,FLT,ACTUAL_360,2.5,6.1481,0.0,,07/31/2028,B2,B2,CWNT,B,B,CWNT,,B,Consumer Goods: Durable,Machinery,Business Services General,,0.3,US,,12793496123.8,,,USD,2101735.97,,No,,,AAA,,28,,0.7,B,issuer,B,2.16986301369863,0.0692394520547945,reported
0,"AI Aqua Merger Sub, Inc.,",2101735.99,,BBG01ZVQ9XX1,00132UAQ7,Term Loan B (01/26),100.125,SNSE,1.0,Yes,,4.0,FLT,ACTUAL_360,2.5,6.164,0.0,,07/31/2028,B2,B2,CWNT,B,B,CWNT,,B,Consumer Goods: Durable,Machinery,Business Services General,,0.3,US,,12793496123.8,,,USD,2101735.97,,No,,,AAA,,28,,0.7,B,issuer,B,2.16986301369863,0.0692394520547945,reported
0,"Talen Energy Supply, LLC",2070241.1,,BBG01XRQ68B3,87422LBA7,Term Loan B (10/25),99.063,SNSE,1.0, ,,12.0,FLT,ACTUAL_360,2.0,5.6522,0.0,,11/25/2032,Ba3,Baa3,CWNT,BB-,BB-,CWNT,,BB-,Energy: Electricity,Electric Utilities,Utilities (Power),,0.7,US,,6271020004.98,,,USD,2070241.1,,No,,,AAA,BB+,26,,0.3,BB-,issuer,BB-,6.493150684931507,0.1060547945205479,reported
0,Traverse Midstream Partners LLC,2060122.51,,BBG01WJYVK77,89435TAB0,Term Loan B (02/23),100.125,SNSE,1.0, ,,4.0,FLT,ACTUAL_360,2.5,6.1634,0.5,,02/16/2028,B2,B2,CWNT,BB-,BB-,CWNT,,B,Energy: Oil & Gas,"Oil, Gas & Consumable Fuels",Energy (oil & gas),,0.35,US,,6263021355.81,,,USD,2060122.51,,No,,,AAA,,25,,0.65,BB-,issuer,BB-,1.715068493150685,0.0218572602739726,reported
0,WEX Inc.,2034753.46,,BBG01QXLZ1M3,96208UAW1,Term Loan B (11/24),100.0,SNSE,1.0,Yes,,12.0,FLT,ACTUAL_360,1.75,5.4022,0.0,,03/31/2028,Ba2,Ba2,CWNT,BB-,BB-,CWNT,,BB+,Services: Business,Commercial Services & Supplies,Business Services General,,0.35,US,,2868700001.32,,,USD,2034753.46,,No,,,AAA,BBB-,28,,0.65,BB-,issuer,BB-,1.8356164383561644,0.0240753424657534,reported
0,"Polaris Newco, LLC",2028535.66,,BBG01137VP34,73108RAB4,USD Term Loan B,88.75,SNSE,1.0,Yes,,4.0,FLT,ACTUAL_360,4.0,7.925,0.5,,06/02/2028,Caa1,B3,CWNT,CCC+,CCC+,CWNT,,CCC+,Services: Business,Software,Technology Software,,0.4,US,,7002862173.93,,,USD,2028535.66,,No,,,AAA,,2,,0.6,CCC/C,issuer,CCC/C,2.0082191780821916,0.3596438356164383,reported
0,University Support Services LLC,2024454.04,,BBG01N88C687,78957LAF9,Term Loan B (06/21),98.813,SNSE,1.0,Yes,,12.0,FLT,ACTUAL_360,2.75,6.4022,0.5,,02/12/2029,,,,,,,,CCC,Services: Consumer,Diversified Consumer Services,Business Services General,,,US,,4190279999.0,,,USD,2024454.03,,No,,,AAA,,28,,,CCC/C,unrated_conservative,CCC/C,2.706849315068493,0.3973698630136986,reported
0,Nexstar Media Inc.,2015269.92,,BBG01VKV7QP7,65336RBB3,Term Loan B-5 (6/25),99.813,SNSE,1.0, ,,12.0,FLT,ACTUAL_360,2.5,6.1522,0.0,,06/24/2032,Ba3,Ba2,CWNT,BB+,BB+,CWNT,,BB,Media: Broadcasting & Subscription,Media,Broadcasting & Media,,0.6,US,,11113990000.02,,,USD,2015269.93,,No,,,AAA,BB+,4,,0.4,BB+,issuer,BB+,6.071232876712329,0.0362131506849315,reported
0,"Jane Street Group, LLC",2010821.45,,BBG01R3LGVV9,47077DAM2,Term Loan B,99.5,SNSE,1.0, ,,4.0,FLT,ACTUAL_360,2.0,5.6727,0.0,,12/15/2031,WR,Ba1,CWNT,BB,BB,CWNT,,BB+,"Banking, Finance, Insurance & Real Estate",Financial Services,Banking & Finance,,0.5,US,,9827796414.13,,,USD,2010821.45,,No,,,AAA,BB+,27,,0.5,BB,issuer,BB,5.545205479452055,0.0560065753424657,reported
0,Examworks Bidco Inc,2007071.05,,BBG01ZVSDJ90,28542CAG4,ExamWorks/Electron 1/26 TL,100.5,SNSE,1.0, ,,12.0,FLT,ACTUAL_360,2.5,6.1522,0.5,,02/07/2033,B2,B2,CWNT,B,B,CWNT,,B,Services: Business,Health Care Providers & Services,Healthcare Providers,,0.27,US,,5757068751.01,,,USD,2007071.05,,No,,,AAA,,22,,0.73,B,issuer,B,6.695890410958904,0.1767424657534246,reported
0,"Waystar Technologies, Inc.",2005300.37,,BBG01WJCXJM9,63939WAN3,Waystar/Navicure 8/25 TLB,99.875,SNSE,1.0, ,,12.0,FLT,ACTUAL_360,2.0,5.6522,0.0,,10/22/2029,Ba3,Ba3,CWNT,BB,BB,CWNT,,BB,Services: Business,Health Care Technology,Healthcare Providers,,0.3,US,,3494597877.04,,,USD,2005300.37,,No,,,AAA,,22,,0.7,BB,issuer,BB,3.3972602739726026,0.0313479452054794,reported
0,Nexus Buyer LLC,2003410.69,,BBG01RXF6P25,65343UAH5,Term Loan B (1/25),98.063,SNSE,1.0,Yes,,12.0,FLT,ACTUAL_360,3.5,7.1522,0.0,,07/31/2031,B3,B2,CWNT,B-,B-,CWNT,,B-,"Banking, Finance, Insurance & Real Estate",Financial Services,Business Services General,,0.4,US,,5076699177.0,,,USD,2003410.69,,No,,,AAA,,28,,0.6,B-,issuer,B-,5.16986301369863,0.2234934246575342,reported
0,1011778 B.C. Unlimited Liability Company,1985693.01,,BBG01N5F4291,C6901LAM9,Term Loan B6,100.25,SNSE,1.0, ,,12.0,FLT,ACTUAL_360,1.75,5.4022,0.0,0.0,09/23/2030,Ba3,Ba2,CWNT,BB,BB,CWNT,,BB+,"Beverage, Food & Tobacco","Hotels, Restaurants & Leisure",Lodging & Restaurants,,0.55,US,,16333537500.0,,,USD,1985693.01,,No,,,AAA,BBB-,23,,0.4499999999999999,BB,issuer,BB,4.317808219178082,0.0422454794520547,reported
0,HIG Finance 2 Limited,1969193.28,,BBG01YV43HF4,G4712JBD3,Hyperion Insurance/Howden 12/25 (USD),95.438,SNSE,1.0, ,,12.0,FLT,ACTUAL_360,2.75,6.4022,0.5,,04/18/2030,B2,B2,CWNT,B,B,CWNT,,B-,"Banking, Finance, Insurance & Real Estate",Insurance,Banking & Finance,,0.35,GB,,2258725513.69,,,USD,1969193.28,,No,,,AA-,,27,,0.65,B,issuer,B,3.884931506849315,0.121224109589041,reported
0,"Mamba Purchaser, Inc.",1960940.69,,BBG01ZVTWR80,56150KAK1,Sixth Amendment Term Loan B (02/26),100.313,SNSE,1.0,Yes,,12.0,FLT,ACTUAL_360,2.75,6.4023,0.5,,10/14/2031,B3,B3,CWNT,B,B,CWNT,,B-,Healthcare & Pharmaceuticals,Health Care Providers & Services,Healthcare Providers,,0.3,US,,973186377.0,,,USD,1960940.69,,No,,,AAA,,22,,0.7,B,issuer,B,5.375342465753425,0.1544443835616438,reported
0,Fertitta Entertainment LLC,1957171.09,,BBG01W4D89L4,31556PAB3,Term Loan B,100.063,SNSE,1.0,Yes,,12.0,FLT,ACTUAL_360,3.25,6.9022,0.5,,01/29/2029,B3,B2,CWNT,B,B,CWNT,,B-,"Hotel, Gaming & Leisure","Hotels, Restaurants & Leisure",Lodging & Restaurants,,0.35,US,,13056129770.97,,,USD,1957171.09,,No,,,AAA,,23,,0.65,B,issuer,B,2.668493150684931,0.0857939726027397,reported
0,Blackhawk Network Holdings Inc.,1954502.13,,BBG01ZVTRDN0,09238FAN1,Blackhawk Network 1/26 TL,99.75,SNSE,1.0,Yes,,12.0,FLT,ACTUAL_360,3.5,7.1522,0.0,,03/12/2029,B2,B2,CWNT,B,B,CWNT,,B,Services: Business,IT Services,Business Services Data & Analytics,,0.35,US,,5516916013.5,,,USD,1954502.13,,No,,,AAA,,29,,0.65,B,issuer,B,2.783561643835617,0.0896142465753424,reported
0,Primo Brands Corporation,1950000.0,,BBG02105Z6W6,89678QAF3,Term Loan,100.625,SNSE,1.0, ,,4.0,FLT,ACTUAL_360,2.75,6.4496,0.5,,03/31/2031,B1,Ba3,CWNT,BB-,BB-,CWNT,,BB-,"Beverage, Food & Tobacco",Consumer Staples Distribution & Retail,"Food, Beverage & Tobacco",,0.5,US,,3090000000.0,,,USD,1950000.0,,No,,,AAA,,17,,0.5,BB-,issuer,BB-,4.835616438356165,0.0799890410958904,reported
0,Project Ruby Ultimate Parent Corp.,1948748.74,,BBG01W4CQM73,74339UBA7,Mediware Information/Wellsky 7/25,99.938,SNSE,1.0,Yes,,12.0,FLT,ACTUAL_360,2.75,6.5167,0.0,,03/10/2028,B3,B2,CWNT,B-,B-,CWNT,,B-,Healthcare & Pharmaceuticals,Health Care Technology,Healthcare Providers,,0.5,US,,3383495685.62,,,USD,1948748.74,,No,,,AAA,,22,,0.5,B-,issuer,B-,1.7780821917808218,0.0985961643835616,reported
0,IDEMIA Group SAS,1946400.77,,BBG01KY1RY91,F4939DAD5,Term Loan,100.125,SNSE,1.0, ,,4.0,FLT,ACTUAL_360,4.25,7.9496,0.75,,09/30/2028,B2,B2,CWNT,B,B,CWNT,,B,High Tech Industries,"Technology Hardware, Storage & Peripherals",Business Services Data & Analytics,,0.4,US,,1485000001.0,,,USD,1946400.77,,No,,,AAA,B+,29,,0.6,B,issuer,B,2.336986301369863,0.0747879452054794,reported
0,Jefferies Finance LLC,1937009.41,,BBG01WJ0G2Z7,,Term Loan (10/24),100.0,SNSE,1.0, ,,12.0,FLT,ACTUAL_360,2.75,6.418,0.0,,10/21/2031,Ba3,Ba2,CWNT,BB-,BB-,CWNT,,BB+,"Banking, Finance, Insurance & Real Estate",Financial Services,Banking & Finance,,0.5,US,,3883375000.0,,,USD,1937009.41,,No,,,AAA,BBB-,27,,0.5,BB-,issuer,BB-,5.394520547945206,0.0892701369863013,reported
0,"Precision Medicine Group, LLC",1935275.0,,BBG01WL2ZH40,74028HAG0,Term Loan B (08/25),99.563,SNSE,1.0,Yes,,4.0,FLT,ACTUAL_360,3.5,7.1634,0.0,,08/13/2032,B2,B2,CWNT,B-,B-,CWNT,,B-,Services: Business,Health Care Technology,Healthcare Providers,,0.3,US,,798000001.0,,,USD,1935275.0,,No,,,AAA,,22,,0.7,B-,issuer,B-,6.208219178082191,0.241952602739726,reported
0,"ECL Entertainment, LLC",1930105.47,,BBG01WHX61D4,26826TAM5,ECL Entertainment 8/25 TL B,100.25,SNSE,1.0, ,,12.0,FLT,ACTUAL_360,3.0,6.6522,0.0,,08/30/2030,B2,B2,CWNT,B+,B+,CWNT,,B,"Hotel, Gaming & Leisure","Hotels, Restaurants & Leisure","Gaming, Leisure & Entertainment",,0.3,US,,453422001.5,,,USD,1930105.47,,No,,,AAA,,19,,0.7,B+,issuer,B+,4.252054794520548,0.1126443835616438,reported
0,IRB Holding Corporation,1890111.45,,BBG01YBKY125,44988LAM9,Term Loan B (11/25),100.25,SNSE,1.0,Yes,,12.0,FLT,ACTUAL_360,2.5,6.1543,0.5,,12/16/2030,B2,B2,CWNT,B+,B+,CWNT,,B,"Beverage, Food & Tobacco","Hotels, Restaurants & Leisure","Food, Beverage & Tobacco",,0.35,US,,6021590100.27,,,USD,1890111.45,,No,,,AAA,,17,,0.65,B+,issuer,B+,4.5479452054794525,0.1190356164383561,reported
0,Propulsion (BC) Finco Sarl,1875000.0,,BBG01YLG67K1,74347UAG5,Term Loan (11/25),100.375,SNSE,1.0, ,,4.0,FLT,ACTUAL_360,2.5,6.1996,0.5,,12/01/2032,B2,B2,CWNT,B,B,CWNT,,B,Aerospace & Defense,Aerospace & Defense,Aerospace & Defense,,0.3,US,,1659000001.0,,,USD,1875000.0,,No,,,AAA,,6,,0.7,B,issuer,B,6.50958904109589,0.1741342465753424,reported
0,PointClickCare Technologies Inc.,1873719.53,,BBG01W3T7D78,C7365BAG1,Term Loan (07/25),99.563,SNSE,1.0, ,,4.0,FLT,ACTUAL_360,2.75,6.4134,0.0,,11/03/2031,B3,B3,CWNT,B,B,CWNT,,B-,High Tech Industries,Health Care Providers & Services,Healthcare Providers,,0.3,US,,1608790627.99,,,USD,1873719.53,,No,,,AAA,,22,,0.7,B,issuer,B,5.4301369863013695,0.1555457534246575,reported
0,"Sedgwick Claims Management Services, Inc.",1873055.29,,BBG01W90PQ30,81527CAP2,Term Loan B 2/23,99.75,SNSE,1.0,Yes,,12.0,FLT,ACTUAL_360,2.5,6.1522,0.0,,07/31/2031,B2,B2,CWNT,B+,B+,CWNT,,B,"Banking, Finance, Insurance & Real Estate",Insurance,Banking & Finance,,0.3,US,,20618630898.56,,,USD,1873055.29,,No,,,AAA,,27,,0.7,B+,issuer,B+,5.16986301369863,0.1316706849315068,reported
0,Kaman Corporation,1862537.11,,BBG01RXGBBY3,48354VAM4,Term Loan B (01/25),100.125,SNSE,1.0,Yes,,4.0,FLT,ACTUAL_360,2.25,5.9496,0.5,,02/26/2032,B2,B2,CWNT,B+,B+,CWNT,,BB,Aerospace & Defense,Aerospace & Defense,Aerospace & Defense,,0.45,US,,4253882949.62,,,USD,1862537.12,,No,,,AAA,BBB-,6,,0.55,B+,issuer,B+,5.745205479452054,0.1413939726027397,reported
0,Wilsonart LLC,1856129.13,,BBG01NSH8T44,97246FAM8,Term Loan B (07/24),91.063,SNSE,1.0,Yes,,4.0,FLT,ACTUAL_360,4.25,7.9496,0.0,,08/05/2031,B3,B2,CWNT,B,B,CWNT,,B-,Construction & Building,Building Products,Industrial/Manufacturing,,0.45,US,,3660100000.0,,,USD,1856129.13,,No,,,AAA,,10,,0.55,B,issuer,B,5.183561643835616,0.1505895890410958,reported
0,"Pasadena Performance Products, LLC",1844053.96,,BBG01X4S1JB5,70230EAD6,Term Loan (9/25),100.5,SNSE,1.0, ,,4.0,FLT,ACTUAL_360,3.25,6.9496,0.0,,02/27/2032,,Ba3,CWNT,,B+,CWNT,,B,Energy: Oil & Gas,"Oil, Gas & Consumable Fuels",Energy (oil & gas),,0.75,US,,894500000.0,,,USD,1844053.96,,No,,,AAA,,25,,0.25,B+,issue_fallback,B+,5.747945205479452,0.1414402739726027,reported
0,Biomarin Pharmaceutical Inc,1843467.56,,BBG01ZVQDZM3,09075UAD6,Term Loan B (04/26),100.188,SNSE,1.0,Yes,,4.0,FLT,ACTUAL_360,1.75,5.4283,0.0,,04/27/2033,Ba2,Ba1,CWNT,BB+,BB+,CWNT,,BB+,Healthcare & Pharmaceuticals,Health Care Providers & Services,Healthcare Providers,,0.63,US,,2800000000.0,,,USD,1843467.56,,No,,,AAA,BBB-,22,,0.37,BB+,issuer,BB+,6.912328767123288,0.041091506849315,reported
0,"American Auto Auction Group, LLC",1837433.36,,BBG01TZK7MM2,02403MAR1,Term Loan,100.063,SNSE,1.0, ,,4.0,FLT,ACTUAL_360,4.5,8.1996,0.0,,05/28/2032,B3,B3,CWNT,B-,B-,CWNT,,B-,Automotive,Commercial Services & Supplies,Automobiles,,0.3,US,,1597370605.02,,,USD,1837433.36,,No,,,AAA,,7,,0.7,B-,issuer,B-,5.997260273972603,0.2390484931506849,reported
0,Usalco LLC,1834048.46,,BBG01W6T2LT8,91732NAN3,Term Loan,99.938,SNSE,1.0, ,,12.0,FLT,ACTUAL_360,3.5,7.1543,0.5,,09/30/2031,B3,B3,CWNT,B,B,CWNT,,B-,"Chemicals, Plastics & Rubber",Chemicals,Chemicals,,0.3,US,,1024505938.5,,,USD,1834048.46,,No,,,AAA,,9,,0.7,B,issuer,B,5.336986301369863,0.1536734246575342,reported
0,"USI, Inc.",1826790.49,,BBG01R72NZG7,90351NAR6,Term Loan B (12/24),99.938,SNSE,1.0,Yes,,4.0,FLT,ACTUAL_360,2.25,5.9496,0.0,,11/22/2029,B2,B1,CWNT,B,B,CWNT,,B,"Banking, Finance, Insurance & Real Estate",Insurance,Banking & Finance,,0.3,US,,8132451001.86,,,USD,1826790.49,,No,,,AAA,,27,,0.7,B,issuer,B,3.4821917808219176,0.1101084931506849,reported
0,"Transdigm, Inc.",1800327.56,,BBG01X4SFRP7,89364MCF9,Term Loan K (9/25),100.188,SNSE,1.0,Yes,,12.0,FLT,ACTUAL_360,2.25,5.9022,0.0,,03/22/2030,B1,Ba3,CWNT,BB-,BB-,CWNT,,BB-,Aerospace & Defense,Aerospace & Defense,Aerospace & Defense,,0.27,US,,20624024882.23,,,USD,1800327.56,,No,,,AAA,,6,,0.73,BB-,issuer,BB-,3.8109589041095897,0.062013698630137,reported
0,"Acrisure, LLC",1783397.79,,BBG01VC3SFJ6,00488PAX3,Term Loan  B,94.063,SNSE,1.0,Yes,,12.0,FLT,ACTUAL_360,3.25,6.9022,0.0,,06/21/2032,B3,B2,CWNT,B,B,CWNT,,B-,"Banking, Finance, Insurance & Real Estate",Insurance,Banking & Finance,,0.3,US,,6440396038.25,,,USD,1783397.79,,No,,,AAA,,27,,0.7,B,issuer,B,6.063013698630137,0.1678821917808219,reported
0,Prairie Acquiror LP,1755695.56,,BBG01ZVTN4D5,73955HAG9,Term Loan B-5,100.563,SNSE,1.0, ,,12.0,FLT,ACTUAL_360,3.25,6.9022,0.0,,08/01/2029,B1,B3,CWNT,B+,B+,CWNT,,B+,Energy: Oil & Gas,"Oil, Gas & Consumable Fuels",Energy (oil & gas),,0.02,US,,2061150483.61,,,USD,1755695.56,,No,,,AAA,,25,,0.98,B+,issuer,B+,3.1726027397260275,0.0851084931506849,reported
0,CDK Global II LLC,1748965.11,,BBG01MQ8NHK9,15477BAE7,Term Loan  B (05/24),51.375,SNSE,1.0,Yes,,4.0,FLT,ACTUAL_360,3.25,6.9496,0.0,,07/06/2029,B3,B3,CWNT,B-,B-,CWNT,,B-,High Tech Industries,Software,Business Services Data & Analytics,,0.3,US,,8023810000.0,,,USD,1748965.11,,No,,,AAA,,29,,0.7,B-,issuer,B-,3.1013698630136988,0.1628567123287671,reported
0,CNT Holdings I Corp,1744377.67,,BBG01RZVYBM6,12656AAF6,Term Loan (01/25),100.25,SNSE,1.0,Yes,,4.0,FLT,ACTUAL_360,2.5,6.1634,0.75,,11/08/2032,B2,B2,CWNT,B,B,CWNT,,B,Retail,Specialty Retail,"Retail, Food & Drug",,0.35,US,,1736961105.82,,,USD,1744377.67,,No,,,AAA,,18,,0.65,B,issuer,B,6.446575342465754,0.1732520547945205,reported
0,"Transdigm, Inc.",1741203.32,,BBG020474PS7,89364MCG7,Term Loan N,100.188,SNSE,1.0,Yes,,12.0,FLT,ACTUAL_360,2.5,6.1522,0.0,,02/10/2033,B1,Ba3,CWNT,BB-,BB-,CWNT,,BB-,Aerospace & Defense,Aerospace & Defense,Aerospace & Defense,,0.24,US,,20624024882.23,,,USD,1741203.32,,No,,,AAA,,6,,0.76,BB-,issuer,BB-,6.704109589041096,0.1089871232876712,reported
0,Arcline FM Holdings LLC,1739173.69,,BBG01X4S9T98,03960DAJ2,Term Loan,100.5,SNSE,1.0, ,,4.0,FLT,ACTUAL_360,2.75,6.4496,0.75,,06/24/2030,B2,B2,CWNT,B,B,CWNT,,B,Aerospace & Defense,Aerospace & Defense,Aerospace & Defense,,0.27,US,,2006181050.73,,,USD,1739173.69,,No,,,AAA,,6,,0.73,B,issuer,B,4.068493150684931,0.1259410958904109,reported
0,"AlixPartners, LLP",1733118.39,,BBG01WD8FXF1,01642PBE5,Term Loan (08/25),99.688,SNSE,1.0,Yes,,12.0,FLT,ACTUAL_360,2.0,5.6522,0.0,,08/12/2032,B1,B1,CWNT,B+,B+,CWNT,,B,Services: Business,Financial Services,Business Services Data & Analytics,,0.3,US,,3742300000.0,,,USD,1733118.39,,No,,,AAA,,29,,0.7,B+,issuer,B+,6.205479452054795,0.1488643835616438,reported
0,"WideOpenWest Finance, LLC",1727906.98,,BBG01QGBQLS4,96758DBL6,Revolver (11/24),95.6591695853728,SNSE,1.0, ,,,FLT,,6.0,6.0,,,12/11/2028,B3,B2,NOW,B-,B-,CWNT,,B-,Media: Broadcasting & Subscription,Media,Telecommunications,,0.45,US,,4468177287.62,,,USD,1727906.98,,No,,,,,3,,0.55,B-,issuer,B-,2.5342465753424657,0.1373232876712328,rating_cohort_wa
0,Jupiter Borrower Inc,1720000.0,,BBG0210GS632,,Term Loan B (3/26),100.188,SNSE,1.0, ,,12.0,FLT,ACTUAL_360,2.75,6.4267,,,03/26/2033,Ba1,Ba1,CWNT,BB,BB,CWNT,,BB+,"Banking, Finance, Insurance & Real Estate",Financial Services,Banking & Finance,,0.35,US,,2300000000.0,,,USD,1720000.0,,No,,,AAA,BB+(EXP),27,,0.65,BB,issuer,BB,6.824657534246575,0.0680219178082191,reported
0,ARC Falcon I Inc.,1710000.0,,BBG020483B25,03880YAH7,Term Loan B (4/26),92.188,SNSE,1.0, ,,12.0,FLT,ACTUAL_360,4.5,8.1493,0.5,,03/04/2033,B2,B2,CWNT,B,B,CWNT,,B,"Chemicals, Plastics & Rubber",Chemicals,Chemicals,,0.35,US,,1919000001.0,,,USD,1710000.0,,No,,,AAA,,9,,0.65,B,issuer,B,6.764383561643836,0.1777013698630137,reported
0,OneDigital Borrower LLC,1705936.4,,BBG01RXG5BF1,68277FAN9,Term Loan B (01/25),98.188,SNSE,1.0, ,,12.0,FLT,ACTUAL_360,3.0,6.6522,0.5,,07/02/2031,B3,B2,CWNT,B,B,CWNT,,B-,"Banking, Finance, Insurance & Real Estate",Insurance,Banking & Finance,,0.3,US,,3819325600.74,,,USD,1705936.4,,No,,,AAA,,27,,0.7,B,issuer,B,5.090410958904109,0.1487172602739725,reported
0,"AL GCX Holdings, LLC",1705725.0,,BBG01YYQ0KL1,00162DAE5,Term Loan B,100.313,SNSE,1.0, ,,12.0,FLT,ACTUAL_360,2.25,5.911,0.5,,12/17/2032,Ba3,Ba3,CWNT,B+,B+,CWNT,,B+,Energy: Oil & Gas,"Oil, Gas & Consumable Fuels",Energy (oil & gas),,0.4,US,,2225062500.0,,,USD,1705725.0,,No,,,AAA,,25,,0.6,B+,issuer,B+,6.553424657534246,0.1542227397260273,reported
0,"Alliance Laundry Systems, LLC",1657318.81,,BBG01W8WTJG9,01862LBA5,Term Loan (1/25),100.375,SNSE,1.0,Yes,,4.0,FLT,ACTUAL_360,2.25,5.9134,0.0,,08/19/2031,B2,B2,CWNT,B+,B+,CWNT,,B,Capital Equipment,Machinery,Consumer Products,,0.55,US,,5178000002.0,,,USD,1657318.81,,No,,,AAA,,15,,0.4499999999999999,B+,issuer,B+,5.221917808219178,0.1325504109589041,reported
0,"Flexsys Cayman Holdings, LP",1656099.22,,BBG01VCL4Z26,G3577PAD6,Second-Out Term Loan (05/25),11.0,SNSE,1.0, ,,4.0,FLT,ACTUAL_360,5.25,9.1715,0.75,,08/01/2029,Caa2,Caa3,CWNT,CCC+,CCC+,CWNT,,CCC,"Chemicals, Plastics & Rubber",Chemicals,Chemicals,,0.1,US,,578317955.44,,,USD,1656099.22,,No,,,AAA,,9,,0.9,CCC/C,issuer,CCC/C,3.1726027397260275,0.4184298630136986,reported
0,LBM Acquisition LLC,1652729.24,,BBG01N1M9T87,50179JAH1,Term Loan B (05/24),82.0,SNSE,1.0,Yes,,12.0,FLT,ACTUAL_360,3.75,7.5023,0.75,,06/06/2031,Caa1,Caa1,CWNT,B-,B-,CWNT,,B-,Construction & Building,Construction & Engineering,Building & Materials,,0.2,US,,6179128426.23,,,USD,1652729.24,,No,,,AAA,B-,8,,0.8,B-,issuer,B-,5.019178082191781,0.2206605479452055,reported
0,Hilton Worldwide Finance LLC,1638539.32,,BBG01N5F10L4,43289DAK9,Term Loan B 4,100.5,SNSE,1.0,Yes,,12.0,FLT,ACTUAL_360,1.75,5.4043,0.0,,11/08/2030,Ba1,Baa2,CWNT,BB+,BB+,CWNT,,BB+,"Hotel, Gaming & Leisure","Hotels, Restaurants & Leisure",Lodging & Restaurants,,0.7,US,,10158000000.01,,,USD,1638539.32,,No,,,AAA,,23,,0.3,BB+,issuer,BB+,4.443835616438356,0.0251624657534246,reported
0,Open Text Corporation,1634106.23,,BBG01QXN10S2,68371YAP8,Term Loan B (08/23),98.438,SNSE,1.0, ,,12.0,FLT,ACTUAL_360,1.75,5.4022,0.5,,01/31/2030,Ba2,Ba1,CWNT,BB+,BB+,CWNT,,BB+,Services: Business,Professional Services,Business Services General,,0.63,US,,9020487498.0,,,USD,1634106.23,,No,,,AAA,BBB-,28,,0.37,BB+,issuer,BB+,3.673972602739726,0.019785205479452,reported
0,United Talent Agency LLC,1618840.48,,BBG01YLGPLF5,91301QAP2,Term Loan  B,100.563,SNSE,1.0,Yes,,12.0,FLT,ACTUAL_360,3.0,6.668,0.0,,06/10/2032,B2,B2,CWNT,B+,B+,CWNT,,B,Media: Diversified & Production,Media,"Gaming, Leisure & Entertainment",,0.4,US,,1177500003.0,,,USD,1618840.48,,No,,,AAA,,19,,0.6,B+,issuer,B+,6.032876712328767,0.146206301369863,reported
0,"Imprivata, Inc",1615785.97,,BBG01VKVW1M7,45323KAG5,Term Loan,99.625,SNSE,1.0, ,,4.0,FLT,ACTUAL_360,3.0,6.6996,0.0,,12/01/2027,B2,B2,CWNT,B,B,CWNT,,B,High Tech Industries,Software,Technology Software,,0.35,US,,1629782499.69,,,USD,1615785.97,,No,,,AAA,BB-,2,,0.65,B,issuer,B,1.5041095890410958,0.0454008219178082,reported
0,Turquoise Topco Limited,1607369.07,,BBG01WHY8NH8,89776TAB7,Term Loan B,97.75,SNSE,1.0, ,,4.0,FLT,ACTUAL_360,3.25,6.9507,0.0,,12/30/2032,B1,B1,CWNT,,B-,,,BB-,"Hotel, Gaming & Leisure","Hotels, Restaurants & Leisure","Gaming, Leisure & Entertainment",,0.5,US,,1475000000.0,,,USD,1607369.07,,No,,,AAA,BB-,19,,0.5,B-,issue_fallback,B-,6.589041095890411,0.2471698630136986,reported
0,"Mitnick Corporate Purchase, Inc",1594007.86,,BBG016NKQTH5,60672HAC7,Term Loan 4/22,36.438,SNSE,1.0, ,,4.0,FLT,ACTUAL_360,4.75,8.5134,0.5,,05/02/2029,Caa1,Caa1,CWNT,CCC+,CCC+,CWNT,,B,High Tech Industries,,Business Services General,,0.3,US,,786475000.0,,,USD,1594007.86,,No,,,AAA,B *-,28,,0.7,CCC/C,issuer,CCC/C,2.9232876712328766,0.4090575342465753,reported
0,Icon Parent I Inc.,1581932.04,,BBG01WN25Z14,45115DAC2,Instructure/Icon Parent 8/25 TL,94.5,SNSE,1.0,Yes,,4.0,FLT,ACTUAL_360,2.75,6.4374,0.0,,11/13/2031,B3,B3,CWNT,B-,B-,CWNT,,B-,High Tech Industries,,Technology Software,,0.35,US,,2401468775.53,,,USD,1581932.04,,No,,,AAA,,2,,0.65,B-,issuer,B-,5.457534246575342,0.2289016438356164,reported
0,Virgin Media Bristol LLC,1557340.35,,BBG01FP4KD53,G9368PBH6,Term Loan Y,88.688,SNSE,1.0,Yes,,2.0,FLT,ACTUAL_360,3.175,6.9666,0.0,,03/31/2031,B1,Ba3,CWNT,B+,B+,CWNT,,BB-,Media: Broadcasting & Subscription,Media,Cable,,0.45,GB,,7220470452.4,,,USD,1557340.35,,No,,,AA-,BB,5,,0.55,B+,issuer,B+,4.835616438356165,0.1252493150684931,reported
0,"Maravai Intermediate Holdings, LLC",1547461.46,,BBG014H58NJ1,56589PAJ4,Term Loan B (01/22),99.25,SNSE,1.0,Yes,,4.0,FLT,ACTUAL_360,3.0,6.6721,0.5,,10/19/2027,B3,B3,CWNT,B-,B-,CWNT,,CCC,Healthcare & Pharmaceuticals,Life Sciences Tools & Services,Pharmaceuticals,,0.35,US,,409880009.0,,,USD,1547461.46,,No,,,AAA,,24,,0.65,B-,issuer,B-,1.3863013698630138,0.074932602739726,reported
0,"The Edelman Financial Engines Centre, LLC",1540000.0,,BBG021MGSTV7,27943UAN6,Term Loan B (04/26),100.5,SNSE,1.0, ,,12.0,FLT,ACTUAL_360,4.0,7.6522,0.0,,11/28/2031,B3,B3,CWNT,B,B,CWNT,,B-,"Banking, Finance, Insurance & Real Estate",Capital Markets,Banking & Finance,,0.3,US,,2795094308.69,,,USD,1540000.0,,No,,,AAA,,27,,0.7,B,issuer,B,5.498630136986302,0.1569224657534246,reported
0,"Team Services Group, LLC",1540000.0,,BBG01ZV2GV97,87821RAB0,Team Services 1/26 Cov-Lite TLB,97.813,SNSE,1.0, ,,4.0,FLT,ACTUAL_360,5.25,8.9496,0.0,,03/31/2033,B2,B2,CWNT,B-,B-,CWNT,,B,Healthcare & Pharmaceuticals,Health Care Providers & Services,Healthcare Providers,,0.35,US,,734000000.0,,,USD,1540000.0,,No,,,AAA,B,22,,0.65,B-,issuer,B-,6.838356164383562,0.2505854794520548,reported
0,"Trident TPI Holdings, Inc.",1538398.9,,BBG01Q9SXQP9,00216EAL3,Term Loan B6 (10/24),96.25,SNSE,1.0,Yes,,4.0,FLT,ACTUAL_360,3.75,7.4496,0.5,,09/15/2028,Caa1,B3,CWNT,B-,B-,CWNT,,CCC+,"Containers, Packaging & Glass",Containers & Packaging,Packaging & Containers,,0.4,US,,2399599995.59,,,USD,1538398.9,,No,,,AAA,,12,,0.6,B-,issuer,B-,2.295890410958904,0.126025205479452,reported
0,"Varsity Brands, Inc.",1530010.19,,BBG01X575V92,92227QAG1,Term Loan 2025-2,100.313,SNSE,1.0,Yes,,4.0,FLT,ACTUAL_360,2.75,6.4496,0.0,,08/26/2031,B2,B2,CWNT,B,B,CWNT,,B,Consumer Goods: Durable,Household Durables,Consumer Products,,0.3,US,,3158217187.51,,,USD,1530010.19,,No,,,AAA,,15,,0.7,B,issuer,B,5.241095890410959,0.1517460273972602,reported
0,"ArchKey Holdings, Inc.",1529271.72,,BBG01VYGV3C3,48205CAC9,Term Loan B,100.625,SNSE,1.0, ,,4.0,FLT,ACTUAL_360,4.0,7.6996,0.0,,11/03/2031,B2,B2,CWNT,B,B,CWNT,,B,Services: Business,Professional Services,Business Services General,,0.3,US,,1737075610.49,,,USD,1529271.72,,No,,,AAA,,28,,0.7,B,issuer,B,5.4301369863013695,0.1555457534246575,reported
0,"CPI Holdco B, LLC",1529063.54,,BBG01MRCTLN1,1261MAAE0,"2025 Refinancing 1st Amend Inc TL, 4th Amend Inc",99.938,SNSE,1.0, ,,12.0,FLT,ACTUAL_360,2.0,5.6522,0.0,,05/19/2031,Ba3,Ba3,CWNT,BB-,BB-,CWNT,,BB-,"Banking, Finance, Insurance & Real Estate",Financial Services,Banking & Finance,,0.27,US,,5812111413.36,,,USD,1529063.54,,No,,,AAA,,27,,0.73,BB-,issuer,BB-,4.96986301369863,0.0822846575342465,reported
0,"Asurion, LLC",1513083.85,,BBG0205TJZZ2,04649VBF6,Term Loan B,97.063,SNSE,1.0,Yes,,4.0,FLT,ACTUAL_360,3.75,7.4134,0.0,,02/23/2033,B1,Ba3,CWNT,B+,B+,CWNT,,B+,"Banking, Finance, Insurance & Real Estate",Insurance,Banking & Finance,,0.5,US,,8488972407.04,,,USD,1513083.85,,No,,,AAA,,27,,0.5,B+,issuer,B+,6.739726027397261,0.1570917808219178,reported
0,"Venture Global Calcasieu Pass, LLC",1500000.0,,BBG021CDF9B5,12867PAB7,Term Loan B (3/26),100.438,SNSE,1.0, ,,4.0,FLT,ACTUAL_360,3.25,6.954,0.0,,04/11/2033,B1,Ba3,CWNT,BB-,BB-,CWNT,,B+,Energy: Oil & Gas,"Oil, Gas & Consumable Fuels",Energy (oil & gas),,0.55,US,,2659715090.34,,,USD,1500000.0,,No,,,AAA,,25,,0.4499999999999999,BB-,issuer,BB-,6.868493150684931,0.1112720547945205,reported
0,Paysafe Holdings (US) Corp,1476488.94,,BBG0118YPV52,70451NAB2,Term Loan B-1,95.875,SNSE,1.0,Yes,,12.0,FLT,ACTUAL_360,2.75,6.5167,0.5,,06/28/2028,B2,B2,CWNT,B,B,CWNT,,B,Services: Consumer,Diversified Consumer Services,Banking & Finance,,0.4,US,,1934136289.6,,,USD,1476488.94,,No,,,AAA,,27,,0.6,B,issuer,B,2.0794520547945203,0.066237808219178,reported
0,Patagonia Holdco LLC,1451761.19,,BBG018WQ3GD5,70289FAD3,Term Loan B,79.125,SNSE,1.0,Yes,,4.0,FLT,ACTUAL_360,5.75,9.4099,0.5,,08/01/2029,B3,B3,CWNT,B-,B-,NOW,,B-,Telecommunications,Wireless Telecommunication Services,Telecommunications,,0.41,US,,2054500000.0,,,USD,1451761.19,,No,,,AAA,,3,,0.5900000000000001,B-,issuer,B-,3.1726027397260275,0.1652857534246575,reported
0,"OVG Business Services, LLC",1448067.12,,BBG01N62X2N1,62955EAJ3,Term Loan B (06/24),100.313,SNSE,1.0, ,,12.0,FLT,ACTUAL_360,3.0,6.6522,0.0,,06/25/2031,B2,B2,CWNT,B,B,CWNT,,B,"Banking, Finance, Insurance & Real Estate",Mortgage Real Estate Investment Trusts (REITs),Banking & Finance,,0.45,US,,1687974747.46,,,USD,1448067.12,,No,,,AAA,,27,,0.55,B,issuer,B,5.071232876712329,0.1483317808219178,reported
0,"DTI Holdco, Inc.",1446297.32,,BBG01S4CBXL8,23358EAK5,Term Loan B (02/25),90.75,SNSE,1.0,Yes,,12.0,FLT,ACTUAL_360,4.0,7.6522,0.75,,04/26/2029,B3,B3,CWNT,B-,B-,CWNT,,B-,Services: Business,Professional Services,Business Services Data & Analytics,,0.3,US,,1413253996.16,,,USD,1446297.32,,No,,,AAA,,29,,0.7,B-,issuer,B-,2.9068493150684933,0.1549846575342465,reported
0,Green Infrastructure Partners Inc.,1441403.98,,BBG01X5WT847,39306DAB6,Term Loan B (09/25),100.25,SNSE,1.0,Yes,,4.0,FLT,ACTUAL_360,2.75,6.4496,0.0,,09/24/2032,B2,B2,CWNT,B,B,CWNT,,B,Services: Business,Construction & Engineering,Industrial/Manufacturing,,0.27,US,,1050000000.0,,,USD,1441403.98,,No,,,AAA,,10,,0.73,B,issuer,B,6.323287671232877,0.1715260273972602,reported
0,"Resonetics, LLC",1425247.36,,BBG01W9009D4,76118EAL2,Term Loan B,100.063,SNSE,1.0,Yes,,4.0,FLT,ACTUAL_360,2.75,6.4189,0.75,,06/18/2031,B3,B3,CWNT,B-,B-,CWNT,,B-,Services: Business,Professional Services,Business Services General,,0.3,US,,2849806339.88,,,USD,1425247.36,,No,,,AAA,,28,,0.7,B-,issuer,B-,5.052054794520548,0.2212786301369863,reported
0,"Inmar, Inc.",1369174.72,,BBG01VKV86P0,45763FAV0,Term Loan B (06/25),90.375,SNSE,1.0, ,,4.0,FLT,ACTUAL_360,4.5,8.1634,0.5,,10/30/2031,B3,B3,CWNT,B-,B-,CWNT,,B+,Healthcare & Pharmaceuticals,Health Care Technology,Healthcare Devices,,0.4,US,,4132499743.61,,,USD,1369174.72,,No,,,AAA,,21,,0.6,B-,issuer,B-,5.419178082191781,0.2281805479452055,reported
0,Pregis Topco LLC,1352025.22,,BBG01TYJZML6,74045BAG2,Term Loan (05/25),100.625,SNSE,1.0, ,,12.0,FLT,ACTUAL_360,4.0,7.6522,0.0,,02/01/2029,B3,B2,CWNT,B-,B-,CWNT,,B-,"Containers, Packaging & Glass",Containers & Packaging,Packaging & Containers,,0.35,US,,1567500000.0,,,USD,1352025.22,,No,,,AAA,,12,,0.65,B-,issuer,B-,2.6767123287671235,0.1440761643835616,reported
0,"Flexsys Cayman Holdings, LP",1347242.55,,BBG01VCL4Z26,G3577PAC8,First-Out Term Loan (05/25),11.0,SNSE,1.0, ,,4.0,FLT,ACTUAL_360,6.25,9.9099,1.0,,08/01/2029,Caa2,Caa1,CWNT,CCC+,CCC+,CWNT,,CCC,"Chemicals, Plastics & Rubber",Chemicals,Chemicals,,0.7,US,,578317955.44,,,USD,1347242.55,,No,,,AAA,,9,,0.3,CCC/C,issuer,CCC/C,3.1726027397260275,0.4184298630136986,reported
0,WCG Intermediate Corp.,1331382.13,,BBG01ZVT1DM9,23343FAG9,Term Loan  B,99.313,SNSE,1.0,Yes,,12.0,FLT,ACTUAL_360,2.75,6.4022,0.0,,02/25/2032,B3,B3,CWNT,B-,B-,CWNT,,B-,Services: Consumer,Diversified Consumer Services,Healthcare Providers,,0.3,US,,1419292875.0,,,USD,1331382.13,,No,,,AAA,,22,,0.7,B-,issuer,B-,5.742465753424658,0.2342583561643836,reported
0,"Hanger, Inc.",1324097.57,,BBG01Q6DXLH5,41043BAH1,Term Loan B (10/24),100.5,SNSE,1.0,Yes,,12.0,FLT,ACTUAL_360,3.5,7.1522,0.0,,10/23/2031,B2,B2,CWNT,B,B,CWNT,,B,Healthcare & Pharmaceuticals,Health Care Providers & Services,Healthcare Providers,,0.3,US,,1406095000.0,,,USD,1324097.57,,No,,,AAA,,22,,0.7,B,issuer,B,5.4,0.15494,reported
0,"Motion Finco, LLC",1320327.82,,BBG01L0R3FR6,L6526BAG9,Term Loan (02/24),80.938,SNSE,1.0, ,,4.0,FLT,ACTUAL_360,3.5,7.1996,0.0,,11/12/2029,Caa1,B3,CWNT,CCC+,CCC+,CWNT,,CCC+,"Hotel, Gaming & Leisure","Hotels, Restaurants & Leisure","Gaming, Leisure & Entertainment",,0.5,US,,2742541166.9,,,USD,1320327.82,,No,,,AAA,,19,,0.5,CCC/C,issuer,CCC/C,3.4547945205479453,0.4269802739726027,reported
0,Traverse Midstream Partners LLC,1320000.0,,BBG021LS3K48,89435TAH7,Term Loan B (04/26),100.125,SNSE,1.0, ,,4.0,FLT,ACTUAL_360,2.25,5.9047,,,04/21/2033,B2,B2,CWNT,BB-,BB-,CWNT,,B,Energy: Oil & Gas,"Oil, Gas & Consumable Fuels",Energy (oil & gas),,0.35,US,,6263021355.81,,,USD,1320000.0,,No,,,AAA,,25,,0.65,BB-,issuer,BB-,6.895890410958904,0.1116528767123287,reported
0,Plusgrade Inc.,1311657.14,,BBG01SMZ1VF9,C6902LAE6,Term Loan B (03/25),98.563,SNSE,1.0,Yes,,4.0,FLT,ACTUAL_360,3.5,7.1634,0.0,,03/03/2031,B2,B2,CWNT,B,B,CWNT,,B,Services: Business,Media,Business Services General,,0.45,CA,,359280003.0,,,USD,1311657.14,,No,,,AAA,,28,,0.55,B,issuer,B,4.758904109589041,0.1414753424657534,reported
0,"Ivanti Software, Inc.",1302486.15,,BBG01TXZVR61,46583DAH2,Term Loan,38.491,SNSE,1.0, ,,4.0,FLT,ACTUAL_360,4.75,8.4108,0.0,,06/01/2029,Caa1,Caa1,CWNT,CCC+,CCC+,CWNT,,B-,High Tech Industries,Software,Technology Software,,0.27,US,,6248547413.27,,,USD,1387424.48,,No,,,,B,2,,0.73,CCC/C,issuer,CCC/C,3.0054794520547947,0.4133660273972603,reported
0,CFC Bidco 2022 Limited,1300771.81,,BBG01V4XQPF3,12531JAB7,Term Loan (7/25),95.563,SNSE,1.0, ,,4.0,FLT,ACTUAL_360,3.5,7.1822,0.0,,07/01/2032,B3,B2,CWNT,B-,B-,NOW,,B-,"Banking, Finance, Insurance & Real Estate",Insurance,Banking & Finance,,0.3,US,,1266825000.0,,,USD,1300771.81,,No,,,AAA,,27,,0.7,B-,issuer,B-,6.090410958904109,0.2403386301369863,reported
0,"PINNACLE BUYER, LLC",1263466.69,,BBG01X3LN2K4,72349UAB8,Term Loan,100.313,SNSE,1.0,Yes,,4.0,FLT,ACTUAL_360,2.5,6.1822,0.0,,10/01/2032,B2,B2,CWNT,B,B,CWNT,,B+,Capital Equipment,Commercial Services & Supplies,Industrial/Manufacturing,,0.45,US,,1746750000.0,,,USD,1263466.69,,No,,,AAA,BB-,10,,0.55,B,issuer,B,6.342465753424658,0.1717945205479452,reported
0,"Sotera Health Holdings, LLC",1253355.77,,BBG01X5WKPF6,83600VAH4,Term Loan B,100.25,SNSE,1.0,Yes,,12.0,FLT,ACTUAL_360,2.5,6.1522,0.0,,05/30/2031,B1,B1,CWNT,BB-,BB-,CWNT,,B+,Healthcare & Pharmaceuticals,Life Sciences Tools & Services,Healthcare Providers,,0.35,US,,4254944599.61,,,USD,1253355.77,,No,,,AAA,,22,,0.65,BB-,issuer,BB-,5.0,0.0828,reported
0,"VS Buyer, LLC",1241744.57,,BBG01W8Y4XQ0,91834WAG5,Cov Lite TLB,96.813,SNSE,1.0,Yes,,4.0,FLT,ACTUAL_360,2.25,5.9134,0.0,,04/14/2031,B2,B2,CWNT,B+,B+,CWNT,,B,High Tech Industries,Software,Technology Software,,0.3,US,,4270599874.99,,,USD,1241744.57,,No,,,AAA,,2,,0.7,B+,issuer,B+,4.873972602739726,0.126077808219178,reported
0,"Sharp Services, LLC",1239192.68,,BBG01X4RMG84,81989LAG3,Term Loan  B,100.438,SNSE,1.0,Yes,,4.0,FLT,ACTUAL_360,3.0,6.6996,0.0,,09/29/2032,B3,B3,CWNT,B-,B-,CWNT,,B-,Healthcare & Pharmaceuticals,Health Care Equipment & Supplies,Healthcare Devices,,0.3,US,,1977355020.91,,,USD,1239192.68,,No,,,AAA,,21,,0.7,B-,issuer,B-,6.336986301369863,0.2437167123287671,reported
0,QuidelOrtho Corp,1229220.29,,BBG01WK339W1,74840YAF1,Term Loan A (11/25),95.563,SNSE,1.0, ,,12.0,FLT,ACTUAL_360,2.25,5.9022,0.0,,08/21/2030,B1,B1,CWNT,B+,B+,CWNT,,B+,Healthcare & Pharmaceuticals,Health Care Providers & Services,Healthcare Providers,,0.4,US,,5414000000.0,,,USD,1229220.29,,No,,,AAA,,22,,0.6,B+,issuer,B+,4.227397260273973,0.1121117808219178,reported
0,"WideOpenWest Finance, LLC",1223901.84,,BBG01QGBQLN9,96758DBK8,Second Out Term Loan,91.625,SNSE,1.0,Yes,,4.0,FLT,ACTUAL_360,3.0,6.9306,1.5,,12/11/2028,B3,Caa1,CWNT,B-,B-,CWNT,,B-,Media: Broadcasting & Subscription,Media,Telecommunications,,0.45,US,,4468177287.62,,,USD,1223901.84,,No,,,AAA,,3,,0.55,B-,issuer,B-,2.5342465753424657,0.1373232876712328,reported
0,"EOC Borrower, LLC",1219806.83,,BBG01S2SSH05,26875YAC6,Term Loan A (03/25),100.25,SNSE,1.0, ,,12.0,FLT,ACTUAL_360,3.75,7.4022,0.0,,03/24/2028,B1,B2,CWNT,B+,B+,CWNT,,B+,Media: Diversified & Production,Media,"Gaming, Leisure & Entertainment",,0.3,US,,3316165869.0,,,USD,1219806.83,,No,,,AAA,,19,,0.7,B+,issuer,B+,1.8164383561643835,0.0439361643835616,reported
0,"MH Sub I, LLC",1216447.58,,BBG01R3MGQ57,45567YAP0,Term Loan B4,85.819,SNSE,1.0,Yes,,12.0,FLT,ACTUAL_360,4.25,7.9022,0.5,,12/31/2031,B2,B1,CWNT,B,B,CWNT,,B,Services: Consumer,Diversified Consumer Services,Business Services Data & Analytics,,0.4,US,,12790732731.19,,,USD,1216447.58,,No,,,AAA,,29,,0.6,B,issuer,B,5.589041095890411,0.1587397260273972,reported
0,TK Elevator Midco GMBH,1210000.0,,BBG020KYQRZ4,,Term Loan B,100.75,SNSE,1.0,Yes,,4.0,FLT,ACTUAL_360,2.75,6.48,0.5,,04/30/2030,B2,B2,CWNT,B,B,CWNT,,B,Construction & Building,Construction & Engineering,Industrial/Manufacturing,,0.4,US,,6929811758.45,,,USD,1210000.0,,No,,,AAA,,10,,0.6,B,issuer,B,3.9178082191780823,0.122131506849315,reported
0,"EOC Borrower, LLC",1209734.67,,BBG01RV8WWW6,26875YAB8,Term Loan B (01/25),100.313,SNSE,1.0,Yes,,12.0,FLT,ACTUAL_360,2.75,6.4022,0.0,,03/24/2032,B1,B2,CWNT,B+,B+,CWNT,,B+,Media: Diversified & Production,Media,"Gaming, Leisure & Entertainment",,0.3,US,,3316165869.0,,,USD,1209734.67,,No,,,AAA,,19,,0.7,B+,issuer,B+,5.8191780821917805,0.142644109589041,reported
0,"Gray Television, Inc.",1209221.26,,BBG011CHYYX7,389376AZ7,Term Loan D,100.188,SNSE,1.0,Yes,,12.0,FLT,ACTUAL_360,3.0,6.7638,0.0,,12/01/2028,B2,Ba3,CWNT,B-,B-,CWNT,,B-,Media: Broadcasting & Subscription,Media,Broadcasting & Media,,0.65,US,,3624000001.0,,,USD,1209221.26,,No,,,AAA,WD,4,,0.35,B-,issuer,B-,2.506849315068493,0.1360246575342465,reported
0,"BCPE Empire Holdings, Inc.",1185023.75,,BBG0219FXNV1,05550HAT2,Imperial Bag & Paper/Imperial Dade 3/26 10th Amendment Term Loan,99.75,SNSE,1.0, ,,12.0,FLT,ACTUAL_360,3.5,7.1522,0.5,,12/29/2032,B3,B3,CWNT,B,B,CWNT,,B-,"Containers, Packaging & Glass",Containers & Packaging,Packaging & Containers,,0.3,US,,6367944826.05,,,USD,1185023.75,,No,,,AAA,,12,,0.7,B,issuer,B,6.586301369863014,0.1752082191780822,reported
0,EFS Cogen Holdings I LLC,1183014.28,,BBG01W9CWPX5,26844HAM9,Term Loan B (7/25),100.625,SNSE,1.0, ,,4.0,FLT,ACTUAL_360,3.0,6.6996,0.0,,10/03/2031,,B1,CWNT,,B+,CWNT,,BB-,Utilities: Electric,Electric Utilities,Utilities (Power),,0.65,US,,3927000002.0,,,USD,1183014.28,,No,,,AAA,BB-,26,,0.35,B+,issue_fallback,B+,5.345205479452055,0.1346339726027397,reported
0,"Transdigm, Inc.",1175590.1,,BBG01WMFCNY9,89364MCE2,Term Loan M (08/25),100.25,SNSE,1.0,Yes,,12.0,FLT,ACTUAL_360,2.5,6.1522,0.0,,08/19/2032,B1,Ba3,CWNT,BB-,BB-,CWNT,,BB-,Aerospace & Defense,Aerospace & Defense,Aerospace & Defense,,0.27,US,,20624024882.23,,,USD,1175590.1,,No,,,AAA,,6,,0.73,BB-,issuer,BB-,6.2246575342465755,0.1023227397260274,reported
0,"Ensemble RCM, LLC",1150739.46,,BBG01ZQX7GP0,29359BAH4,Term Loan (1/26),99.938,SNSE,1.0,Yes,,4.0,FLT,ACTUAL_360,3.0,6.6634,0.0,,02/09/2033,B2,B2,CWNT,B,B,CWNT,,B,Healthcare & Pharmaceuticals,Health Care Providers & Services,Healthcare Providers,,0.3,US,,7442500000.01,,,USD,1150739.46,,No,,,AAA,,22,,0.7,B,issuer,B,6.701369863013698,0.1768191780821917,reported
0,"Aramark Services, Inc.",1125498.53,,BBG01YVN7CS5,03852JBC4,Term Loan B-10 (12/25),100.625,SNSE,1.0,Yes,,12.0,FLT,ACTUAL_360,1.75,5.4022,0.0,,06/22/2030,Ba2,Ba1,CWNT,BB,BB,CWNT,,BB+,Services: Consumer,Commercial Services & Supplies,"Food, Beverage & Tobacco",,0.7,US,,4164470331.51,,,USD,1125498.53,,No,,,AAA,,17,,0.3,BB,issuer,BB,4.063013698630137,0.0391624657534246,reported
0,Level 3 Financing Inc,1124733.73,,BBG02247JM59,52729KAU0,Term Loan (9/25),100.5,SNSE,1.0,Yes,,12.0,FLT,ACTUAL_360,3.25,6.9022,0.0,,03/29/2032,B2,Ba3,CWNT,B-,B-,CWNT,,B,Telecommunications,Diversified Telecommunication Services,Telecommunications,,0.7,US,,3013950000.0,,,USD,1124733.73,,No,,,AAA,BB,3,,0.3,B-,issuer,B-,5.832876712328767,0.2359580821917808,reported
0,"Cotiviti, Inc.",1123230.89,,BBG01S6ZFSD1,22164MAF4,Term Loan (3/25),93.636,SNSE,1.0,Yes,,12.0,FLT,ACTUAL_360,2.75,6.3993,0.0,,03/26/2032,B2,B2,CWNT,B,B,CWNT,,B,Healthcare & Pharmaceuticals,Health Care Technology,Healthcare Devices,,0.4,US,,14512068749.0,,,USD,1123230.89,,No,,,AAA,,21,,0.6,B,issuer,B,5.824657534246575,0.1634756164383561,reported
0,Select Medical Corporation,1120000.0,,BBG021085FH0,816194AZ7,Term Loan,100.5,SNSE,1.0, ,,12.0,FLT,ACTUAL_360,3.0,6.6725,,,12/03/2031,B1,Ba3,CWNT,B+,B+,CWNT,,BB-,Healthcare & Pharmaceuticals,Health Care Providers & Services,Healthcare Providers,,0.45,US,,6989748322.96,,,USD,1120000.0,,No,,,AAA,,22,,0.55,B+,issuer,B+,5.512328767123288,0.1374583561643835,reported
0,Aveanna Healthcare LLC,1104450.0,,BBG01X0YGCF1,05549DAN8,Term Loan B,100.563,SNSE,1.0, ,,12.0,FLT,ACTUAL_360,3.75,7.4022,0.0,,09/10/2032,B3,B3,CWNT,B-,B-,CWNT,,B-,Healthcare & Pharmaceuticals,Health Care Providers & Services,Healthcare Providers,,0.3,US,,2053375001.0,,,USD,1104450.0,,No,,,AAA,B-,22,,0.7,B-,issuer,B-,6.284931506849315,0.2430035616438356,reported
0,"ECi Macola/MAX Holding, LLC",1101390.62,,BBG01VYKYGM1,26825UAN1,Term Loan,97.125,SNSE,1.0,Yes,,4.0,FLT,ACTUAL_360,2.75,6.4496,0.75,,05/09/2030,B3,B2,CWNT,B-,B-,CWNT,,B-,High Tech Industries,Software,Technology Software,,0.4,US,,1296337437.82,,,USD,1101390.62,,No,,,AAA,,2,,0.6,B-,issuer,B-,3.9424657534246577,0.1915380821917808,reported
0,"Indeck Niles, LLC",1100000.0,,BBG0204417K5,45337UAL6,Indeck 2/26 TL,100.125,SNSE,1.0, ,,4.0,FLT,ACTUAL_360,2.75,6.4194,0.0,,03/09/2033,,Ba3,CWNT,,B+,CWNT,,B,Capital Equipment,Machinery,Industrial/Manufacturing,,0.75,US,,750000000.0,,,USD,1100000.0,,No,,,AAA,,10,,0.25,B+,issue_fallback,B+,6.778082191780822,0.1576824657534246,reported
0,BENDING SPOONS US INC.,1099999.25,,BBG01S7PZ7Z2,08167PAB2,Term Loan B (2/25),98.438,SNSE,1.0, ,,12.0,FLT,ACTUAL_360,5.875,9.536,0.0,,03/07/2031,B1,B1,CWNT,B+,B+,CWNT,,B+,High Tech Industries,Software,Technology Software,,0.45,US,,2005854430.39,,,USD,1099999.25,,No,,,AAA,,2,,0.55,B+,issuer,B+,4.76986301369863,0.1238290410958904,reported
0,Madison Safety & Flow LLC,1098434.57,,BBG01XH8TYN9,55822DAN1,Term Loan B (09/25),100.188,SNSE,1.0, ,,12.0,FLT,ACTUAL_360,2.5,6.1543,0.0,,09/26/2031,B2,B2,CWNT,B,B,CWNT,,B,Construction & Building,Construction Materials,Building & Materials,,0.35,US,,3792925000.0,,,USD,1098434.57,,No,,,AAA,,8,,0.65,B,issuer,B,5.326027397260274,0.1534531506849315,reported
0,"Brightview Landscapes, LLC",1096263.85,,BBG01RXG2YC7,10801XAL1,Term Loan B (1/25),100.0,SNSE,1.0, ,,4.0,FLT,ACTUAL_360,2.0,5.6634,0.5,,04/20/2029,B1,B1,CWNT,B,B,CWNT,,B+,Services: Business,Professional Services,Business Services General,,0.55,US,,788000003.0,,,USD,1096263.85,,No,,,AAA,,28,,0.4499999999999999,B,issuer,B,2.8904109589041096,0.0931616438356164,reported
0,"Ascensus Group Holdings, Inc.",1090777.89,,BBG01YHK05H1,03836BAH2,Term Loan,98.75,SNSE,1.0,Yes,,12.0,FLT,ACTUAL_360,3.0,6.6522,0.5,,11/24/2032,B3,B3,CWNT,B-,B-,CWNT,,B-,Services: Consumer,Financial Services,Banking & Finance,,0.3,US,,6087883211.15,,,USD,1090777.89,,No,,,AAA,,27,,0.7,B-,issuer,B-,6.49041095890411,0.2458186301369863,reported
0,Century De Buyer LLC,1088171.95,,BBG01WDBZLY7,15651FAE6,Term Loan B (07/25),99.25,SNSE,1.0, ,,4.0,FLT,ACTUAL_360,3.0,6.6634,0.0,,10/30/2030,B2,B2,CWNT,B,B,CWNT,,B,"Media: Advertising, Printing & Publishing",Media,Broadcasting & Media,,0.4,US,,2178082362.51,,,USD,1088171.95,,No,,,AAA,,4,,0.6,B,issuer,B,4.419178082191781,0.133831506849315,reported
0,"Alera Group, Inc.",1083216.91,,BBG01ZK63D49,01451PAE6,TL B,95.625,SNSE,1.0, ,,12.0,FLT,ACTUAL_360,2.75,6.4022,0.0,,05/31/2032,B3,B2,CWNT,B,B,CWNT,,B-,"Banking, Finance, Insurance & Real Estate",Insurance,Banking & Finance,,0.35,US,,4809719125.03,,,USD,1083216.91,,No,,,AAA,,27,,0.65,B,issuer,B,6.005479452054795,0.1670767123287671,reported
0,"ACP Tara Holdings, Inc.",1079251.7,,BBG01X4NL436,00110HAG4,Term Loan B,100.313,SNSE,1.0,No,,4.0,FLT,ACTUAL_360,3.25,6.9496,0.0,,12/15/2032,B2,B2,CWNT,B,B,CWNT,,B,Healthcare & Pharmaceuticals,Specialty Retail,Consumer Products,,0.4,US,,750000000.0,,,USD,1079251.7,,No,,,AAA,,15,,0.6,B,issuer,B,6.5479452054794525,0.1746712328767123,reported
0,"Broadstreet Partners, Inc.",1073873.26,,BBG01ZK2XL38,11132VAY5,Term Loan B-4,98.313,SNSE,1.0, ,,12.0,FLT,ACTUAL_360,2.5,6.1522,0.0,,06/13/2031,B3,B2,CWNT,B,B,CWNT,,B-,"Banking, Finance, Insurance & Real Estate",Insurance,Banking & Finance,,0.35,US,,16671586192.91,,,USD,1073873.26,,No,,,AAA,,27,,0.65,B,issuer,B,5.038356164383561,0.1476709589041095,reported
0,"Calpine Construction Finance Company, L.P.",1071592.3,,BBG01YGPKHD7,13134NAK7,Term Loan B,100.125,SNSE,1.0,Yes,,12.0,FLT,ACTUAL_360,1.75,5.4022,0.0,,07/31/2030,WR,Baa1,CWNT,BBB+,BBB+,CWNT,,BBB,Energy: Electricity,Electric Utilities,Utilities (Power),,0.41,US,,4263125000.0,,,USD,1071592.3,,No,,,AAA,BBB+,26,,0.5900000000000001,BBB+,issuer,BBB+,4.16986301369863,0.0062397260273972,reported
0,"Live Nation Entertainment, Inc.",1065889.21,,BBG01XSVC1K9,53803HAY6,Term Loan B (10/25),100.25,SNSE,1.0, ,,12.0,FLT,ACTUAL_360,2.0,5.6572,0.0,,10/21/2032,Ba2,Ba1,CWNT,BB-,BB-,CWNT,,BB-,Media: Diversified & Production,Media,Broadcasting & Media,,0.63,US,,2501750000.0,,,USD,1065889.21,,No,,,AAA,,4,,0.37,BB-,issuer,BB-,6.397260273972603,0.1047219178082191,reported
0,"Asplundh Tree Expert, LLC",1053918.82,,BBG01MLW0H35,04538FAE9,Term Loan B,100.125,SNSE,1.0, ,,12.0,FLT,ACTUAL_360,1.75,5.4022,0.0,,05/23/2031,Ba1,Ba1,CWNT,BB+,BB+,CWNT,,BB+,Services: Business,Commercial Services & Supplies,Business Services General,,0.65,US,,5707110100.0,,,USD,1053918.82,,No,,,AAA,,28,,0.35,BB+,issuer,BB+,4.980821917808219,0.0288676712328767,reported
0,McAfee Corp.,1053435.86,,BBG01R78PBY5,57906HAF4,Term Loan B (12/24),90.875,SNSE,1.0, ,,12.0,FLT,ACTUAL_360,3.0,6.6522,0.5,,03/01/2029,B2,B1,CWNT,B-,B-,CWNT,,B-,Services: Business,IT Services,Technology Software,,0.35,US,,9381264385.0,,,USD,1053435.86,,No,,,AAA,,2,,0.65,B-,issuer,B-,2.7534246575342465,0.1477123287671232,reported
0,Nexstar Media Inc.,1050000.0,,BBG01WV4BNM8,65336RBF4,Term Loan,99.875,SNSE,1.0, ,,12.0,FLT,ACTUAL_360,2.75,6.4022,0.0,,03/18/2033,Ba3,Ba2,CWNT,BB+,BB+,CWNT,,BB,Media: Broadcasting & Subscription,Media,Broadcasting & Media,,0.5,US,,11113990000.02,,,USD,1050000.0,,No,,,AAA,BB+,4,,0.5,BB+,issuer,BB+,6.802739726027397,0.0404558904109589,reported
0,Chicago US Midco III LP,1040976.56,,BBG01XM4XZT8,16825PAB9,Closing Date Term Loan (10/25),100.125,SNSE,1.0, ,,12.0,FLT,ACTUAL_360,2.5,6.1522,0.0,,11/01/2032,B2,B2,CWNT,B,B,CWNT,,B,"Banking, Finance, Insurance & Real Estate",Financial Services,Banking & Finance,,0.3,US,,1160000000.0,,,USD,1040976.56,,No,,,AAA,,27,,0.7,B,issuer,B,6.427397260273972,0.1729835616438356,reported
0,Speed Midco 3 S.a r.l.,1027684.09,,BBG01X9TW2T2,,Term Loan B,99.188,SNSE,1.0,Yes,,4.0,FLT,ACTUAL_360,2.5,6.1947,0.0,,10/01/2032,B1,B1,CWNT,B+,B+,CWNT,,B+,Services: Consumer,Diversified Consumer Services,Business Services General,,0.3,US,,1007475000.0,,,USD,1027684.09,,No,,,AAA,,28,,0.7,B+,issuer,B+,6.342465753424658,0.1509739726027397,reported
0,"Paint Intermediate III, LLC",1025161.21,,BBG01PKMVC29,69575EAL3,Term Loan B (09/24),100.375,SNSE,1.0,Yes,,4.0,FLT,ACTUAL_360,3.0,6.6658,0.0,,10/09/2031,B2,B2,CWNT,B,B,CWNT,,B,"Chemicals, Plastics & Rubber",Chemicals,Chemicals,,0.3,US,,2979497858.94,,,USD,1025161.21,,No,,,AAA,,9,,0.7,B,issuer,B,5.361643835616438,0.1541690410958904,reported
0,Morgan Stanley,1025000.0,,BBG00RDS2N29,6174468L6,Morgan Stanley 2.699% 1/22/31,93.048,SNUN,, ,,2.0,FXD,30_360,,2.699,,,01/22/2031,,A1,CWNT,A-,A-,CWNT,,A+,"Banking, Finance, Insurance & Real Estate",Capital Markets,Banking & Finance,,0.18,US,,,,,USD,1025000.0,,No,,,AAA,A+,27,,0.8200000000000001,A-,issuer,A-,4.64931506849315,0.0037791780821917,reported
0,"Raven Acquisition Holdings, LLC",1022281.96,,BBG01Q9T2KP4,75419XAC8,Term Loan B (10/24),99.125,SNSE,1.0,Yes,,12.0,FLT,ACTUAL_360,3.0,6.6522,0.0,,11/19/2031,B3,B3,CWNT,B-,B-,CWNT,,B-,"Banking, Finance, Insurance & Real Estate",Health Care Providers & Services,Healthcare Providers,,0.4,US,,6299500000.0,,,USD,1022281.96,,No,,,AAA,,22,,0.6,B-,issuer,B-,5.473972602739726,0.2292106849315068,reported
0,CPPIB OVM Member U.S. LLC,1020355.9,,BBG01ZVV7M11,12673CAB0,Term Loan B (08/24),100.188,SNSE,1.0, ,,4.0,FLT,ACTUAL_360,2.25,5.9496,0.0,,08/20/2031,B2,B2,CWNT,B+,B+,CWNT,,BB-,"Banking, Finance, Insurance & Real Estate",Financial Services,Banking & Finance,,0.4,US,,2431994795.0,,,USD,1020355.9,,No,,,AAA,BB,27,,0.6,B+,issuer,B+,5.2246575342465755,0.1325967123287671,reported
0,"iSolved, Inc",1017182.71,,BBG01W8XKB91,46488HAF3,Infinisource/iSolved 7/25 Cov-lite TL B,96.0,SNSE,1.0,Yes,,12.0,FLT,ACTUAL_360,2.75,6.4022,0.0,,10/14/2030,B2,B2,CWNT,B,B,CWNT,,B,High Tech Industries,Software,Technology Software,,0.3,US,,753629331.37,,,USD,1017182.71,,No,,,AAA,,2,,0.7,B,issuer,B,4.375342465753425,0.132845205479452,reported
0,Ford Motor Company,1000000.0,,BBG01GXL4DH9,345397D26,Ford Motor   6.95%   6/10/26,100.049,SNUN,, ,,2.0,FXD,30_360,,6.95,,,06/10/2026,Ba1,Ba1,CWNT,BBB-,BBB-,CWNT,,BBB-,Automotive,Automobiles,Automobiles,,0.18,US,,,,,USD,1000000.0,,No,,,AAA,,7,,0.8200000000000001,BBB-,issuer,BBB-,0.0273972602739726,5.753424657534246e-05,reported
0,Four Seasons Hotels Limited,995378.02,,BBG01X4WN586,35100DAW6,Four Seasons 9/25 TLB,100.75,SNSE,1.0, ,,12.0,FLT,ACTUAL_360,1.75,5.4022,0.0,,09/12/2032,Ba2,Ba2,CWNT,BB+,BB+,CWNT,,BB,"Banking, Finance, Insurance & Real Estate",Real Estate Management & Development,Real Estate,,0.6,CA,,3750023855.36,,,USD,995378.02,,No,,,AAA,,13,,0.4,BB+,issuer,BB+,6.2904109589041095,0.0374843835616438,reported
0,Auris Luxembourg III Sarl,991136.88,,BBG01ZVQDZN2,,Term Loan B,100.375,SNSE,1.0,Yes,,2.0,FLT,ACTUAL_360,3.25,6.9186,0.0,,02/28/2029,B3,B3,CWNT,B,B,CWNT,,B,Healthcare & Pharmaceuticals,Health Care Equipment & Supplies,Healthcare Devices,,0.45,LU,,1671484917.91,,,USD,991136.88,,No,,,AAA,B+,21,,0.55,B,issuer,B,2.750684931506849,0.0885227397260274,reported
0,Caesars Entertainment Inc,989552.11,,BBG01QWKTF42,12768EAH9,Term Loan B1 (01/24),97.563,SNSE,1.0, ,,12.0,FLT,ACTUAL_360,2.25,5.9022,0.5,,02/06/2031,B1,Ba3,CWNT,B+,B+,CWNT,,BB-,"Hotel, Gaming & Leisure","Hotels, Restaurants & Leisure","Gaming, Leisure & Entertainment",,0.55,US,,17495125000.0,,,USD,989552.11,,No,,,AAA,,19,,0.4499999999999999,B+,issuer,B+,4.69041095890411,0.1221128767123287,reported
0,"Par Petroleum, LLC",984807.16,,BBG01YYP24B8,69889PAF2,Term Loan B (12/25),100.25,SNSE,1.0,Yes,,4.0,FLT,ACTUAL_360,3.25,6.9333,0.5,,02/28/2030,Ba3,B1,CWNT,B+,B+,CWNT,,B+,Energy: Oil & Gas,"Oil, Gas & Consumable Fuels",Energy (oil & gas),,0.65,US,,632000005.01,,,USD,984807.16,,No,,,AAA,B+,25,,0.35,B+,issuer,B+,3.750684931506849,0.1005432876712328,reported
0,"Genesys Cloud Services Holdings II, LLC",978550.55,,BBG01RQWRKM2,39479UAY9,Term Loan,96.875,SNSE,1.0,Yes,,12.0,FLT,ACTUAL_360,2.5,6.1522,0.0,,01/30/2032,B2,B2,CWNT,B,B,CWNT,,B+,High Tech Industries,Software,Technology Software,,0.3,US,,10259371780.77,,,USD,978550.55,,No,,,AAA,,2,,0.7,B,issuer,B,5.671232876712328,0.1603917808219178,reported
0,Gen Digital Inc,968000.0,,BBG019JB3S63,668771AK4,NortonLifeLock   6.75%   9/30/27,100.58,SNUN,, ,,2.0,FXD,30_360,,6.75,,,09/30/2027,Ba2,B1,CWNT,BB,BB,CWNT,,BB+,Services: Consumer,Diversified Consumer Services,Business Services Data & Analytics,,0.05,US,,,,,USD,968000.0,,No,,,AAA,BB+,29,,0.95,BB,issuer,BB,1.3342465753424655,0.0075419178082191,reported
0,Karman Holdings Inc.,959595.97,,BBG01ZT1D5T0,48571CAD3,Term Loan B (1/26),100.688,SNSE,1.0,Yes,,4.0,FLT,ACTUAL_360,2.75,6.4608,0.0,,04/01/2032,B1,B1,CWNT,B+,B+,CWNT,,B+,Aerospace & Defense,Aerospace & Defense,Aerospace & Defense,,0.45,US,,971880500.0,,,USD,959595.97,,No,,,AAA,,6,,0.55,B+,issuer,B+,5.841095890410959,0.1430145205479452,reported
0,"Cloud Software Group, Inc",950424.0,,BBG01WJZ77B5,88632NBK5,Term Loan B,91.5,SNSE,1.0,Yes,,12.0,FLT,ACTUAL_360,3.25,6.9496,0.0,,03/21/2031,B2,B1,CWNT,B,B,CWNT,,B+,High Tech Industries,Software,Technology Software,,0.35,US,,15431209297.54,,,USD,950424.0,,No,,,AAA,BB+,2,,0.65,B,issuer,B,4.808219178082192,0.1425849315068493,reported
0,"Talen Energy Supply, LLC",950000.0,,BBG021RZBP19,87422VAP3,TALEN ENERGY SUP 6.375% 5/01/2033,99.932,SNUN,, ,,2.0,FXD,30_360,,6.375,,,05/01/2033,Ba3,B1,CWNT,BB-,BB-,CWNT,,BB-,Energy: Electricity,Electric Utilities,Utilities (Power),,0.15,US,,,,,USD,950000.0,,No,,,AAA,BB-,26,,0.85,BB-,issuer,BB-,6.923287671232877,0.1120336986301369,reported
0,Minimax Viking GmbH,947855.39,,BBG01S7L1VW8,55404TAF9,Term Loan B (2/25),100.375,SNSE,1.0,Yes,,12.0,FLT,ACTUAL_360,2.0,5.6522,0.0,,03/17/2032,Ba3,Ba3,CWNT,BB-,BB-,CWNT,,BB-,Capital Equipment,"Electronic Equipment, Instruments & Components",Industrial/Manufacturing,,0.4,DE,,1042144671.09,,,USD,947855.39,,No,,,AAA,,10,,0.6,BB-,issuer,BB-,5.8,0.0959199999999999,reported
0,Merlin Buyer Inc.,940000.0,,BBG02143VBV1,59010LAH0,Term Loan,100.625,SNSE,1.0, ,,4.0,FLT,ACTUAL_360,4.0,7.6795,0.0,,04/15/2033,B3,B3,CWNT,B-,B-,CWNT,,B-,"Hotel, Gaming & Leisure","Hotels, Restaurants & Leisure","Gaming, Leisure & Entertainment",,0.3,US,,1975000001.0,,,USD,940000.0,,No,,,AAA,,19,,0.7,B-,issuer,B-,6.879452054794521,0.2511484931506849,reported
0,"Buckeye Partners, L.P.",923793.39,,BBG01XG4RMZ4,11823LAR6,Term Loan B-7 (10/25),100.563,SNSE,1.0,Yes,,12.0,FLT,ACTUAL_360,1.75,5.4022,0.0,,11/22/2032,Ba2,Baa3,CWNT,BB,BB,CWNT,,BB,Energy: Oil & Gas,"Oil, Gas & Consumable Fuels",Energy (oil & gas),,0.7,US,,3535150066.79,,,USD,923793.39,,No,,,AAA,BBB-,25,,0.3,BB,issuer,BB,6.484931506849315,0.0649643835616438,reported
0,"Johnstone Supply, LLC",918083.99,,BBG01ZVQJ339,47947BAG7,Amended Term Loan B (02/26),100.125,SNSE,1.0,Yes,,12.0,FLT,ACTUAL_360,2.25,5.8993,0.0,,06/09/2031,B2,B2,CWNT,B,B,CWNT,,B,Construction & Building,Construction & Engineering,Industrial/Manufacturing,,0.41,US,,1908125003.0,,,USD,918083.99,,No,,,AAA,,10,,0.5900000000000001,B,issuer,B,5.027397260273973,0.1474506849315068,reported
0,"BEP Intermediate Holdco, LLC",915184.73,,BBG01VYGDTV5,05554YAE4,Term Loan B (07/25),100.188,SNSE,1.0,Yes,,12.0,FLT,ACTUAL_360,2.75,6.4022,0.0,,04/25/2031,B1,B1,CWNT,B,B,CWNT,,B,"Banking, Finance, Insurance & Real Estate",Financial Services,Banking & Finance,,0.3,US,,1139487222.24,,,USD,915184.73,,No,,,AAA,,27,,0.7,B,issuer,B,4.904109589041096,0.1447424657534246,reported
0,"Versant Media Group, Inc.",900000.0,,,,Term Loan A,99.80815066155364,SNSE,1.0, ,,12.0,FLT,ACTUAL_360,0.0,3.6824,,,01/30/2031,Ba2,Ba1,,BB,BB,,,BB,Media: Broadcasting & Subscription,Media,Broadcasting & Media,,0.5,US,,2000000000.0,,,USD,900000.0,,No,,,AAA,,4,,0.5,BB,issuer,BB,4.671232876712328,0.0465219178082191,rating_cohort_wa
0,Corporation Service Company,898790.22,,BBG01RMM0WG8,22006VAL3,Term Loan B,100.188,SNSE,1.0, ,,12.0,FLT,ACTUAL_360,2.0,5.6522,0.5,,11/02/2029,Ba3,Ba3,CWNT,BB-,BB-,CWNT,,BB+,Services: Business,Professional Services,Business Services General,,0.4,US,,4919000000.0,,,USD,898790.22,,No,,,AAA,BBB-,28,,0.6,BB-,issuer,BB-,3.4273972602739726,0.0545342465753424,reported
0,SALAS OBRIEN INC,885714.29,,BBG01ZK5L3H9,79400JAL2,Term Loan,99.5,SNSE,1.0,Yes,,12.0,FLT,ACTUAL_360,2.75,6.4022,0.0,,01/31/2033,B2,B2,CWNT,B,B,CWNT,,B,Construction & Building,Construction & Engineering,Building & Materials,,0.35,US,,700000000.0,,,USD,885714.29,,No,,,AAA,,8,,0.65,B,issuer,B,6.676712328767123,0.1764739726027397,reported
0,"Townsquare Media, LLC",877289.25,,BBG01RW2PP24,89223EAG8,Term Loan B,73.875,SNSE,1.0,Yes,,4.0,FLT,ACTUAL_360,5.0,8.5865,0.0,,02/06/2030,B3,B3,CWNT,B+,B+,CWNT,,B-,Media: Diversified & Production,Media,Broadcasting & Media,,0.45,US,,452488812.5,,,USD,877289.25,,No,,,AAA,,4,,0.55,B+,issuer,B+,3.6904109589041094,0.0989339726027397,reported
0,Cargill Inc,876000.0,,BBG013F8WT36,141781BS2,CARGILL INC 2.125% 11/10/2031,88.166,SNUN,, ,,2.0,FXD,30_360,,2.125,,,11/10/2031,,A2,CWNT,A,A,CWNT,,A,"Beverage, Food & Tobacco",Consumer Staples Distribution & Retail,Consumer Products,,0.18,US,,,,,USD,876000.0,,No,,,AAA,WD,15,,0.8200000000000001,A,issuer,A,5.449315068493151,0.0045290410958904,reported
0,Golden State Foods LLC,872142.44,,BBG01ZNJMFY9,38121NAD5,Term Loan  B,100.25,SNSE,1.0,Yes,,4.0,FLT,ACTUAL_360,3.5,7.1996,0.0,,12/04/2031,B3,B3,CWNT,B,B,CWNT,,B-,"Beverage, Food & Tobacco",Consumer Staples Distribution & Retail,"Food, Beverage & Tobacco",,0.3,US,,1541768073.0,,,USD,872142.44,,No,,,AAA,,17,,0.7,B,issuer,B,5.515068493150685,0.1572528767123287,reported
0,"Recess Holdings, Inc.",869950.59,,BBG01RQWJ6J6,72811HAJ9,Term Loan,99.938,SNSE,1.0, ,,4.0,FLT,ACTUAL_360,3.75,7.4166,1.0,,02/21/2030,B2,B2,CWNT,B,B,CWNT,,B,Services: Business,Professional Services,Business Services General,,0.3,US,,2771829922.84,,,USD,869950.59,,No,,,AAA,,28,,0.7,B,issuer,B,3.731506849315069,0.1169895890410958,reported
0,Delta 2 Lux Sarl,867662.96,,BBG01PMLP1F6,L2465BAW6,Term Loan B (09/24),100.25,SNSE,1.0,Yes,,4.0,FLT,ACTUAL_360,1.75,5.4496,0.5,,09/30/2031,Ba2,Ba1,,BB+,BB+,CWNT,,BB,"Hotel, Gaming & Leisure","Hotels, Restaurants & Leisure","Gaming, Leisure & Entertainment",,0.4,GB,,5440001000.01,,,USD,867662.96,,No,,,AA-,BB+,19,,0.6,BB+,issuer,BB+,5.336986301369863,0.031291506849315,reported
0,CoorsTek Inc,857850.0,,BBG01XRQDQR8,21702EAF3,Term Loan  A,100.375,SNSE,1.0,Yes,,4.0,FLT,ACTUAL_360,3.0,6.6701,0.0,,10/28/2032,B1,B1,CWNT,,B-,,,BB,High Tech Industries,Chemicals,Industrial/Manufacturing,,0.41,US,,748125000.0,,,USD,857850.0,,No,,,AAA,BB+,10,,0.5900000000000001,B-,issue_fallback,B-,6.416438356164384,0.244805205479452,reported
0,"Starwood Property Mortgage, L.L.C.",845750.0,,BBG01WMBTJM2,85570DAP7,Term Loan (8/25),99.938,SNSE,1.0, ,,12.0,FLT,ACTUAL_360,2.25,5.9022,0.0,,09/24/2032,Ba2,Ba2,CWNT,BB,BB,CWNT,,BB+,"Banking, Finance, Insurance & Real Estate",Mortgage Real Estate Investment Trusts (REITs),Banking & Finance,,0.5,US,,2738480038.37,,,USD,845750.0,,No,,,AAA,,27,,0.5,BB,issuer,BB,6.323287671232877,0.0635095890410958,reported
0,"ThoughtWorks, Inc.",835044.3,,BBG00ZLGW5R7,90010LAC6,Term Loan 3/21,83.0,SNSE,1.0,Yes,,12.0,FLT,ACTUAL_360,2.75,6.5167,0.5,,03/24/2028,B3,B3,CWNT,B,B,CWNT,,B-,High Tech Industries,Software,Technology Software,,0.45,US,,279250000.0,,,USD,835044.3,,No,,,AAA,,2,,0.55,B,issuer,B,1.8164383561643835,0.0568632876712328,reported
0,Galileo Parent Inc,833028.91,,BBG020DH39C9,36355RAB1,Term Loan B (02/26),99.938,SNSE,1.0, ,,2.0,FLT,ACTUAL_360,4.5,8.1183,0.0,,03/03/2033,B2,B2,CWNT,B,B,CWNT,,B,High Tech Industries,Software,Technology Software,,0.3,US,,2400000000.0,,,USD,833028.91,,No,,,AAA,,2,,0.7,B,issuer,B,6.761643835616439,0.1776630136986301,reported
0,"Mister Car Wash Holdings, Inc.",830000.0,,BBG02147T1W6,60646CAM9,Term Loan B,100.438,SNSE,1.0, ,,12.0,FLT,ACTUAL_360,3.0,6.6779,,,03/27/2031,B2,B2,CWNT,B,B,CWNT,,B+,Retail,Diversified Consumer Services,Retail,,0.3,US,,4734374062.5,,,USD,830000.0,,No,,,AAA,,20,,0.7,B,issuer,B,4.824657534246575,0.1429547945205479,reported
0,"Creative Artists Agency, LLC",815013.48,,BBG01W3DRTY6,22526WAU2,Term Loan B (7/25),100.25,SNSE,1.0, ,,12.0,FLT,ACTUAL_360,2.5,6.1522,0.0,,10/01/2031,B2,B2,CWNT,NR,B+,CWNT,,B+,Services: Business,Professional Services,"Gaming, Leisure & Entertainment",,0.3,US,,3475059826.16,,,USD,815013.48,,No,,,AAA,B+,19,,0.7,B+,issue_fallback,B+,5.33972602739726,0.1345413698630136,reported
0,Gulfside Supply Inc,811894.36,,BBG01MYNKBB3,40273UAE9,Term Loan B,84.75,SNSE,1.0,Yes,,4.0,FLT,ACTUAL_360,3.0,6.6996,0.0,,06/17/2031,B3,B3,CWNT,B,B,CWNT,,B-,Consumer Goods: Durable,Building Products,Building & Materials,,0.35,US,,595000000.0,,,USD,811894.36,,No,,,AAA,,8,,0.65,B,issuer,B,5.049315068493151,0.1478912328767123,reported
0,"Confluent Medical Technologies, Inc.",808856.45,,BBG01W8XQ1Q8,20717RAE2,Term Loan B (07/25),100.375,SNSE,1.0,Yes,,4.0,FLT,ACTUAL_360,3.0,6.6996,0.0,,02/16/2029,B2,B2,CWNT,B,B,CWNT,,B,Healthcare & Pharmaceuticals,Health Care Equipment & Supplies,Healthcare Devices,,0.3,US,,506449564.06,,,USD,808856.45,,No,,,AAA,,21,,0.7,B,issuer,B,2.717808219178082,0.0874312328767123,reported
0,Naked Juice LLC,804183.96,,BBG01TG205B9,62984CAM5,Second Out Term Loan,65.355,SNSE,1.0, ,,4.0,FLT,ACTUAL_360,3.25,7.0496,0.5,,01/24/2029,Caa2,Caa2,CWNT,CCC,CCC,CWNT,,CCC,Consumer Goods: Non-Durable,Beverages,"Food, Beverage & Tobacco",,0.15,US,,5105250619.46,,,USD,804183.96,,No,,,AAA,,17,,0.85,CCC/C,issuer,CCC/C,2.654794520547945,0.394558904109589,reported
0,"Red SPV, LLC",798569.16,,BBG01SKFSS63,75701MAE5,Term Loan (03/25),100.063,SNSE,1.0,Yes,,12.0,FLT,ACTUAL_360,2.25,5.9023,0.0,,03/15/2032,B1,B1,CWNT,B+,B+,CWNT,,B+,"Beverage, Food & Tobacco",Consumer Staples Distribution & Retail,"Food, Beverage & Tobacco",,0.4,US,,2282750000.0,,,USD,798569.16,,No,,,AAA,,17,,0.6,B+,issuer,B+,5.794520547945205,0.1422273972602739,reported
0,Bank of America Corp,796000.0,,BBG011V6TX59,06051GKA6,BAC 2.299% 7/21/32,88.522,SNUN,, ,,2.0,FXD,30_360,,2.299,,,07/21/2032,,A1,CWNT,A-,A-,CWNT,,AA-,"Banking, Finance, Insurance & Real Estate",Capital Markets,Banking & Finance,,0.18,US,,,,,USD,796000.0,,No,,,AAA,AA-,27,,0.8200000000000001,A-,issuer,A-,6.145205479452055,0.0057613698630136,reported
0,VetStrategy Canada Holdings Inc,795649.0,,BBG01RQTM422,C9600DAD5,Term Loan,100.063,SNSE,1.0,Yes,,4.0,FLT,ACTUAL_360,3.75,7.4496,0.0,,12/12/2028,B3,B3,CWNT,B-,B-,CWNT,,B,Healthcare & Pharmaceuticals,Health Care Providers & Services,Healthcare Providers,,0.4,US,,2278000002.0,,,USD,795649.0,,No,,,AAA,B,22,,0.6,B-,issuer,B-,2.536986301369863,0.1374531506849315,reported
0,Herens Holdco Sarl,792186.74,,BBG00ZL889J3,L4780EAC8,Term Loan B (USD) (4/21),95.375,SNSE,1.0,Yes,,4.0,FLT,ACTUAL_360,3.925,7.7246,0.75,,07/03/2028,B3,B2,CWNT,B-,B-,CWNT,,B-,"Chemicals, Plastics & Rubber",Chemicals,Chemicals,,0.35,LU,,1365178529.77,,,USD,792186.74,,No,,,AAA,,9,,0.65,B-,issuer,B-,2.0931506849315067,0.1164153424657534,reported
0,Pelican Pipeline LLC,790000.0,,BBG020WWM1Y7,70583RAB4,Term Loan B (3/26),96.188,SNSE,1.0, ,,4.0,FLT,ACTUAL_360,2.75,6.466,0.0,,03/18/2033,,Ba2,CWNT,BB,BB,CWNT,,BB,Energy: Oil & Gas,"Oil, Gas & Consumable Fuels",Energy (oil & gas),,0.4,US,,725000000.0,,,USD,790000.0,,No,,,AAA,,25,,0.6,BB,issuer,BB,6.802739726027397,0.0678246575342465,reported
0,"FCG Acquisitions, Inc.",780000.0,,BBG020HG6ZR0,30260UAM7,Term Loan B (2/26),100.563,SNSE,1.0,Yes,,12.0,FLT,ACTUAL_360,3.25,6.9022,0.0,,03/04/2033,B3,B3,CWNT,B-,B-,CWNT,,B-,Capital Equipment,Machinery,Industrial/Manufacturing,,0.3,US,,2503715370.5,,,USD,780000.0,,No,,,AAA,,10,,0.7,B-,issuer,B-,6.764383561643836,0.2495720547945205,reported
0,Ziggo Financing Partnership,755035.96,,BBG01XNF6BV2,N9833RAK5,Term Loan B,96.563,SNSE,1.0,Yes,,2.0,FLT,ACTUAL_360,3.22,6.9116,0.0,0.01,01/14/2033,B1,B1,CWNT,B+,B+,CWNT,,B+,Telecommunications,Diversified Telecommunication Services,Cable,,0.45,US,,500000000.0,,,USD,755035.96,,No,,,AAA,BB,5,,0.55,B+,issuer,B+,6.63013698630137,0.155404109589041,reported
0,SonarSource Financing LLC,748303.57,,BBG01YYSP098,83541WAC5,Term Loan,95.25,SNSE,1.0,Yes,,4.0,FLT,ACTUAL_360,4.5,8.1752,0.0,,12/19/2030,B2,B2,CWNT,B,B,CWNT,,B,High Tech Industries,Software,Technology Software,,0.45,US,,500000000.0,,,USD,748303.57,,No,,,AAA,,2,,0.55,B,issuer,B,4.556164383561644,0.1369136986301369,reported
0,NRG Energy Inc,720000.0,,BBG021MBKNY6,,Term Loan B (4/26),100.188,SNSE,1.0, ,,12.0,FLT,ACTUAL_360,1.75,5.418,0.0,,04/15/2033,Ba1,Baa3,CWNT,BB,BB,CWNT,,BB+,Utilities: Electric,Electric Utilities,Utilities (Power),,0.7,US,,900000000.0,,,USD,720000.0,,No,,,AAA,BBB-,26,,0.3,BB,issuer,BB,6.879452054794521,0.0685150684931506,reported
0,Trans Union LLC,718583.71,,BBG01QXY4H62,89334GBG8,Term Loan B9 (11/24),99.938,SNSE,1.0,Yes,,12.0,FLT,ACTUAL_360,1.75,5.4022,0.5,,06/24/2031,Ba2,Ba2,CWNT,BB+,BB+,CWNT,,BBB-,"Banking, Finance, Insurance & Real Estate",Professional Services,Banking & Finance,,0.6,US,,8668814961.21,,,USD,718583.71,,No,,,AAA,,27,,0.4,BB+,issuer,BB+,5.068493150684931,0.0294657534246575,reported
0,"Dynasty Acquisition Co., Inc.",715388.89,,BBG01QG112M1,26812CAN6,Term Loan B-1 (10/24),100.375,SNSE,1.0, ,,12.0,FLT,ACTUAL_360,2.0,5.6522,0.0,,10/31/2031,Ba3,Ba3,CWNT,BB-,BB-,CWNT,,BB+,Aerospace & Defense,Aerospace & Defense,Aerospace & Defense,,0.35,US,,2731875001.0,,,USD,715388.89,,No,,,AAA,BBB-,6,,0.65,BB-,issuer,BB-,5.421917808219178,0.0897194520547945,reported
0,CCC Intelligent Solutions Inc.,708292.88,,BBG01RQXY7V1,12511BAC6,Term Loan B,99.625,SNSE,1.0,Yes,,12.0,FLT,ACTUAL_360,2.0,5.6522,0.5,,01/23/2032,B1,B1,CWNT,BB-,BB-,CWNT,,BB+,Services: Business,Software,Technology Software,,0.4,US,,2581224334.68,,,USD,708292.88,,No,,,AAA,,2,,0.6,BB-,issuer,BB-,5.652054794520548,0.0934936986301369,reported
0,SGH2 LLC,706165.55,,BBG01VZ8VTC3,78424SAB8,Term Loan B (7/25),99.688,SNSE,1.0,Yes,,4.0,FLT,ACTUAL_360,4.5,8.1996,0.0,,08/18/2032,B3,B3,CWNT,B-,B-,CWNT,,B-,"Hotel, Gaming & Leisure","Hotels, Restaurants & Leisure","Gaming, Leisure & Entertainment",,0.3,US,,590035000.0,,,USD,706165.55,,No,,,AAA,,19,,0.7,B-,issuer,B-,6.221917808219178,0.2421402739726027,reported
0,7-Eleven Inc.,705000.0,,BBG00Z1KQ105,817826AD2,7-Eleven   1.3%   2/10/28,94.966,SNUN,, ,,2.0,FXD,30_360,,1.3,,,02/10/2028,,Baa2,CWNT,A-,A-,CWNT,,A-,Consumer Goods: Non-Durable,Consumer Staples Distribution & Retail,Consumer Products,,0.18,US,,,,,USD,705000.0,,No,,,AAA,,15,,0.8200000000000001,A-,issuer,A-,1.6986301369863013,0.0011287671232876,reported
0,Lackawanna Energy Center LLC,700729.88,,BBG01W011TY3,50550EAF5,Term Loan B (07/25),100.375,SNSE,1.0, ,,4.0,FLT,ACTUAL_360,2.75,6.4106,0.0,,08/05/2032,,Ba3,CWNT,,B+,CWNT,,B,Energy: Electricity,Electric Utilities,Utilities (Power),,0.55,US,,2712075857.84,,,USD,700729.88,,No,,,AAA,,26,,0.4499999999999999,B+,issue_fallback,B+,6.186301369863013,0.1485690410958904,reported
0,"Alliance Laundry Systems, LLC",697341.8,,BBG01W8WTJG9,01862LBA5,Term Loan (1/25),100.375,SNSE,1.0,Yes,,12.0,FLT,ACTUAL_360,2.25,5.9022,0.0,,08/19/2031,B2,B2,CWNT,B+,B+,CWNT,,B,Capital Equipment,Machinery,Consumer Products,,0.55,US,,5178000002.0,,,USD,697341.8,,No,,,AAA,,15,,0.4499999999999999,B+,issuer,B+,5.221917808219178,0.1325504109589041,reported
0,"Brazos Delaware II, LLC",687785.6,,BBG01WBZ74S2,10620UAM4,Term Loan,100.125,SNSE,1.0,Yes,,12.0,FLT,ACTUAL_360,2.5,6.1518,0.5,,02/11/2030,B1,B1,CWNT,B+,B+,CWNT,,B+,Energy: Oil & Gas,"Oil, Gas & Consumable Fuels",Energy (oil & gas),,0.4,US,,1636945207.02,,,USD,687785.6,,No,,,AAA,,25,,0.6,B+,issuer,B+,3.704109589041096,0.0992997260273972,reported
0,"Signia Aerospace, LLC",686051.16,,BBG01W8Y7301,82670NAG1,Term Loan (07/25),100.5,SNSE,1.0,Yes,,4.0,FLT,ACTUAL_360,2.75,6.4227,0.5,,12/11/2031,B2,B2,CWNT,B,B,CWNT,,B+,Aerospace & Defense,Aerospace & Defense,Aerospace & Defense,,0.35,US,,2046583749.99,,,USD,686051.17,,No,,,AAA,BB-,6,,0.65,B,issuer,B,5.534246575342466,0.1576383561643835,reported
0,"VeriFone Systems, Inc.",667420.82,,BBG01T500712,92346NAH2,Term Loan (03/25),94.188,SNSE,1.0, ,,4.0,FLT,ACTUAL_360,5.25,9.175,0.0,,08/18/2028,B3,B3,CWNT,B-,B-,CWNT,,B-,Services: Business,Commercial Services & Supplies,Business Services General,,0.3,US,,4154759747.04,,,USD,667420.82,,No,,,AAA,B,28,,0.7,B-,issuer,B-,2.219178082191781,0.1223890410958904,reported
0,"AmWINS Group, Inc.",665284.89,,BBG01ZF6P7G1,03234TBB3,TERM LOAN B,98.813,SNSE,1.0,Yes,,12.0,FLT,ACTUAL_360,2.0,5.6522,0.75,,01/30/2032,B1,B1,CWNT,B+,B+,CWNT,,B+,"Banking, Finance, Insurance & Real Estate",Insurance,Banking & Finance,,0.3,US,,5327062500.0,,,USD,665284.89,,No,,,AAA,,27,,0.7,B+,issuer,B+,5.671232876712328,0.1401438356164383,reported
0,"Life Time, Inc.",664238.55,,BBG01WMD3G33,50218KAN8,2025 Refinancing Term Loan,100.313,SNSE,1.0,Yes,,12.0,FLT,ACTUAL_360,2.0,5.6464,0.0,,11/05/2031,B1,B1,CWNT,BB-,BB-,CWNT,,BB,"Hotel, Gaming & Leisure","Hotels, Restaurants & Leisure","Gaming, Leisure & Entertainment",,0.7,US,,3108053126.0,,,USD,664238.55,,No,,,AAA,BBB-,19,,0.3,BB-,issuer,BB-,5.435616438356164,0.089944109589041,reported
0,"Lakeshore Learning Materials, LLC",660910.63,,BBG012MB6099,51207KAB5,Term Loan 9/21,85.75,SNSE,1.0,Yes,,4.0,FLT,ACTUAL_360,3.5,7.4612,0.5,,09/29/2028,Caa1,Caa1,CWNT,B-,B-,CWNT,,CCC+,Services: Business,Professional Services,Consumer Products,,0.27,US,,701162182.7,,,USD,660910.63,,No,,,AAA,,15,,0.73,B-,issuer,B-,2.334246575342466,0.1278432876712328,reported
0,Resilience Parent LLC,650650.65,,BBG01ZL0C2Q1,75908HAC1,Term Loan B,100.25,SNSE,1.0, ,,4.0,FLT,ACTUAL_360,2.5,6.1261,0.0,,02/28/2033,B3,B2,CWNT,B,B,CWNT,,B-,Capital Equipment,Energy Equipment & Services,Industrial/Manufacturing,,0.45,US,,2960000000.0,,,USD,650650.65,,No,,,AAA,,10,,0.55,B,issuer,B,6.7534246575342465,0.1775479452054794,reported
0,Fugue Finance LLC,648395.27,,BBG01ZRHB047,N3430BAN4,Term Loan B,99.875,SNSE,1.0,Yes,,4.0,FLT,ACTUAL_360,2.25,5.9211,0.5,,01/09/2032,B2,B2,CWNT,B,B,CWNT,,B,Services: Business,Professional Services,Business Services General,,0.4,US,,2742560329.24,,,USD,648395.27,,No,,,AAA,,28,,0.6,B,issuer,B,5.6136986301369864,0.1592353424657534,reported
0,LSF12 HELIX PARENT LLC,647835.56,,BBG01ZJ7YV36,54913EAB8,Hillenbrand 1/26 (USD) Cov-Lite,98.563,SNSE,1.0,Yes,,12.0,FLT,ACTUAL_360,3.5,7.1522,0.0,,02/10/2033,B2,B2,CWNT,B,B,CWNT,,B,Capital Equipment,"Electronic Equipment, Instruments & Components",Industrial/Manufacturing,,0.3,US,,2977400000.0,,,USD,647835.56,,No,,,AAA,,10,,0.7,B,issuer,B,6.704109589041096,0.1768575342465753,reported
0,Froneri International Ltd,641120.46,,BBG01VZ891M8,G3679YAM4,Term Loan (7/25),99.5,SNSE,1.0, ,,4.0,FLT,ACTUAL_360,2.5,6.1273,0.0,,09/30/2032,B1,B1,CWNT,BB-,BB-,CWNT,,B+,"Beverage, Food & Tobacco",Consumer Staples Distribution & Retail,Consumer Products,,0.35,US,,4956712500.0,,,USD,641120.46,,No,,,AAA,,15,,0.65,BB-,issuer,BB-,6.33972602739726,0.1039221917808219,reported
0,WIN Waste Innovations Holdings Inc.,640170.56,,BBG01XSXW9K6,38723BAM3,Win Waste/Waste Innovations 10/25 Cov-Lite TL,100.563,SNSE,1.0,Yes,,12.0,FLT,ACTUAL_360,3.25,7.0167,0.0,,03/24/2028,B3,B3,CWNT,B-,B-,CWNT,,B-,Energy: Electricity,Energy Equipment & Services,Utilities (Power),,0.45,US,,1448733502.23,,,USD,640170.56,,No,,,AAA,,26,,0.55,B-,issuer,B-,1.8164383561643835,0.1009128767123287,reported
0,"NRG Energy, Inc.",640000.0,,BBG00Y6T82H4,629377CR1,NRG 3.625% 2/15/2031,92.895,SNUN,, ,,2.0,FXD,30_360,,3.625,,,02/15/2031,Ba1,Ba2,CWNT,BB,BB,CWNT,,BB+,Utilities: Electric,Electric Utilities,Utilities (Power),,0.2,US,,,,,USD,640000.0,,No,,,AAA,BB+,26,,0.8,BB,issuer,BB,4.715068493150685,0.0470523287671232,reported
0,Clarios Global LP,638696.62,,BBG01RP08ST0,C8000CAP8,Term Loan B (01/25),99.9175881035961,SNSE,1.0,Yes,,12.0,FLT,ACTUAL_360,2.75,6.4022,0.0,,01/28/2032,B2,B2,CWNT,BB-,BB-,CWNT,,B,Automotive,Automobiles,Automobiles,,0.3,US,,9173585940.5,,,USD,638696.62,,No,,,AAA,,7,,0.7,BB-,issuer,BB-,5.6657534246575345,0.0937183561643835,rating_cohort_wa
0,DEEP BLUE OPERATING I LLC,635000.0,,BBG01X4SRTW2,24369TAD3,Term Loan,99.9175881035961,SNSE,1.0, ,,12.0,FLT,ACTUAL_360,2.75,6.4107,0.0,,10/01/2032,Ba3,Ba3,CWNT,BB-,BB-,CWNT,,BB-,Energy: Oil & Gas,Energy Equipment & Services,Energy (oil & gas),,0.45,US,,1900000000.0,,,USD,635000.0,,No,,,AAA,,25,,0.55,BB-,issuer,BB-,6.342465753424658,0.1039602739726027,rating_cohort_wa
0,Alliant Holdings Intermediate LLC,634736.63,,BBG01WDB4B37,01881UAN5,Term Loan (8/25),99.479,SNSE,1.0,Yes,,12.0,FLT,ACTUAL_360,2.5,6.1522,0.0,,09/19/2031,B3,B2,CWNT,B,B,CWNT,,B-,"Banking, Finance, Insurance & Real Estate",Capital Markets,Business Services General,,0.4,US,,4201623497.39,,,USD,634736.63,,No,,,AAA,,28,,0.6,B,issuer,B,5.306849315068493,0.1530676712328767,reported
0,"CPV Fairview, LLC",634520.44,,BBG01XMMLWX3,12620SAD5,Term Loan,100.188,SNSE,1.0, ,,4.0,FLT,ACTUAL_360,2.5,6.1996,0.0,,08/14/2031,,Ba2,CWNT,,B+,CWNT,,B+,Utilities: Electric,Electric Utilities,Industrial/Manufacturing,,0.75,US,,1292750000.0,,,USD,634520.44,,No,,,AAA,,10,,0.25,B+,issue_fallback,B+,5.208219178082191,0.132318904109589,reported
0,"QUARTZ ACQUIRECO, LLC",631667.18,,BBG01S8G8X11,74773KAE5,Term Loan (2/25),84.063,SNSE,1.0,Yes,,4.0,FLT,ACTUAL_360,2.25,5.9496,0.0,,06/28/2030,B1,B1,CWNT,B,B,CWNT,,BB-,High Tech Industries,,Technology Software,,0.3,US,,2879538108.64,,,USD,631667.18,,No,,,AAA,BB,2,,0.7,B,issuer,B,4.079452054794521,0.1261876712328767,reported
0,Alterra Mountain Company,630913.12,,BBG01W3V21M7,46124CAS6,Term Loan B8 (07/25),100.375,SNSE,1.0, ,,12.0,FLT,ACTUAL_360,2.5,6.1522,0.0,,05/31/2030,B1,B1,CWNT,B+,B+,CWNT,,B+,"Hotel, Gaming & Leisure",Leisure Products,"Gaming, Leisure & Entertainment",,0.3,US,,5036327889.54,,,USD,630913.12,,No,,,AAA,,19,,0.7,B+,issuer,B+,4.002739726027397,0.1072591780821917,reported
0,American Tower Corp,628000.0,,BBG00Y71M1J8,03027XBJ8,AMERICAN TOWER   1.5%   1/31/2028,95.436,SNUN,, ,,2.0,FXD,30_360,,1.5,,,01/31/2028,WR,Baa2,CWNT,BBB+,BBB+,CWNT,,BBB+,"Banking, Finance, Insurance & Real Estate",Mortgage Real Estate Investment Trusts (REITs),Banking & Finance,,0.18,US,,,,,USD,628000.0,,No,,,AAA,BBB+,27,,0.8200000000000001,BBB+,issuer,BBB+,1.6712328767123288,0.0018397260273972,reported
0,Emerson Electric Co,625000.0,,BBG013YPJJY0,291011BR4,EMERSON ELECTRIC 2.2% 12/21/2031,88.713,SNUN,, ,,2.0,FXD,30_360,,2.2,,,12/21/2031,,A2,CWNT,A,A,CWNT,,A,Utilities: Electric,Electric Utilities,Utilities (Power),,0.18,US,,,,,USD,625000.0,,No,,,AAA,,26,,0.8200000000000001,A,issuer,A,5.561643835616438,0.004686301369863,reported
0,"Pretzel Parent, Inc.",622565.28,,BBG01P20YYD4,74142YAC3,Term Loan B,95.75,SNSE,1.0, ,,12.0,FLT,ACTUAL_360,4.5,8.1522,0.0,,10/01/2031,B3,B3,CWNT,B,B,CWNT,,B-,"Hotel, Gaming & Leisure",Leisure Products,"Gaming, Leisure & Entertainment",,0.4,US,,739646482.42,,,USD,622565.28,,No,,,AAA,,19,,0.6,B,issuer,B,5.33972602739726,0.1537284931506849,reported
0,Madison IAQ LLC,613676.32,,BBG01XRQ3T84,55759VAE8,Term Loan restructure,100.313,SNSE,1.0, ,,4.0,FLT,ACTUAL_360,2.75,6.3776,0.5,,11/08/2032,Ba3,Ba2,CWNT,BB-,BB-,CWNT,,BB-,Environmental Industries,Construction & Engineering,Industrial/Manufacturing,,0.55,US,,6981625000.0,,,USD,613676.32,,No,,,AAA,,10,,0.4499999999999999,BB-,issuer,BB-,6.446575342465754,0.1054073972602739,reported
0,"Versant Media Group, Inc.",610823.75,,BBG01Y0M5NF3,92528PAB0,Term Loan B (01/26),100.625,SNSE,1.0,Yes,,4.0,FLT,ACTUAL_360,3.5,7.1996,0.0,,01/30/2031,Ba2,Ba2,CWNT,BB,BB,CWNT,,BB,Media: Broadcasting & Subscription,Media,Broadcasting & Media,,0.35,US,,2000000000.0,,,USD,610823.75,,No,,,AAA,BB+,4,,0.65,BB,issuer,BB,4.671232876712328,0.0465219178082191,reported
0,"OPENLANE, Inc.",610288.63,,BBG01XJ3C7T9,68373AAD5,Term Loan B (10/25),100.5,SNSE,1.0, ,,4.0,FLT,ACTUAL_360,2.5,6.1399,0.0,,10/08/2032,B1,B1,CWNT,B,B,CWNT,,B,Automotive,Automobile Components,Automobiles,,0.4,US,,548625000.0,,,USD,610288.63,,No,,,AAA,,7,,0.6,B,issuer,B,6.361643835616438,0.1720630136986301,reported
0,Bulldog Purchaser Inc.,608475.0,,BBG01ZRHCRL8,12021GAH7,Term Loan,100.313,SNSE,1.0,Yes,,4.0,FLT,ACTUAL_360,3.25,6.9134,0.0,,01/28/2033,B3,B3,CWNT,B,B,CWNT,,B-,"Hotel, Gaming & Leisure","Hotels, Restaurants & Leisure","Gaming, Leisure & Entertainment",,0.4,US,,1382000000.0,,,USD,608475.0,,No,,,AAA,,19,,0.6,B,issuer,B,6.668493150684932,0.176358904109589,reported
0,"American Axle & Manufacturing, Inc.",603900.0,,BBG01SJXZ3K7,02406MBB2,Term Loan C (2/25),100.0,SNSE,1.0, ,,4.0,FLT,ACTUAL_360,3.25,7.0121,0.0,,02/03/2033,B1,Ba2,CWNT,BB-,BB-,CWNT,,BB-,Automotive,Automobile Components,Automobiles,,0.5,US,,6680837501.0,,,USD,603900.0,,No,,,AAA,BB+,7,,0.5,BB-,issuer,BB-,6.684931506849315,0.1087205479452054,reported
0,Wash Bidco Inc.,601875.0,,BBG01WDGQS35,93710RAB2,Wash Multifamily 8/25 TLB,100.375,SNSE,1.0, ,,12.0,FLT,ACTUAL_360,3.25,6.9022,0.0,,09/10/2032,B2,B2,CWNT,B+,B+,CWNT,,BB-,Services: Consumer,Diversified Consumer Services,Business Services General,,0.5,US,,1425000000.0,,,USD,601875.0,,No,,,AAA,BB+,28,,0.5,B+,issuer,B+,6.284931506849315,0.1500879452054794,reported
0,Resideo Funding Inc.,598580.77,,BBG01WF4BPS5,76090LAM6,Term Loan (8/25),100.188,SNSE,1.0,Yes,,4.0,FLT,ACTUAL_360,2.0,5.674,0.0,,08/13/2032,Ba2,Ba1,CWNT,BB+,BB,CWN,,BB-,Wholesale,"Electronic Equipment, Instruments & Components",Industrial/Manufacturing,,0.63,US,,3551162219.54,,,USD,598580.77,,No,,,AAA,,10,,0.37,BB+,issuer,BB+,6.208219178082191,0.0370076712328767,reported
0,HUB International Limited,591182.14,,BBG01RQVMCC8,44332EAZ9,Term Loan B (1/25),100.125,SNSE,1.0,Yes,,4.0,FLT,ACTUAL_360,2.25,5.9221,0.0,,06/20/2030,B2,B1,CWNT,B+,B+,CWNT,,B,"Banking, Finance, Insurance & Real Estate",Insurance,Business Services General,,0.3,US,,14198434601.26,,,USD,591182.14,,No,,,AAA,,28,,0.7,B+,issuer,B+,4.057534246575343,0.1084427397260274,reported
0,Tenneco Inc.,589743.61,,BBG01B9LZZS2,88037HAP9,Term Loan B,99.938,SNSE,1.0,Yes,,4.0,FLT,ACTUAL_360,5.0,8.7996,0.5,,11/17/2028,B2,B1,CWNT,B,B,CWNT,,B,Automotive,Automobile Components,Automobiles,,0.3,US,,2900750000.0,,,USD,589743.61,,No,,,AAA,BB-,7,,0.7,B,issuer,B,2.4684931506849317,0.0791539726027397,reported
0,J.P. Morgan Chase & Co,589000.0,,BBG01JRM4LB6,46647PDW3,JPMORGAN CHASE VARIABLE 10/22/2027,100.596,SNUN,, ,,2.0,FXD,30_360,,6.07,,,10/22/2027,,A1,CWNT,A,A,CWNT,,AA-,"Banking, Finance, Insurance & Real Estate",Capital Markets,Banking & Finance,,0.18,US,,,,,USD,589000.0,,No,,,AAA,AA-,27,,0.8200000000000001,A,issuer,A,1.3945205479452054,0.0007761643835616,reported
0,"KKR Apple Bidco, LLC",575424.64,,BBG01S7R3HZ1,48254EAG6,Term Loan (02/25),100.25,SNSE,1.0,Yes,,12.0,FLT,ACTUAL_360,2.5,6.1522,0.0,,09/22/2031,B2,B2,CWNT,B,B,CWNT,,B,Aerospace & Defense,Air Freight & Logistics,Aerospace & Defense,,0.35,US,,5062980025.45,,,USD,575424.64,,No,,,AAA,,6,,0.65,B,issuer,B,5.315068493150685,0.1532328767123287,reported
0,"Brown Group Holding, LLC",572669.49,,BBG01WDBQH12,11565HAB2,Term Loan B,100.375,SNSE,1.0,Yes,,12.0,FLT,ACTUAL_360,2.5,6.1522,0.5,,07/01/2031,B2,B2,CWNT,B+,B+,CWNT,,B,Automotive,Automobile Components,Aerospace & Defense,,0.4,US,,25237724658.77,,,USD,572669.49,,No,,,AAA,,6,,0.6,B+,issuer,B+,5.087671232876712,0.1302816438356164,reported
0,"Blackstone Mortgage Trust, Inc.",571724.97,,BBG01ZFQF2S6,09259GAL7,Term Loan,100.0,SNSE,1.0, ,,12.0,FLT,ACTUAL_360,2.5,6.1677,0.5,,12/10/2030,B1,B1,CWNT,B+,B+,CWNT,,BB-,"Banking, Finance, Insurance & Real Estate",Mortgage Real Estate Investment Trusts (REITs),Banking & Finance,,0.5,US,,3094843275.93,,,USD,571724.97,,No,,,AAA,BB-,27,,0.5,B+,issuer,B+,4.531506849315068,0.1186805479452054,reported
0,"Autokiniton US Holdings, Inc.",552962.02,,BBG01L0RZX83,05278HAC0,First Lien TL B (01/24),99.813,SNSE,1.0, ,,12.0,FLT,ACTUAL_360,4.0,7.7667,0.5,,04/06/2028,B2,B2,CWNT,B,B,CWNT,,B,Capital Equipment,Distributors,Automobiles,,0.3,US,,2639379062.48,,,USD,552962.02,,No,,,AAA,,7,,0.7,B,issuer,B,1.852054794520548,0.0581704109589041,reported
0,TK Elevator Midco GMBH,550000.0,,BBG01SJ4SMF3,D9000BAJ1,USD Term Loan B1 (03/25),100.75,SNSE,1.0, ,,2.0,FLT,ACTUAL_360,2.75,6.3773,0.5,,04/30/2030,B2,B2,CWNT,B,B,CWNT,,B,Construction & Building,Construction & Engineering,Industrial/Manufacturing,,0.4,US,,6929811758.45,,,USD,550000.0,,No,,,AAA,B+ *+,10,,0.6,B,issuer,B,3.9178082191780823,0.122131506849315,reported
0,SPECTRIS,548625.0,,BBG01XF81WC7,74352DAB6,Term Loan,100.625,SNSE,1.0,Yes,,4.0,FLT,ACTUAL_360,2.75,6.4496,0.0,,12/05/2032,B2,B2,CWNT,B,B,CWNT,,B,High Tech Industries,Professional Services,Technology Software,,0.4,US,,897750000.0,,,USD,548625.0,,No,,,AAA,B+,2,,0.6,B,issuer,B,6.52054794520548,0.1742876712328767,reported
0,First Student Bidco Inc,540430.5,,BBG01ZVT5WD3,33718FAR1,Term Loan C (01/26),100.25,SNSE,1.0, ,,4.0,FLT,ACTUAL_360,2.25,5.9496,0.0,,08/15/2030,B1,B1,CWNT,B+,B+,CWNT,,BB-,Transportation: Cargo,Ground Transportation,Transportation & Distribution,,0.3,US,,3859774213.97,,,USD,540430.5,,No,,,AAA,BB+,14,,0.7,B+,issuer,B+,4.210958904109589,0.1117567123287671,reported
0,"CACI International, Inc.",540000.0,,BBG020JFFL37,12718FAQ7,Term Loan B2 (02/26),99.875,SNSE,1.0,Yes,,12.0,FLT,ACTUAL_360,1.75,5.4022,0.0,,03/09/2033,Ba1,Baa3,CWNT,BB+,BB+,CWNT,,BB+,High Tech Industries,"Technology Hardware, Storage & Peripherals",Business Services Data & Analytics,,0.3,US,,1540625000.0,,,USD,540000.0,,No,,,AAA,,29,,0.7,BB+,issuer,BB+,6.778082191780822,0.0403128767123287,reported
0,Resideo Funding Inc.,532388.34,,BBG01QVSYC74,76090LAL8,Term Loan B (12/24),100.125,SNSE,1.0, ,,12.0,FLT,ACTUAL_360,2.0,5.6644,0.0,,02/11/2028,Ba2,Ba1,CWNT,BB+,BB,CWN,,BB-,Wholesale,"Electronic Equipment, Instruments & Components",Industrial/Manufacturing,,0.63,US,,3551162219.54,,,USD,532388.34,,No,,,AAA,,10,,0.37,BB+,issuer,BB+,1.7013698630136986,0.0066276712328767,reported
0,"GIP Pilot Acquistion Partners, L.P.",528966.36,,BBG01RMM7LK0,31773HAE2,Term Loan B,100.25,SNSE,1.0, ,,4.0,FLT,ACTUAL_360,2.0,5.6739,0.0,,10/04/2030,Ba3,Ba3,CWNT,BB,BB,CWNT,,BB-,Energy: Oil & Gas,"Oil, Gas & Consumable Fuels",Energy (oil & gas),,0.4,US,,1020022594.29,,,USD,528966.36,,No,,,AAA,,25,,0.6,BB,issuer,BB,4.347945205479452,0.0426101369863013,reported
0,Dycom Industries Inc.,520000.0,,BBG01ZK5FTN2,26747FAV1,Term Loan B,100.688,SNSE,1.0, ,,12.0,FLT,ACTUAL_360,1.75,5.4047,0.0,,01/27/2033,Ba2,Ba2,CWNT,BB+,BB+,CWNT,,BB,Telecommunications,Diversified Telecommunication Services,Telecommunications,,0.55,US,,1600000000.0,,,USD,520000.0,,No,,,AAA,,3,,0.4499999999999999,BB+,issuer,BB+,6.6657534246575345,0.0396613698630137,reported
0,"Tiger Acquisition, LLC",511137.5,,BBG01WMCNQT3,88675UAE2,Term Loan Refinancing Initial (8/25),100.375,SNSE,1.0,Yes,,12.0,FLT,ACTUAL_360,2.5,6.1543,0.0,,08/23/2032,B2,B2,CWNT,B,B,CWNT,,B,High Tech Industries,Industrial Conglomerates,Industrial/Manufacturing,,0.28,US,,1850025003.63,,,USD,511137.5,,No,,,AAA,,10,,0.72,B,issuer,B,6.235616438356164,0.1702986301369863,reported
0,Belfor Holdings Inc.,509918.3,,BBG01WJ84XZ5,07768YAS1,Term Loan B,100.25,SNSE,1.0,Yes,,12.0,FLT,ACTUAL_360,2.75,6.4022,0.5,,11/01/2030,B2,B2,CWNT,B-,B-,CWNT,,B-,Services: Business,Professional Services,Environmental Services,,0.3,US,,3198111352.97,,,USD,509918.3,,No,,,AAA,,16,,0.7,B-,issuer,B-,4.424657534246576,0.2048808219178082,reported
0,"Trucordia Insurance Holdings, LLC",507215.33,,BBG01VF3NSX4,89783WAB1,Term Loan B (06/25),92.0,SNSE,1.0,Yes,,12.0,FLT,ACTUAL_360,3.25,6.9022,0.0,,06/14/2032,B3,B2,CWNT,B-,B-,CWNT,,B-,"Banking, Finance, Insurance & Real Estate",Financial Services,Banking & Finance,,0.3,US,,1930300000.0,,,USD,507215.33,,No,,,AAA,,27,,0.7,B-,issuer,B-,6.043835616438356,0.2397005479452054,reported
0,"Mister Car Wash Holdings, Inc.",506165.71,,BBG01QXN21P2,60646CAK3,Term Loan B (03/24),100.313,SNSE,1.0,Yes,,12.0,FLT,ACTUAL_360,2.25,5.9022,0.0,,03/27/2031,B2,B2,CWNT,B,B,CWNT,,B+,Retail,Diversified Consumer Services,Retail,,0.3,US,,4734374062.5,,,USD,506165.71,,No,,,AAA,,20,,0.7,B,issuer,B,4.824657534246575,0.1429547945205479,reported
0,U.S. Bancorp,501000.0,,BBG01JV1T9M5,91159HJP6,US BANCORP VARIABLE 10/26/2027,100.846,SNUN,, ,,2.0,FLT,30_360,1.88,5.5583,,,10/26/2027,,A3,CWNT,A,A,CWNT,,A+,"Banking, Finance, Insurance & Real Estate",Financial Services,Banking & Finance,,0.18,US,,,,,USD,501000.0,,No,,,AAA,A+,27,,0.8200000000000001,A,issuer,A,1.4054794520547946,0.0007838356164383,reported
0,Equinix Inc,500000.0,,BBG010QZX1L0,29444UBS4,EQIX 2.5% 5/15/2031,89.793,SNUN,, ,,2.0,FXD,30_360,,2.5,,,05/15/2031,WR,Baa1,CWNT,BBB+,BBB+,CWNT,,BBB+,High Tech Industries,"Technology Hardware, Storage & Peripherals",Technology Hardware,,0.18,US,,,,,USD,500000.0,,No,,,AAA,BBB+,1,,0.8200000000000001,BBB+,issuer,BBB+,4.958904109589041,0.007817808219178,reported
0,Waste Management Inc,500000.0,,BBG00Y3KRN52,94106LBP3,WASTE MANAGEMENT 1.5% 3/15/2031,87.034,SNUN,, ,,2.0,FXD,30_360,,1.5,,,03/15/2031,,A3,CWNT,,A-,CWNT,,A-,Environmental Industries,Commercial Services & Supplies,Environmental Services,,0.18,US,,,,,USD,500000.0,,No,,,AAA,A-,16,,0.8200000000000001,A-,issue_fallback,A-,4.791780821917809,0.0039501369863013,reported
0,"N-Able International Holdings II, LLC",498750.0,,BBG01YLHJ0F6,62878KAD6,Term Loan B (11/25),101.0,SNSE,1.0,Yes,,4.0,FLT,ACTUAL_360,2.75,6.4227,0.0,,11/26/2032,B1,B1,CWNT,B+,B+,CWNT,,B+,High Tech Industries,Software,Technology Software,,0.3,US,,399000002.0,,,USD,498750.0,,No,,,AAA,,2,,0.7,B+,issuer,B+,6.495890410958904,0.1533367123287671,reported
0,"Go Daddy Operating Company, LLC",498585.81,,BBG01MW6BRD5,38017BAW6,Term Loan B7,98.063,SNSE,1.0,Yes,,12.0,FLT,ACTUAL_360,1.75,5.4022,0.0,,05/30/2031,Ba2,Ba1,CWNT,BB,BB,CWNT,,BB+,High Tech Industries,IT Services,Technology Software,,0.45,US,,4171176869.75,,,USD,498585.81,,No,,,AAA,,2,,0.55,BB,issuer,BB,5.0,0.0504999999999999,reported
0,"Acrisure, LLC",496442.58,,BBG01R6JZZ23,00488PAV7,Term Loan  B (12/24),94.25,SNSE,1.0,Yes,,12.0,FLT,ACTUAL_360,3.0,6.6522,0.0,,11/06/2030,B3,B2,CWNT,B,B,CWNT,,B-,"Banking, Finance, Insurance & Real Estate",Insurance,Banking & Finance,,0.3,US,,6440396038.25,,,USD,496442.58,,No,,,AAA,,27,,0.7,B,issuer,B,4.438356164383562,0.1342630136986301,reported
0,Cross Financial Corp,495012.5,,BBG01W3DJ3C6,22750JAG9,Term Loan B4 (07/25),96.813,SNSE,1.0,Yes,,12.0,FLT,ACTUAL_360,2.75,6.4022,0.0,,10/31/2031,B2,B2,CWNT,B,B,CWNT,,B,"Banking, Finance, Insurance & Real Estate",Capital Markets,Business Services General,,0.3,US,,433361209.4,,,USD,495012.5,,No,,,AAA,,28,,0.7,B,issuer,B,5.421917808219178,0.1553805479452054,reported
0,PG Polaris BidCo S.a r.l.,494776.77,,BBG01YBL7G11,91728NAD1,Term Loan B (11/25),100.188,SNSE,1.0,Yes,,4.0,FLT,ACTUAL_360,2.25,5.9496,0.0,,03/26/2031,Ba3,Ba3,CWNT,B+,B+,CWNT,,B+,Healthcare & Pharmaceuticals,Health Care Providers & Services,Healthcare Providers,,0.3,US,,1506932295.34,,,USD,494776.77,,No,,,AAA,,22,,0.7,B+,issuer,B+,4.821917808219178,0.1249534246575342,reported
0,Lernen Bidco Limited,493781.16,,BBG01VYC7ZZ3,,Term Loan B3,98.25,SNSE,1.0, ,,4.0,FLT,ACTUAL_360,3.5,7.14,0.0,,10/25/2031,B3,B3,CWNT,B-,B-,CWNT,,B,Services: Consumer,Financial Services,Banking & Finance,,0.3,US,,620324209.3,,,USD,493781.16,,No,,,AAA,B,27,,0.7,B-,issuer,B-,5.405479452054794,0.2279230136986301,reported
0,Quartz Holding Company,488219.9,,BBG01M0SJGV8,,Term Loan,97.813,SNSE,1.0,Yes,,12.0,FLT,ACTUAL_360,3.25,6.9022,0.5,,10/02/2028,B3,B3,CWNT,B-,B-,CWNT,,B-,High Tech Industries,Software,Technology Software,,0.3,US,,544722513.12,,,USD,488219.9,,No,,,AAA,,2,,0.7,B-,issuer,B-,2.3424657534246576,0.1282328767123287,reported
0,Tronox Finance LLC,477296.32,,BBG01R4YD7Z2,89705DAQ5,Term Loan (09/24),87.375,SNSE,1.0, ,,4.0,FLT,ACTUAL_360,2.25,5.9496,0.0,,04/04/2029,B2,B1,CWNT,CCC+,CCC+,CWNT,,B,"Chemicals, Plastics & Rubber",Chemicals,Chemicals,,0.7,US,,2584438754.0,,,USD,477296.32,,No,,,AAA,,9,,0.3,CCC/C,issuer,CCC/C,2.8465753424657536,0.4049150684931507,reported
0,Curium BidCo S.a r.l.,474240.39,,BBG01WBYXT65,L2210TAM7,USD Term Loan B (07/25),100.75,SNSE,1.0, ,,4.0,FLT,ACTUAL_360,3.0,6.6996,0.0,,08/06/2031,B3,B3,CWNT,B-,B-,CWNT,,B,Services: Consumer,Commercial Services & Supplies,Business Services General,,0.35,US,,2638912216.55,,,USD,474240.39,,No,,,AAA,,28,,0.65,B-,issuer,B-,5.186301369863013,0.2238024657534246,reported
0,Charlotte Buyer Inc,468255.03,,BBG01S19K3W2,12568YAH7,Term Loan B (01/25),100.188,SNSE,1.0, ,,12.0,FLT,ACTUAL_360,4.25,7.9018,0.5,,02/11/2028,B3,B3,CWNT,B-,B-,CWNT,,B-,Healthcare & Pharmaceuticals,Health Care Providers & Services,Healthcare Providers,,0.35,US,,3159634233.68,,,USD,468255.03,,No,,,AAA,,22,,0.65,B-,issuer,B-,1.7013698630136986,0.0939627397260274,reported
0,Marcel BidCo LLC,464085.53,,BBG01VYBV1S1,L6257FAP5,Term Loan (7/25),98.75,SNSE,1.0,Yes,,12.0,FLT,ACTUAL_360,3.0,6.64,0.0,,11/09/2030,B2,B2,CWNT,B+,B+,CWNT,,B,High Tech Industries,Software,Business Services Data & Analytics,,0.45,US,,960738031.63,,,USD,464085.53,,No,,,AAA,,29,,0.55,B+,issuer,B+,4.446575342465754,0.1168460273972602,reported
0,"Pretium PKG Holdings, Inc.",462592.8,,BBG020R7RGH9,74142KAQ2,Pretium Packaging 2/26 Second Out Takeback Exit Term Loan,63.40609011164218,SNSE,1.0, ,,4.0,FLT,ACTUAL_360,5.75,9.4174,0.0,,03/01/2032,Caa1,Caa2,CWNT,CCC+,CCC+,CWNT,,CCC+,"Containers, Packaging & Glass",Containers & Packaging,Packaging & Containers,,0.1,US,,2687888758.83,,,USD,462592.8,,No,,,AAA,,12,,0.9,CCC/C,issuer,CCC/C,5.756164383561644,0.4731641095890411,rating_cohort_wa
0,Home Depot Inc,460000.0,,BBG012F5DB98,437076CH3,HD 1 1/2 09/15/28,94.428,SNUN,, ,,2.0,FXD,30_360,,1.5,,,09/15/2028,,A2,,A,A,,,A,Consumer Goods: Durable,Construction Materials,Building & Materials,,0.18,US,,,,,USD,460000.0,,No,,,AAA,A,8,,0.8200000000000001,A,issuer,A,2.295890410958904,0.0014071232876712,reported
0,"Chart Industries, Inc.",450320.6,,BBG01N8KCMG6,16115EAT4,Term Loan B,100.188,SNSE,1.0, ,,4.0,FLT,ACTUAL_360,2.5,6.1822,0.5,,03/15/2030,Ba3,Ba2,CWP,BB-,BB,CWP,,BB-,Environmental Industries,Commercial Services & Supplies,Industrial/Manufacturing,,0.4,US,,9045800000.0,,,USD,450320.6,,No,,,AAA,,10,,0.6,BB-,issuer,BB-,3.791780821917808,0.0616397260273972,reported
0,BENDING SPOONS US INC.,450000.0,,BBG01YZ5GGY4,08167PAD8,Term Loan (12/25),98.75,SNSE,1.0, ,,12.0,FLT,ACTUAL_360,5.875,9.536,1.0,,03/07/2031,B1,B1,CWNT,B+,B+,CWNT,,B+,High Tech Industries,Software,Technology Software,,0.45,US,,2005854430.39,,,USD,450000.0,,No,,,AAA,,2,,0.55,B+,issuer,B+,4.76986301369863,0.1238290410958904,reported
0,SHIFT4 Payments LLC,448875.0,,BBG01YV7MCW8,82453JAC2,TL B,100.188,SNSE,1.0,Yes,,4.0,FLT,ACTUAL_360,2.0,5.6773,0.0,,07/05/2032,Ba3,Ba1,CWNT,BB-,BB-,CWNT,,BB,"Banking, Finance, Insurance & Real Estate",Financial Services,Banking & Finance,,0.7,US,,1797500000.0,,,USD,448875.0,,No,,,AAA,BBB-,27,,0.3,BB-,issuer,BB-,6.101369863013699,0.1006090410958904,reported
0,Tronox Finance LLC,448867.67,,BBG01PPN4C77,89705DAP7,Term Loan B (09/24),85.0,SNSE,1.0, ,,4.0,FLT,ACTUAL_360,2.5,6.1996,0.0,,09/30/2031,B2,B1,CWNT,CCC+,CCC+,CWNT,,B,"Chemicals, Plastics & Rubber",Chemicals,Chemicals,,0.7,US,,2584438754.0,,,USD,448867.67,,No,,,AAA,,9,,0.3,CCC/C,issuer,CCC/C,5.336986301369863,0.4688046575342465,reported
0,"Alkermes, Inc.",440000.0,,BBG01ZQVSX65,01642UAK1,Term Loan B (01/26),100.938,SNSE,1.0,Yes,,4.0,FLT,ACTUAL_360,2.75,6.4177,0.0,,08/12/2031,Ba2,Ba2,CWNT,BB,BB,CWNT,,BB,Healthcare & Pharmaceuticals,Pharmaceuticals,Pharmaceuticals,,0.45,US,,1801433125.0,,,USD,440000.0,,No,,,AAA,,24,,0.55,BB,issuer,BB,5.2027397260273975,0.0525476712328767,reported
0,"Calabrio, Inc.",421578.95,,BBG01XMSBCZ3,12804VAC8,Term Loan (10/25),78.313,SNSE,1.0,Yes,,4.0,FLT,ACTUAL_360,4.0,7.6727,0.0,,11/26/2032,B3,B1,CWNT,B,B,CWNT,,B,High Tech Industries,IT Services,Business Services General,,0.63,US,,1554449999.63,,,USD,421578.95,,No,,,AAA,BB,28,,0.37,B,issuer,B,6.495890410958904,0.1739424657534246,reported
0,ARCWOOD ENVIRONMENTAL INC,415871.56,,BBG021086SW4,03970GAC8,Term Loan B,100.5,SNSE,1.0, ,,4.0,FLT,ACTUAL_360,3.0,6.6918,0.0,,04/01/2033,B2,B2,CWNT,B,B,CWNT,,B+,Environmental Industries,Energy Equipment & Services,Environmental Services,,0.45,US,,775000000.0,,,USD,415871.56,,No,,,AAA,BB-,16,,0.55,B,issuer,B,6.841095890410959,0.1787753424657534,reported
0,Astoria Energy LLC,413634.55,,BBG01ZK2YG65,04626LAJ8,Term Loan B (09/24),100.313,SNSE,1.0,Yes,,12.0,FLT,ACTUAL_360,2.25,5.9022,0.0,,06/16/2032,,Ba3,CWNT,,B+,CWNT,,B,Energy: Electricity,Energy Equipment & Services,Utilities (Power),,0.6,US,,1885616269.32,,,USD,413634.55,,No,,,AAA,,26,,0.4,B+,issue_fallback,B+,6.049315068493151,0.1464594520547945,reported
0,Waste Management Inc,411000.0,,BBG00Y3KRMV5,94106LBN8,WASTE MANAGEMENT   1.15%   3/15/2028,94.916,SNUN,, ,,2.0,FXD,30_360,,1.15,,,03/15/2028,,A3,CWNT,,A-,CWNT,,A-,Environmental Industries,Commercial Services & Supplies,Environmental Services,,0.18,US,,,,,USD,411000.0,,No,,,AAA,A-,16,,0.8200000000000001,A-,issue_fallback,A-,1.7917808219178082,0.001212602739726,reported
0,Bausch & Lomb Corporation,401904.7,,BBG01YYS8N15,C0787FAL6,Term Loan 2025-2,100.313,SNSE,1.0,Yes,,12.0,FLT,ACTUAL_360,3.75,7.4022,0.0,,01/15/2031,Caa2,B1,CWNT,B,B,CWNT,,B,Healthcare & Pharmaceuticals,Health Care Providers & Services,Healthcare Devices,,0.3,US,,3202125000.01,,,USD,401904.7,,No,,,AAA,BB *,21,,0.7,B,issuer,B,4.63013698630137,0.1385780821917808,reported
0,"Student Transportation of America Holdings, Inc.",400074.07,,BBG01YV7Y6R4,86388BAE6,Term Loan,100.438,SNSE,1.0,Yes,,4.0,FLT,ACTUAL_360,2.75,6.4239,0.0,,06/24/2032,B1,B1,CWNT,B+,B+,CWNT,,B+,Transportation: Consumer,Ground Transportation,Transportation & Distribution,,0.35,US,,870259376.0,,,USD,400074.07,,No,,,AAA,,14,,0.65,B+,issuer,B+,6.071232876712329,0.1467969863013698,reported
0,Resideo Funding Inc.,399493.14,,BBG01QVSY9W3,76090LAK0,M&A Term Loan B (11/24),100.188,SNSE,1.0, ,,4.0,FLT,ACTUAL_360,2.0,5.6405,0.0,,06/13/2031,Ba2,Ba1,CWNT,BB+,BB,CWN,,BB-,Wholesale,"Electronic Equipment, Instruments & Components",Industrial/Manufacturing,,0.63,US,,3551162219.54,,,USD,399493.14,,No,,,AAA,,10,,0.37,BB+,issuer,BB+,5.038356164383561,0.0292608219178082,reported
0,"Charter Communications Operating, LLC.",399469.23,,BBG01QWM31H3,16117LCE7,Term Loan B (11/24),97.25,SNSE,1.0, ,,4.0,FLT,ACTUAL_360,2.25,5.9418,0.0,,12/15/2031,Ba2,Ba1,CWNT,NR,BB+,CWNT,,BB+,Media: Broadcasting & Subscription,Media,Telecommunications,,0.7,US,,7778461778.59,,,USD,399469.23,,No,,,AAA,BBB- *+,3,,0.3,BB+,issue_fallback,BB+,5.545205479452055,0.0327073972602739,reported
0,"Zayo Group Holdings, Inc.",380781.98,,BBG01XM4P5L1,98919XAH4,Term Loan (09/25),100.188,SNSE,1.0, ,,12.0,FLT,ACTUAL_360,3.0,6.7667,0.0,,03/11/2030,B3,B3,CWNT,B-,B-,CWNT,,B-,Telecommunications,Diversified Telecommunication Services,Telecommunications,,0.2,US,,2992614950.26,,,USD,438821.92,,No,,,,,3,,0.8,B-,issuer,B-,3.780821917808219,0.1860260273972602,reported
0,"BCPE Empire Holdings, Inc.",377488.34,,BBG01SCLGK23,05550HAQ8,Term Loan,99.563,SNSE,1.0,No,,12.0,FLT,ACTUAL_360,3.25,6.9022,0.5,,12/11/2030,B3,B3,CWNT,B,B,CWNT,,B-,"Containers, Packaging & Glass",Containers & Packaging,Packaging & Containers,,0.3,US,,6367944826.05,,,USD,377488.34,,No,,,AAA,,12,,0.7,B,issuer,B,4.534246575342466,0.1364205479452054,reported
0,Blackstone Secured Lending Fund,375000.0,,BBG017WN4KZ0,09261XAG7,BXSL 2.85% 9/30/2028,94.327,SNUN,, ,,2.0,FXD,30_360,,2.85,,,09/30/2028,Baa2,Baa2,CWNT,BBB-,BBB-,,,BBB,"Banking, Finance, Insurance & Real Estate",Financial Services,Banking & Finance,,0.18,US,,,,,USD,375000.0,,No,,,AAA,BBB,27,,0.8200000000000001,BBB-,issuer,BBB-,2.336986301369863,0.0081197260273972,reported
0,Athene Global Funding,375000.0,,BBG012547W57,04685A3C3,ATHENE GLOBAL FU 1.985% 8/19/2028,93.849,SNSE,, ,,2.0,FXD,30_360,,1.985,,,08/19/2028,,A1,CWNT,A-,A-,CWNT,,A,"Banking, Finance, Insurance & Real Estate",Insurance,Banking & Finance,,0.41,US,,,,,USD,375000.0,,No,,,AAA,A+,27,,0.5900000000000001,A-,issuer,A-,2.221917808219178,0.0015775342465753,reported
0,"A-AP Buyer, Inc.",372337.98,,BBG01S7Q43F5,00036FAB0,Term Loan B,100.5,SNSE,1.0,Yes,,4.0,FLT,ACTUAL_360,2.75,6.4134,0.0,,09/09/2031,B1,B1,CWNT,B,B,CWNT,,B,"Chemicals, Plastics & Rubber",Chemicals,Chemicals,,0.5,US,,1541245277.08,,,USD,372337.98,,No,,,AAA,,9,,0.5,B,issuer,B,5.279452054794521,0.1525169863013698,reported
0,"OMNIA Partners, LLC",369743.95,,BBG01YYT71Z5,68218HAE7,Term Loan B,100.5,SNSE,1.0,Yes,,4.0,FLT,ACTUAL_360,2.75,6.4333,0.0,,12/31/2032,B2,B2,CWNT,B,B,CWNT,,B,Services: Business,Professional Services,Business Services General,,0.4,US,,7434956211.88,,,USD,369743.95,,No,,,AAA,,28,,0.6,B,issuer,B,6.5917808219178085,0.1752849315068493,reported
0,Evercommerce Solutions Inc.,365352.94,,BBG01W92GV44,29977YAB9,Term Loan,97.438,SNSE,1.0,Yes,,12.0,FLT,ACTUAL_360,2.25,5.9022,0.5,,07/07/2031,B1,B1,CWNT,B+,B+,CWNT,,BB-,Services: Business,Software,Technology Software,,0.3,US,,1777750000.0,,,USD,365352.94,,No,,,AAA,,2,,0.7,B+,issuer,B+,5.104109589041096,0.1305594520547945,reported
0,"RealPage, Inc.",365264.34,,BBG01R3YJWK8,75605VAH5,Incremental Term Loan (12/24),95.625,SNSE,1.0, ,,4.0,FLT,ACTUAL_360,3.75,7.4496,0.5,,04/24/2028,B3,B3,CWNT,B-,B-,CWNT,,B,Services: Business,Professional Services,Business Services General,,0.35,US,,4641500000.0,,,USD,365264.34,,No,,,AAA,B+,28,,0.65,B-,issuer,B-,1.9013698630136984,0.1060427397260273,reported
0,"ENTRATA, INC",364358.38,,BBG01XFZ2Q39,29387PAB2,Term Loan,99.375,SNSE,1.0, ,,12.0,FLT,ACTUAL_360,2.75,6.4022,0.0,,09/20/2032,,,,,,,,CCC,High Tech Industries,Software,Technology Software,,,US,,399000000.0,,,USD,364358.38,,No,,,AAA,,2,,,CCC/C,unrated_conservative,CCC/C,6.3123287671232875,0.4789482191780821,reported
0,"Pye-Barker Fire & Safety, LLC",364071.13,,BBG01YV955K1,69380SAC7,Delayed Draw Term Loan (12/25),100.25,SNSE,1.0, ,,6.0,FLT,,2.5,2.5,0.0,0.03,12/16/2032,B2,B2,CWNT,B,B,CWNT,,B,Services: Business,Commercial Services & Supplies,Industrial/Manufacturing,,0.35,US,,2572000000.0,,,USD,364071.13,,No,,,,,10,,0.65,B,issuer,B,6.550684931506849,0.1747095890410959,reported
0,"CPV Three Rivers, LLC",360000.0,,BBG0217DXSL8,22413DAB2,Term Loan B (03/26),100.25,SNSE,1.0, ,,4.0,FLT,ACTUAL_360,2.75,6.4231,,,04/15/2033,,Ba3,CWNT,,B+,,,B,Utilities: Oil & Gas,Gas Utilities,Utilities (Power),,0.75,US,,750000000.0,,,USD,360000.0,,No,,,AAA,,26,,0.25,B+,issue_fallback,B+,6.879452054794521,0.1592435616438356,reported
0,"PerForce Software, Inc.",356899.23,,BBG01R6KHNQ1,71376GAK7,Amendment No. 7 Term Loan (12/24),56.375,SNSE,1.0,Yes,,12.0,FLT,ACTUAL_360,4.75,8.4022,0.0,,06/29/2029,B3,B3,CWNT,B-,B-,CWNT,,B-,High Tech Industries,Software,Technology Software,,0.35,US,,2599239413.02,,,USD,356899.23,,No,,,AAA,,2,,0.65,B-,issuer,B-,3.0821917808219177,0.1622027397260274,reported
0,Anticimex Global AB,353278.94,,BBG01Y5NDYK7,03703HAD8,Term Loan B,100.313,SNSE,1.0,Yes,,4.0,FLT,ACTUAL_360,2.9,6.54,0.0,,11/17/2031,B3,B3,CWNT,B,B,CWNT,,B-,Services: Consumer,Professional Services,Business Services General,,0.3,SE,,2222450002.83,,,USD,353278.94,,No,,,AAA,,28,,0.7,B,issuer,B,5.468493150684932,0.1563167123287671,reported
0,Tronox Finance LLC,350767.64,,BBG01PPN4C77,89705DAP7,Term Loan B (09/24),85.0,SNSE,1.0, ,,12.0,FLT,ACTUAL_360,2.5,6.1522,0.0,,09/30/2031,B2,B1,CWNT,CCC+,CCC+,CWNT,,B,"Chemicals, Plastics & Rubber",Chemicals,Chemicals,,0.7,US,,2584438754.0,,,USD,350767.64,,No,,,AAA,,9,,0.3,CCC/C,issuer,CCC/C,5.336986301369863,0.4688046575342465,reported
0,Churchill Downs Incorporated,346725.09,,BBG01S4BHRQ2,17148PAF8,Term Loan B1 (3/21),100.188,SNSE,1.0, ,,12.0,FLT,ACTUAL_360,1.75,5.4022,0.0,,03/17/2028,Ba3,Ba1,CWNT,BB-,BB-,CWNT,,BB,"Hotel, Gaming & Leisure","Hotels, Restaurants & Leisure","Gaming, Leisure & Entertainment",,0.7,US,,573750000.0,,,USD,346725.09,,No,,,AAA,,19,,0.3,BB-,issuer,BB-,1.797260273972603,0.0233695890410958,reported
0,"USI, Inc.",338682.97,,BBG01R72PS99,90351NAQ8,Term Loan B 2030 (12/24),100.0,SNSE,1.0,Yes,,4.0,FLT,ACTUAL_360,2.25,5.9496,0.0,,09/27/2030,B2,B1,CWNT,B,B,CWNT,,B,"Banking, Finance, Insurance & Real Estate",Insurance,Banking & Finance,,0.3,US,,8132451001.86,,,USD,338682.97,,No,,,AAA,,27,,0.7,B,issuer,B,4.328767123287672,0.1317972602739726,reported
0,"RadNet Management, Inc.",332741.75,,BBG01QXXY1Q4,75049EAR5,Term Loan B (11/24),100.0,SNSE,1.0, ,,4.0,FLT,ACTUAL_360,2.25,5.9227,0.0,,04/18/2031,B1,Ba3,CWNT,B+,B+,CWNT,,B+,Healthcare & Pharmaceuticals,Health Care Providers & Services,Healthcare Providers,,0.4,US,,1321534943.32,,,USD,332741.75,,No,,,AAA,,22,,0.6,B+,issuer,B+,4.884931506849315,0.1263145205479452,reported
0,"Sazerac Company, Inc.",328550.0,,BBG01YZC8HN8,80583EAP1,Term Loan B (01/26),100.0,SNSE,1.0,Yes,,12.0,FLT,ACTUAL_360,2.0,5.66,0.0,,07/09/2032,Ba3,Ba3,CWNT,BB-,BB-,CWNT,,BB-,"Beverage, Food & Tobacco",Consumer Staples Distribution & Retail,"Food, Beverage & Tobacco",,0.4,US,,1941250000.0,,,USD,328550.0,,No,,,AAA,,17,,0.6,BB-,issuer,BB-,6.112328767123287,0.1007613698630136,reported
0,Jefferies Finance LLC / JFIN Co-Issuer Corp,304000.0,,BBG011Y6SRS5,47232MAF9,JEFFIN   5.0%   8/15/28,97.02,SNUN,, ,,2.0,FXD,30_360,,5.0,,,08/15/2028,Ba3,B2,CWNT,BB-,BB-,CWNT,,BB+,"Banking, Finance, Insurance & Real Estate",Financial Services,Banking & Finance,,0.18,US,,,,,USD,304000.0,,No,,,AAA,BB+,27,,0.8200000000000001,BB-,issuer,BB-,2.210958904109589,0.0311293150684931,reported
0,Discovery Purchaser Corporation,297476.72,,BBG01RPTXG97,25471NAC0,Term Loan,99.563,SNSE,1.0,Yes,,4.0,FLT,ACTUAL_360,3.75,7.4136,0.5,,10/04/2029,B3,B3,CWNT,B-,B-,CWNT,,B-,"Chemicals, Plastics & Rubber",Chemicals,Chemicals,,0.35,US,,4498774144.45,,,USD,297476.72,,No,,,AAA,,9,,0.65,B-,issuer,B-,3.347945205479452,0.1712649315068493,reported
0,"EW Scripps Company, The",296396.46,,BBG01TFZ9FD4,26928BAR0,Term Loan B3,95.875,SNSE,1.0, ,,12.0,FLT,ACTUAL_360,3.35,7.1255,1.0,,11/30/2029,Caa1,B2,CWNT,CCC+,CCC+,CWNT,,CCC,"Media: Advertising, Printing & Publishing",Media,Broadcasting & Media,,0.7,US,,569044790.38,,,USD,296396.46,,No,,,AAA,B,4,,0.3,CCC/C,issuer,CCC/C,3.504109589041096,0.4284745205479452,reported
0,"Avalara, Inc.,",294440.76,,BBG01X4RGBJ0,05338KAD9,Term Loan (09/25),96.563,SNSE,1.0,Yes,,4.0,FLT,ACTUAL_360,2.75,6.4496,0.0,,03/26/2032,B2,B2,CWNT,B-,B-,CWNT,,B,High Tech Industries,Software,Technology Software,,0.3,US,,7481281250.0,,,USD,294440.76,,No,,,AAA,BB-,2,,0.7,B-,issuer,B-,5.824657534246575,0.2358035616438356,reported
0,GENERAL MOTORS CO,293000.0,,BBG00TQHLQM5,37045VAU4,GENERAL MOTORS 6.8% 10/1/27,102.647,SNUN,, ,,2.0,FXD,30_360,,6.8,,,10/01/2027,,Baa2,CWNT,BBB,BBB,,,BBB,Automotive,Automobiles,Automobiles,,0.18,US,,,,,USD,293000.0,,No,,,AAA,BBB,7,,0.8200000000000001,BBB,issuer,BBB,1.336986301369863,0.0019739726027397,reported
0,1261229 B.C. LTD.,290560.57,,BBG01SXN9X44,C6903HAB0,Term Loan B,96.438,SNSE,1.0, ,,12.0,FLT,ACTUAL_360,6.25,9.9022,0.0,,09/25/2030,Caa2,Caa1,CWNT,B-,B-,CWNT,,CCC,Healthcare & Pharmaceuticals,Pharmaceuticals,Pharmaceuticals,,0.63,US,,2977500000.0,,,USD,290560.57,,No,,,AAA,WD,24,,0.37,B-,issuer,B-,4.323287671232877,0.2021641095890411,reported
0,"AL NGPL Holdings, LLC",290000.0,,BBG01ZVQP4X7,01021AAB6,Term Loan B,100.25,SNSE,1.0, ,,4.0,FLT,ACTUAL_360,2.0,5.6773,1.0,,12/09/2030,Ba3,Ba3,CWNT,B+,B+,CWNT,,B+,Energy: Oil & Gas,"Oil, Gas & Consumable Fuels",Energy (oil & gas),,0.3,US,,5841967915.14,,,USD,290000.0,,No,,,AAA,,25,,0.7,B+,issuer,B+,4.528767123287671,0.1186213698630136,reported
0,BIP Pipeco Holdings LLC,290000.0,,BBG01ZVQHYS6,05554DAB6,Term Loan (12/23),100.188,SNSE,1.0, ,,4.0,FLT,ACTUAL_360,2.0,5.6773,0.0,,12/05/2030,Ba3,Ba3,CWNT,B+,B+,CWNT,,B+,Energy: Oil & Gas,"Oil, Gas & Consumable Fuels",Energy (oil & gas),,0.3,US,,1514000000.0,,,USD,290000.0,,No,,,AAA,,25,,0.7,B+,issuer,B+,4.517808219178082,0.1183846575342465,reported
0,"Access CIG, LLC",286827.79,,BBG01WMCP303,00435CAV0,Term Loan B (09/25),90.438,SNSE,1.0,Yes,,4.0,FLT,ACTUAL_360,4.0,7.6996,0.5,,08/19/2030,B3,B3,CWNT,B,B,CWNT,,B-,Services: Business,Professional Services,Business Services General,,0.3,US,,3277359595.29,,,USD,286827.79,,No,,,AAA,,28,,0.7,B,issuer,B,4.221917808219178,0.1293931506849315,reported
0,"PerForce Software, Inc.",282176.59,,BBG01LY2SNH1,71376GAJ0,Fifth Incrementral Term Loan (03/24),52.188,SNSE,1.0, ,,12.0,FLT,ACTUAL_360,4.75,8.4022,0.5,,03/21/2031,B3,B3,CWNT,B-,B-,CWNT,,B-,High Tech Industries,Software,Technology Software,,0.35,US,,2599239413.02,,,USD,282176.59,,No,,,AAA,,2,,0.65,B-,issuer,B-,4.808219178082192,0.2151602739726027,reported
0,"Zodiac Purchaser, L.L.C.",275078.98,,BBG01R4XZZT5,98980XAC9,Term Loan (12/24),93.563,SNSE,1.0,Yes,,12.0,FLT,ACTUAL_360,3.5,7.1522,0.0,,02/16/2032,B3,B3,CWNT,B,B,CWNT,,B-,High Tech Industries,Software,Technology Software,,0.3,US,,843625000.0,,,USD,275078.98,,No,,,AAA,,2,,0.7,B,issuer,B,5.717808219178083,0.1613279452054794,reported
0,"Dynasty Acquisition Co., Inc.",272111.11,,BBG01QG113Q5,26812CAP1,Term Loan  B-2 (10/24),100.375,SNSE,1.0, ,,12.0,FLT,ACTUAL_360,2.0,5.6522,0.0,,10/31/2031,Ba3,Ba3,CWNT,BB-,BB-,CWNT,,BB+,Aerospace & Defense,Aerospace & Defense,Aerospace & Defense,,0.35,US,,2731875001.0,,,USD,272111.11,,No,,,AAA,BBB-,6,,0.65,BB-,issuer,BB-,5.421917808219178,0.0897194520547945,reported
0,"Zelis Cost Management Buyer, Inc.",264559.53,,BBG01KWN3N04,98932TAG8,Term Loan B 2,98.313,SNSE,1.0,Yes,,12.0,FLT,ACTUAL_360,2.75,6.4022,0.0,,09/28/2029,B2,B2,CWNT,B,B,CWNT,,B,Services: Business,Health Care Providers & Services,Healthcare Providers,,0.3,US,,2138421865.58,,,USD,264559.53,,No,,,AAA,,22,,0.7,B,issuer,B,3.331506849315069,0.1059495890410958,reported
0,"PFI Lower Midco, LLC",263935.79,,BBG01YC2LKT7,71706PAB8,Term Loan,100.625,SNSE,1.0,Yes,,12.0,FLT,ACTUAL_360,4.0,7.6522,0.0,,12/01/2032,B2,B2,CWNT,B,B,CWNT,,B,"Beverage, Food & Tobacco",Consumer Staples Distribution & Retail,"Food, Beverage & Tobacco",,0.45,US,,773062500.0,,,USD,263935.79,,No,,,AAA,,17,,0.55,B,issuer,B,6.50958904109589,0.1741342465753424,reported
0,Berlin Packaging L.L.C.,259912.3,,BBG01W91NPS5,08511LBD9,Term Loan (07/25),99.5,SNSE,1.0,Yes,,4.0,FLT,ACTUAL_360,3.25,6.9496,0.0,,06/07/2031,B3,B2,CWNT,B-,B-,CWNT,,B-,"Containers, Packaging & Glass",Containers & Packaging,Packaging & Containers,,0.4,US,,2618603875.0,,,USD,259912.3,,No,,,AAA,,12,,0.6,B-,issuer,B-,5.021917808219178,0.2207120547945205,reported
0,BAE Systems Finance Inc,251000.0,,BBG00004GX28,11041RAL2,BRIT AERO FIN 7.5% 7/01/2027,103.338,SNUN,, ,,2.0,FXD,30_360,,7.5,,,07/01/2027,,A3,CWNT,A-,A-,CWNT,,A-,Aerospace & Defense,Aerospace & Defense,Aerospace & Defense,,0.18,US,,,,,USD,251000.0,,No,,,AAA,A-,6,,0.8200000000000001,A-,issuer,A-,1.084931506849315,0.0005764383561643,reported
0,"Asurion, LLC",250000.0,,BBG01VC372T7,04649VBE9,Term Loan B13,100.125,SNSE,1.0,Yes,,12.0,FLT,ACTUAL_360,4.25,7.9022,0.0,,09/19/2030,B1,Ba3,CWNT,B+,B+,CWNT,,B+,"Banking, Finance, Insurance & Real Estate",Insurance,Banking & Finance,,0.5,US,,8488972407.04,,,USD,250000.0,,No,,,AAA,,27,,0.5,B+,issuer,B+,4.306849315068493,0.1138279452054794,reported
0,Honeywell International Inc,250000.0,,BBG00PVN4KV6,438516BU9,HONEYWELL INTL   2.7%   8/15/2029,94.927,SNUN,, ,,2.0,FXD,30_360,,2.7,,,08/15/2029,,A2,CWN,A,A,CWNT,,A,High Tech Industries,Industrial Conglomerates,Industrial/Manufacturing,,0.18,US,,,,,USD,250000.0,,No,,,AAA,A,10,,0.8200000000000001,A,issuer,A,3.210958904109589,0.0020898630136986,reported
0,Thermo Fisher Scientific Inc.,250000.0,,BBG0122ZBB07,883556CL4,THERMO FISHER 2% 10/15/2031,88.129,SNUN,, ,,2.0,FXD,30_360,,2.0,,,10/15/2031,,A2,CWNT,A-,A-,CWNT,,A-,Healthcare & Pharmaceuticals,Life Sciences Tools & Services,Pharmaceuticals,,0.18,US,,,,,USD,250000.0,,No,,,AAA,A-,24,,0.8200000000000001,A-,issuer,A-,5.3780821917808215,0.004691506849315,reported
0,"PEPSICO, INC.",250000.0,,BBG012VD9127,713448FE3,PepsiCo Inc   1.95%   10/21/31,88.098,SNUN,, ,,2.0,FXD,30_360,,1.95,,,10/21/2031,,A1,CWNT,,A+,CWNT,,A+,"Beverage, Food & Tobacco",Beverages,"Food, Beverage & Tobacco",,0.18,US,,,,,USD,250000.0,,No,,,AAA,,17,,0.8200000000000001,A+,issue_fallback,A+,5.394520547945206,0.0038156164383561,reported
0,"Clearwater Analytics, LLC",248750.0,,BBG01RQV9WX6,18512EAF9,Term Loan B,99.813,SNSE,1.0, ,,12.0,FLT,ACTUAL_360,2.0,5.6523,0.0,,04/21/2032,B1,B1,CWNT,BB-,BB-,CWNT,,B+,High Tech Industries,Software,Technology Software,,0.3,US,,826000000.0,,,USD,248750.0,,No,,,AAA,,2,,0.7,BB-,issuer,BB-,5.895890410958904,0.097492602739726,reported
0,"GIH Borrower, LLC",246875.0,,BBG01QXN9TV7,36173YAB6,Term Loan B (11/24),100.125,SNSE,1.0, ,,4.0,FLT,ACTUAL_360,2.5,6.1996,0.0,,11/26/2031,,Ba2,,,CCC-,,,,"Banking, Finance, Insurance & Real Estate",Financial Services,Banking & Finance,,0.24,US,,2100312500.0,,,USD,246875.0,,No,,,AAA,,27,,0.76,CCC/C,issue_fallback,CCC/C,5.493150684931507,0.4704287671232877,reported
0,"PINNACLE BUYER, LLC",243583.33,,BBG01X3LN2J6,72349UAC6,Delay Draw Term Loan,100.25,SNSE,1.0,Yes,,4.0,FLT,,2.5,2.5,0.0,0.03,10/01/2032,B2,B2,CWNT,B,B,CWNT,,B+,Capital Equipment,Commercial Services & Supplies,Industrial/Manufacturing,,0.45,US,,1746750000.0,,,USD,243583.33,,No,,,,BB-,10,,0.55,B,issuer,B,6.342465753424658,0.1717945205479452,reported
0,Goat Holdco LLC,240540.52,,BBG01ZG4XT32,38021CAC2,Term Loan B,100.125,SNSE,1.0,Yes,,12.0,FLT,ACTUAL_360,2.5,6.1522,0.0,,01/27/2032,B2,B2,CWNT,B,B,CWNT,,B,Capital Equipment,Machinery,Industrial/Manufacturing,,0.24,US,,2876812812.5,,,USD,240540.52,,No,,,AAA,,10,,0.76,B,issuer,B,5.663013698630137,0.1602265753424657,reported
0,VSE Corporation,240000.0,,BBG0204C1674,92921UAB2,Term Loan B (06/26),100.5,SNSE,1.0,Yes,,12.0,FLT,ACTUAL_360,2.0,5.6464,,,03/07/2033,Ba3,Ba3,CWNT,BB,BB,CWNT,,BB-,Services: Business,Commercial Services & Supplies,Business Services General,,0.28,US,,900000000.0,,,USD,240000.0,,No,,,AAA,,28,,0.72,BB,issuer,BB,6.772602739726027,0.0675534246575342,reported
0,"Whitewater Matterhorn Holdings, LLC",239400.0,,BBG01ZKNXMJ3,96618PAC0,Term Loan,100.313,SNSE,1.0, ,,4.0,FLT,ACTUAL_360,1.75,5.4496,0.0,,06/16/2032,Ba3,Ba3,CWNT,BB-,BB-,CWNT,,BB,Services: Business,Energy Equipment & Services,Industrial/Manufacturing,,0.35,US,,1559300000.0,,,USD,239400.0,,No,,,AAA,BB+,10,,0.65,BB-,issuer,BB-,6.049315068493151,0.0998854794520548,reported
0,"Zelis Payments Buyer, Inc",237458.84,,BBG01QG0D3X6,98932TAH6,Term Loan B (10/24),98.188,SNSE,1.0,Yes,,12.0,FLT,ACTUAL_360,3.25,6.9022,0.0,,11/26/2031,B2,B2,CWNT,B,B,CWNT,,B,Services: Business,Health Care Providers & Services,Healthcare Providers,,0.3,US,,4051750000.0,,,USD,237458.84,,No,,,AAA,,22,,0.7,B,issuer,B,5.493150684931507,0.1568123287671232,reported
0,Pegasus Bidco BV,235279.73,,BBG01X5748M9,N6872PAL5,Term Loan B,100.25,SNSE,1.0, ,,4.0,FLT,ACTUAL_360,2.75,6.4025,0.0,,07/12/2029,B1,B1,CWNT,B+,B+,CWNT,,B+,Consumer Goods: Durable,Consumer Staples Distribution & Retail,"Food, Beverage & Tobacco",,0.4,NL,,7201192585.37,,,USD,235279.73,,No,,,AAA,,17,,0.6,B+,issuer,B+,3.117808219178082,0.0836454794520547,reported
0,"MH Sub I, LLC",229068.32,,BBG01G6XWDX4,45567YAN5,Term Loan 5/23,96.0,SNSE,1.0,Yes,,12.0,FLT,ACTUAL_360,4.25,7.9022,0.5,,05/03/2028,B2,B1,CWNT,B,B,CWNT,,B,Services: Consumer,Diversified Consumer Services,Business Services Data & Analytics,,0.4,US,,12790732731.19,,,USD,229068.32,,No,,,AAA,,29,,0.6,B,issuer,B,1.926027397260274,0.060885205479452,reported
0,"Specialty Building Products Holdings, LLC",227994.78,,BBG012QFBWT8,84748EAF7,Term Loan B,90.563,SNSE,1.0,Yes,,12.0,FLT,ACTUAL_360,3.75,7.5022,0.5,,10/15/2028,B3,Caa1,CWNT,B-,B-,CWNT,,B-,Construction & Building,Construction Materials,Building & Materials,,0.27,US,,1024692307.7,,,USD,227994.78,,No,,,AAA,,8,,0.73,B-,issuer,B-,2.378082191780822,0.1299210958904109,reported
0,"Vizient, Inc.",226065.12,,BBG01W3DBYF3,92855LAR7,Term Loan,100.125,SNSE,1.0, ,,12.0,FLT,ACTUAL_360,1.75,5.4022,0.5,,08/01/2031,Ba2,Ba2,CWNT,BB+,BB+,CWNT,,BB,Services: Business,Health Care Providers & Services,Business Services General,,0.45,US,,4389500001.0,,,USD,226065.12,,No,,,AAA,,28,,0.55,BB+,issuer,BB+,5.1726027397260275,0.0301736986301369,reported
0,Astoria Energy LLC,223719.88,,BBG01ZK2YG65,04626LAJ8,Term Loan B (09/24),100.313,SNSE,1.0,Yes,,4.0,FLT,ACTUAL_360,2.25,5.9496,0.0,,06/16/2032,,Ba3,CWNT,,B+,CWNT,,B,Energy: Electricity,Energy Equipment & Services,Utilities (Power),,0.6,US,,1885616269.32,,,USD,223719.88,,No,,,AAA,,26,,0.4,B+,issue_fallback,B+,6.049315068493151,0.1464594520547945,reported
0,Nomad Foods Europe Midco Limited,218900.78,,BBG01Y1VH1J3,,Term Loan B,99.188,SNSE,1.0,Yes,,2.0,FLT,ACTUAL_360,2.5,6.2764,0.0,,10/28/2032,B1,B1,CWNT,BB-,BB-,,,BB,"Beverage, Food & Tobacco",Consumer Staples Distribution & Retail,"Food, Beverage & Tobacco",,0.45,GB,,820000002.01,,,USD,218900.78,,No,,,AA-,BB+,17,,0.55,BB-,issuer,BB-,6.416438356164384,0.1049884931506849,reported
0,Kaman Corporation,216476.56,,BBG01RXGB1W7,48354VAN2,Delayed Draw Term Loan (01/25),100.125,SNSE,1.0, ,,4.0,FLT,,1.0,1.0,0.5,0.01,02/26/2032,B2,B2,CWNT,B+,B+,,,BB,Aerospace & Defense,Aerospace & Defense,Aerospace & Defense,,0.5,US,,4253882949.62,,,USD,216476.56,,No,,,,BBB-,6,,0.5,B+,issuer,B+,5.745205479452054,0.1413939726027397,reported
0,South Field Energy LLC,214351.47,,BBG01X0X1JH2,83783XAG1,Term Loan B,100.563,SNSE,1.0, ,,4.0,FLT,ACTUAL_360,3.0,6.6996,0.0,,08/29/2031,,Ba3,CWNT,,B+,CWNT,,B,Utilities: Electric,Electric Utilities,Utilities (Power),,0.6,US,,827296763.19,,,USD,214351.47,,No,,,AAA,,26,,0.4,B+,issue_fallback,B+,5.249315068493151,0.1330134246575342,reported
0,"LSF12 Crown US Commercial Bidco, LLC",205526.69,,BBG01ZF5HCS8,50221UAE1,Term Loan B,100.25,SNSE,1.0,Yes,,12.0,FLT,ACTUAL_360,3.0,6.6493,0.0,,12/02/2031,B1,B1,CWNT,B-,B-,CWNT,,B-,Consumer Goods: Durable,Household Durables,Consumer Products,,0.3,US,,2235176625.0,,,USD,205526.69,,No,,,AAA,,15,,0.7,B-,issuer,B-,5.50958904109589,0.2298802739726027,reported
0,UnitedHealth Group Inc,200000.0,,BBG0113709K5,91324PED0,UNH 2.3% 5/15/31,89.709,SNUN,, ,,2.0,FXD,30_360,,2.3,,,05/15/2031,,A2,CWNT,A+,A+,CWNT,,A,Healthcare & Pharmaceuticals,Health Care Providers & Services,Healthcare Providers,,0.18,US,,,,,USD,200000.0,,No,,,AAA,A,22,,0.8200000000000001,A+,issuer,A+,4.958904109589041,0.0034671232876712,reported
0,Station Casinos LLC,194419.34,,BBG01R6KF181,85769EBB6,Term Loan  (3/24),100.375,SNSE,1.0, ,,12.0,FLT,ACTUAL_360,2.0,5.6522,0.0,,03/14/2031,Ba3,Ba1,CWNT,BB-,BB-,CWNT,,BB-,"Hotel, Gaming & Leisure","Hotels, Restaurants & Leisure","Gaming, Leisure & Entertainment",,0.7,US,,9494090328.73,,,USD,194419.34,,No,,,AAA,,19,,0.3,BB-,issuer,BB-,4.789041095890411,0.079192602739726,reported
0,Multi-Color Corporation,190195.72,,BBG012Y4BWH7,62538LAM6,Term Loan DIP (USD) (02/26),43.89,SNSE,1.0, ,,4.0,FLT,ACTUAL_360,6.75,10.4102,0.0,,11/03/2026,WR,Caa3,,D,CCC-,,,B-,"Containers, Packaging & Glass",Containers & Packaging,Packaging & Containers,,0.5,US,,1349166467.45,,,USD,190195.72,,No,,,AAA,,12,,0.5,D,defaulted,D,0.4273972602739726,1.0,reported
0,"Mitchell International, Inc.",188679.25,,BBG01ZKL0K25,60662WBC5,Second Amendment Term Loan (01/26),98.25,SNSE,1.0,Yes,,12.0,FLT,ACTUAL_360,3.0,6.6522,0.5,,06/17/2031,B3,B3,CWNT,B-,B-,CWNT,,B-,High Tech Industries,Software,Technology Software,,0.35,US,,6520707507.91,,,USD,188679.25,,No,,,AAA,,2,,0.65,B-,issuer,B-,5.049315068493151,0.2212271232876712,reported
0,"Tenable Holdings, Inc.",188274.6,,BBG011HVQD48,88025XAC7,Term Loan B (6/21),100.0,SNSE,1.0,Yes,,12.0,FLT,ACTUAL_360,2.75,6.5167,0.5,,07/07/2028,Ba3,Ba3,CWNT,BB,BB,CWNT,,BB,High Tech Industries,Software,Technology Software,,0.45,US,,359062500.0,,,USD,188274.6,,No,,,AAA,,2,,0.55,BB,issuer,BB,2.1041095890410957,0.0151430136986301,reported
0,"Pretium PKG Holdings, Inc.",186378.64,,BBG01JNTRJY0,74142KAR0,Term Loan First Out Exit (3/26),101.627,SNSE,1.0, ,,4.0,FLT,ACTUAL_360,5.25,8.9174,0.0,,03/03/2031,Caa1,B2,CWNT,CCC+,CCC+,CWNT,,CCC+,"Containers, Packaging & Glass",Containers & Packaging,Packaging & Containers,,0.7,US,,2687888758.83,,,USD,186378.64,,No,,,AAA,,12,,0.3,CCC/C,issuer,CCC/C,4.758904109589041,0.4600441095890411,reported
0,Gainwell Acquisition Corp.,173071.77,,BBG00WFD9D24,59909TAC8,Term Loan B,98.125,SNSE,1.0,Yes,,4.0,FLT,ACTUAL_360,4.0,7.7996,0.75,,10/01/2027,Caa1,B3,CWNT,CCC+,CCC+,CWNT,,B-,Healthcare & Pharmaceuticals,Health Care Technology,Healthcare Devices,,0.5,US,,7545421052.6,,,USD,173071.77,,No,,,AAA,B+,21,,0.5,CCC/C,issuer,CCC/C,1.336986301369863,0.2942246575342466,reported
0,"Hanger, Inc.",171569.49,,BBG01Q6DXL49,41043BAJ7,Delayed Draw (10/24),100.5,SNSE,1.0,Yes,,12.0,FLT,ACTUAL_360,3.5,7.1522,0.0,0.04,10/23/2031,B2,B2,CWNT,B,B,CWNT,,B,Healthcare & Pharmaceuticals,Health Care Providers & Services,Healthcare Providers,,0.3,US,,1406095000.0,,,USD,171569.51,,No,,,AAA,,22,,0.7,B,issuer,B,5.4,0.15494,reported
0,"Lumexa Imaging Outpatient, Inc.",169575.0,,BBG01YTYB5Q6,90372AAN8,Term Loan B (12/25),100.625,SNSE,1.0, ,,4.0,FLT,ACTUAL_360,3.0,6.6996,0.0,,12/13/2032,B2,B2,CWNT,B+,B+,CWNT,,B+,Healthcare & Pharmaceuticals,Health Care Providers & Services,Healthcare Providers,,0.3,US,,822937500.0,,,USD,169575.0,,No,,,AAA,,22,,0.7,B+,issuer,B+,6.542465753424658,0.1540539726027397,reported
0,"Savor Acquisition, Inc.",158714.45,,BBG01RZSWH06,80536AAB8,Term Loan B (02/25),100.5,SNSE,1.0,Yes,,4.0,FLT,ACTUAL_360,3.0,6.6634,0.0,0.03,02/19/2032,B2,B2,CWNT,B,B,CWNT,,B,"Beverage, Food & Tobacco",Consumer Staples Distribution & Retail,"Food, Beverage & Tobacco",,0.4,US,,1043586372.18,,,USD,158714.45,,No,,,AAA,,17,,0.6,B,issuer,B,5.726027397260274,0.1614931506849315,reported
0,Chicago US Midco III LP,154600.47,,BBG01XM4XZP2,16825PAC7,Delayed Draw Term Loan (10/25),100.5,SNSE,1.0, ,,6.0,FLT,,2.5,2.5,0.0,0.03,11/01/2032,B2,B2,CWNT,B,B,CWNT,,B,"Banking, Finance, Insurance & Real Estate",Financial Services,Banking & Finance,,0.3,US,,1160000000.0,,,USD,154600.47,,No,,,,,27,,0.7,B,issuer,B,6.427397260273972,0.1729835616438356,reported
0,"Asplundh Tree Expert, LLC",152623.24,,BBG00Z6CW2H1,04538FAD1,Term Loan 2/21,100.188,SNSE,1.0,Yes,,12.0,FLT,ACTUAL_360,1.75,5.5022,0.0,,09/07/2027,Ba1,Ba1,CWNT,BB+,BB+,CWNT,,BB+,Services: Business,Commercial Services & Supplies,Business Services General,,0.65,US,,5707110100.0,,,USD,152623.24,,No,,,AAA,,28,,0.35,BB+,issuer,BB+,1.2712328767123289,0.004218904109589,reported
0,Ranpak Corp.,150533.52,,BBG01R3YHB80,75321EAM5,Term Loan (12/24),99.813,SNSE,1.0,Yes,,12.0,FLT,ACTUAL_360,4.5,8.1522,0.0,,12/12/2031,B3,B3,CWNT,B,B,CWNT,,B-,"Containers, Packaging & Glass",Containers & Packaging,Packaging & Containers,,0.35,US,,883159076.92,,,USD,150533.52,,No,,,AAA,,12,,0.65,B,issuer,B,5.536986301369863,0.1576934246575342,reported
0,"Charter Communications Operating, LLC.",149304.28,,BBG01KBQS094,16117LCB3,Term Loan B4,97.5,SNSE,1.0, ,,4.0,FLT,ACTUAL_360,2.0,5.6918,0.0,,12/09/2030,Ba2,Ba1,CWNT,NR,BB+,CWNT,,BB+,Media: Broadcasting & Subscription,Media,Telecommunications,,0.7,US,,7778461778.59,,,USD,149304.28,,No,,,AAA,BBB- *+,3,,0.3,BB+,issue_fallback,BB+,4.528767123287671,0.0257484931506849,reported
0,Clarios Global LP,147581.48,,BBG01N67CGH9,C8000CAM5,Term Loan B  (07/24),100.313,SNSE,1.0,Yes,,12.0,FLT,ACTUAL_360,2.5,6.1522,0.0,,05/06/2030,B2,B2,CWNT,BB-,BB-,CWNT,,B,Automotive,Automobiles,Automobiles,,0.3,US,,9173585940.5,,,USD,147581.48,,No,,,AAA,B+,7,,0.7,BB-,issuer,BB-,3.9342465753424656,0.064417808219178,reported
0,"Talen Energy Supply, LLC",145220.57,,BBG01R4XT377,87422LAY6,Term Loan B (12/24),99.5,SNSE,1.0, ,,4.0,FLT,ACTUAL_360,2.5,6.1525,0.0,,12/15/2031,Ba3,Baa3,CWNT,BB-,BB-,CWNT,,BB-,Energy: Electricity,Electric Utilities,Utilities (Power),,0.7,US,,6271020004.98,,,USD,145220.57,,No,,,AAA,,26,,0.3,BB-,issuer,BB-,5.545205479452055,0.0917413698630137,reported
0,Hamilton Projects Acquiror LLC,136876.96,,BBG01VG6DNZ6,40444KAF2,Term Loan (6/25),100.5,SNSE,1.0, ,,12.0,FLT,ACTUAL_360,2.5,6.1522,0.0,,05/30/2031,,Ba3,CWNT,,BB-,CWNT,,B,Utilities: Electric,Electric Utilities,Utilities (Power),,0.75,US,,1201500002.0,,,USD,136876.96,,No,,,AAA,,26,,0.25,BB-,issue_fallback,BB-,5.0,0.0828,reported
0,IQVIA Inc.,132349.6,,BBG01SCHGSD3,44969CBP4,Term Loan,100.563,SNSE,1.0, ,,4.0,FLT,ACTUAL_360,1.75,5.4496,0.0,,01/02/2031,Ba1,Baa3,CWNT,BB+,BB+,CWNT,,BB+,Healthcare & Pharmaceuticals,Health Care Providers & Services,Healthcare Providers,,0.6,US,,5751770589.06,,,USD,132349.6,,No,,,AAA,,22,,0.4,BB+,issuer,BB+,4.594520547945206,0.0262021917808219,reported
0,Sunrise Financing Partnership,129546.15,,BBG01S0RYG86,N9000DAK3,Term Loan (2/25),98.938,SNSE,1.0,Yes,,2.0,FLT,ACTUAL_360,2.47,6.0991,0.0,,02/17/2032,Ba3,Ba3,CWNT,BB-,BB-,CWNT,,BB-,Media: Broadcasting & Subscription,Media,Cable,,0.45,US,,1950000000.0,,,USD,129546.15,,No,,,AAA,BB+,5,,0.55,BB-,issuer,BB-,5.720547945205479,0.0946169863013698,reported
0,"Wand NewCo 3, Inc.",125733.04,,BBG01RMLY3G7,93369PAM6,Term Loan B (01/25),99.875,SNSE,1.0,Yes,,12.0,FLT,ACTUAL_360,2.5,6.1522,0.0,,01/30/2031,B3,B3,CWNT,B,B,CWNT,,B-,Automotive,Automobiles,Automobiles,,0.27,US,,5082312502.0,,,USD,125733.04,,No,,,AAA,,7,,0.73,B,issuer,B,4.671232876712328,0.1395027397260274,reported
0,"Surgery Center Holdings, Inc.",121488.76,,BBG01WJB7844,86880NBD4,Term Loan B (08/25),100.25,SNSE,1.0, ,,12.0,FLT,ACTUAL_360,2.5,6.1522,0.0,,12/19/2030,B2,Ba3,CWNT,B,B,CWNT,,B-,Healthcare & Pharmaceuticals,Health Care Providers & Services,Healthcare Providers,,0.4,US,,3189031250.0,,,USD,121488.76,,No,,,AAA,,22,,0.6,B,issuer,B,4.556164383561644,0.1369136986301369,reported
0,SALAS OBRIEN INC,114285.71,,BBG01ZK5M8T4,79400JAM0,Delayed Draw Term Loan,99.625,SNSE,1.0,Yes,,12.0,FLT,,1.375,1.375,0.0,0.01,01/31/2033,B2,B2,CWNT,B,B,CWNT,,B,Construction & Building,Construction & Engineering,Building & Materials,,0.35,US,,700000000.0,,,USD,114285.71,,No,,,,,8,,0.65,B,issuer,B,6.676712328767123,0.1764739726027397,reported
0,"Transdigm, Inc.",100430.05,,BBG01PKM52G5,89364MCD4,Term Loan (09/24),100.188,SNSE,1.0,Yes,,12.0,FLT,ACTUAL_360,2.5,6.1522,0.0,,01/19/2032,B1,Ba3,CWNT,BB-,BB-,CWNT,,BB-,Aerospace & Defense,Aerospace & Defense,Aerospace & Defense,,0.27,US,,20624024882.23,,,USD,100430.05,,No,,,AAA,,6,,0.73,BB-,issuer,BB-,5.641095890410959,0.0933139726027397,reported
0,Ranpak B.V.,96341.48,,BBG01R8ZQRY8,,Term Loan (12/24),101.375,SNSE,1.0,Yes,,12.0,FLT,ACTUAL_360,4.5,8.1522,0.0,,12/12/2031,B3,B3,CWNT,B,B,CWNT,,B-,"Containers, Packaging & Glass",Containers & Packaging,Packaging & Containers,,0.35,US,,158000000.0,,,USD,96341.48,,No,,,AAA,,12,,0.65,B,issuer,B,5.536986301369863,0.1576934246575342,reported
0,"BlackRock, Inc.",89000.0,,BBG00THWPNG2,09247XAR2,BlackRock Sr Note 1.9% 1/28/31,89.401,SNUN,, ,,2.0,FXD,30_360,,1.9,,,01/28/2031,,Aa3,CWNT,AA-,AA-,CWNT,,AA-,"Banking, Finance, Insurance & Real Estate",Financial Services,Banking & Finance,,0.18,US,,,,,USD,89000.0,,No,,,AAA,,27,,0.8200000000000001,AA-,issuer,AA-,4.6657534246575345,0.0024994520547945,reported
0,QuidelOrtho Corp,87615.15,,BBG01WK33CD5,74840YAG9,Delayed Draw Term Loan,94.0,SNSE,1.0, ,,12.0,FLT,ACTUAL_360,2.25,5.9047,0.0,0.0,08/21/2030,B1,B1,CWNT,B+,B+,CWNT,,B+,Healthcare & Pharmaceuticals,Health Care Providers & Services,Healthcare Providers,,0.4,US,,5414000000.0,,,USD,87615.15,,No,,,AAA,,22,,0.6,B+,issuer,B+,4.227397260273973,0.1121117808219178,reported
0,"United Natural Foods, Inc.",81238.05,,BBG01MG4HNL2,91116KAD7,Term Loan (05/24),100.563,SNSE,1.0,Yes,,12.0,FLT,ACTUAL_360,4.75,8.4022,0.0,,05/01/2031,B2,B3,CWNT,B,B,CWNT,,B,"Beverage, Food & Tobacco",Consumer Staples Distribution & Retail,"Food, Beverage & Tobacco",,0.55,US,,1485736431.94,,,USD,81238.05,,No,,,AAA,,17,,0.4499999999999999,B,issuer,B,4.920547945205479,0.1451123287671233,reported
0,Leia Finco US LLC,79094.37,,BBG01MNK1SH9,52526CAB5,Term Loan (07/24),94.75,SNSE,1.0,Yes,,4.0,FLT,ACTUAL_360,3.25,6.9271,0.0,,10/09/2031,B3,B2,CWNT,B-,B-,CWNT,,B,High Tech Industries,Software,Technology Software,,0.45,US,,4221881155.78,,,USD,79094.37,,No,,,AAA,B+,2,,0.55,B-,issuer,B-,5.361643835616438,0.227098904109589,reported
0,Star Parent Inc,75843.78,,BBG01J6KCJY4,87169DAB1,Term Loan B (09/23),100.25,SNSE,1.0, ,,4.0,FLT,ACTUAL_360,4.0,7.6996,0.0,,09/27/2030,B1,B1,CWNT,B,B,CWNT,,B+,Healthcare & Pharmaceuticals,Pharmaceuticals,Pharmaceuticals,,0.3,US,,7346000000.0,,,USD,75843.78,,No,,,AAA,BB-,24,,0.7,B,issuer,B,4.328767123287672,0.1317972602739726,reported
0,"Raven Acquisition Holdings, LLC",73720.68,,BBG01Q9T2KW6,75419XAD6,Delay Draw Term Loan (10/24),99.063,SNSE,1.0,Yes,,4.0,FLT,,3.0,3.0,0.0,0.03,11/19/2031,B3,B3,CWNT,B-,B-,CWNT,,B-,"Banking, Finance, Insurance & Real Estate",Health Care Providers & Services,Healthcare Providers,,0.4,US,,6299500000.0,,,USD,73720.68,,No,,,,,22,,0.6,B-,issuer,B-,5.473972602739726,0.2292106849315068,reported
0,ICON Luxembourg S.A.R.L.,72921.38,,BBG01LQDGTT3,L5000DAE7,Term Loan B (03/24),100.188,SNSE,1.0, ,,4.0,FLT,ACTUAL_360,2.0,5.6996,0.5,,07/03/2028,,Baa3,CWNT,BBB-,BBB-,CWNT,,BBB-,Services: Business,Professional Services,Business Services General,,0.5,US,,5142892780.3,,,USD,72921.38,,No,,,AAA,,28,,0.5,BBB-,issuer,BBB-,2.0931506849315067,0.0068030136986301,reported
0,Allwyn Entertainment Financing (US) LLC,66948.21,,BBG01RRS9703,02008EAC1,Term Loan B (1/25),98.125,SNSE,1.0,Yes,,4.0,FLT,ACTUAL_360,2.0,5.6687,0.0,,06/02/2031,Ba2,B1,,BB,BB,CWNT,,BB+,"Hotel, Gaming & Leisure","Hotels, Restaurants & Leisure","Gaming, Leisure & Entertainment",,0.4,US,,1690007229.21,,,USD,66948.21,,No,,,AAA,BB+,19,,0.6,BB,issuer,BB,5.008219178082192,0.0505830136986301,reported
0,M6 ETX Holdings II Midco LLC,66928.61,,BBG01X9W8196,55285DAJ0,Term Loan B (09/25),100.5,SNSE,1.0, ,,12.0,FLT,ACTUAL_360,2.5,6.1522,0.0,,04/01/2032,B1,B1,CWNT,B+,B+,CWNT,,B+,Energy: Oil & Gas,"Oil, Gas & Consumable Fuels",Energy (oil & gas),,0.5,US,,1404072813.5,,,USD,66928.61,,No,,,AAA,,25,,0.5,B+,issuer,B+,5.841095890410959,0.1430145205479452,reported
0,Lifepoint Health Inc,65668.75,,BBG01QXNX8G3,75915TAL6,Term Loan B,98.5,SNSE,1.0,Yes,,4.0,FLT,ACTUAL_360,3.5,7.1773,1.0,,05/19/2031,B2,B2,CWNT,B,B,CWNT,,B,Healthcare & Pharmaceuticals,Health Care Equipment & Supplies,Healthcare Devices,,0.4,US,,6523517667.89,,,USD,65668.75,,No,,,AAA,,21,,0.6,B,issuer,B,4.96986301369863,0.1462219178082191,reported
0,"Fogo De Chao, Inc.",59663.15,,BBG01J33W8X8,05553QAB8,Term Loan B,96.313,SNSE,1.0,Yes,,4.0,FLT,ACTUAL_360,4.75,8.4227,0.5,,09/22/2030,B3,B3,CWNT,B-,B-,CWNT,,B-,"Beverage, Food & Tobacco","Hotels, Restaurants & Leisure","Food, Beverage & Tobacco",,0.3,US,,762198583.2,,,USD,59663.15,,No,,,AAA,,17,,0.7,B-,issuer,B-,4.315068493150685,0.2019438356164383,reported
0,Caesars Entertainment Inc,53571.43,,BBG01QWKTDR2,12768EAG1,Term Loan (01/23),97.813,SNSE,1.0, ,,12.0,FLT,ACTUAL_360,2.25,5.9022,0.5,,02/06/2030,B1,Ba3,CWNT,B+,B+,CWNT,,BB-,"Hotel, Gaming & Leisure","Hotels, Restaurants & Leisure","Gaming, Leisure & Entertainment",,0.55,US,,17495125000.0,,,USD,53571.43,,No,,,AAA,,19,,0.4499999999999999,B+,issuer,B+,3.6904109589041094,0.0989339726027397,reported
0,GFL Environmental Services LP,52258.41,,BBG01S0Q8QM9,36257SAB8,Term Loan B (02/25),100.063,SNSE,1.0, ,,4.0,FLT,ACTUAL_360,2.5,6.1657,0.0,,03/03/2032,B2,B2,CWNT,B,B,CWNT,,BBB-,Environmental Industries,Commercial Services & Supplies,Environmental Services,,0.24,US,,2549250000.0,,,USD,52258.41,,No,,,AAA,,16,,0.76,B,issuer,B,5.761643835616439,0.1622090410958904,reported
0,EMRLD Borrower LP,46394.77,,BBG01WDDL6P1,26872NAD1,Term Loan B (06/24),100.0,SNSE,1.0,Yes,,4.0,FLT,ACTUAL_360,2.25,5.9496,0.0,,08/04/2031,B2,B2,CWNT,BB-,BB-,CWNT,,B+,High Tech Industries,"Electronic Equipment, Instruments & Components",Technology Hardware,,0.3,US,,9656915611.6,,,USD,46394.77,,No,,,AAA,BB,1,,0.7,BB-,issuer,BB-,5.1808219178082195,0.0857654794520548,reported
0,"Medline Borrower, LP",40206.94,,BBG01W91ZSY9,58503UAH6,Term Loan (07/25),99.938,SNSE,1.0,Yes,,12.0,FLT,ACTUAL_360,1.75,5.4022,0.5,,10/23/2028,Ba1,Ba1,CWNT,BB+,BB+,CWNT,,BBB-,Healthcare & Pharmaceuticals,Health Care Equipment & Supplies,Healthcare Devices,,0.55,US,,14848224465.31,,,USD,40206.94,,No,,,AAA,,21,,0.4499999999999999,BB+,issuer,BB+,2.4,0.0109799999999999,reported
0,"WideOpenWest Finance, LLC",35290.22,,BBG01QGBQLL1,96758DBG7,First Out Term Loan,101.438,SNSE,1.0,Yes,,4.0,FLT,ACTUAL_360,7.0,10.9306,1.5,,12/11/2028,B3,Ba3,CWNT,B-,B-,CWNT,,B-,Media: Broadcasting & Subscription,Media,Telecommunications,,0.7,US,,4468177287.62,,,USD,35290.22,,No,,,AAA,,3,,0.3,B-,issuer,B-,2.5342465753424657,0.1373232876712328,reported
0,"Signia Aerospace, LLC",33527.99,,BBG01W8Y7P57,82670NAH9,Delayed Draw Term Loan (07/25),100.438,SNSE,1.0,Yes,,4.0,FLT,,1.0,1.0,0.5,0.01,12/11/2031,B2,B2,CWNT,B,B,,,B+,Aerospace & Defense,Aerospace & Defense,Aerospace & Defense,,0.41,US,,2046583749.99,,,USD,33527.99,,No,,,,BB-,6,,0.5900000000000001,B,issuer,B,5.534246575342466,0.1576383561643835,reported
0,"Hightower Holding, LLC",22253.62,,BBG01WDCKLZ0,43117LAP8,Term Loan (8/25),99.5,SNSE,1.0,Yes,,4.0,FLT,ACTUAL_360,2.75,6.4081,0.0,,02/03/2032,B3,B2,CWNT,B-,B-,CWNT,,B-,"Banking, Finance, Insurance & Real Estate",Capital Markets,Banking & Finance,,0.35,US,,2781478564.8,,,USD,22253.62,,No,,,AAA,,27,,0.65,B-,issuer,B-,5.682191780821918,0.233125205479452,reported
0,"Student Transportation of America Holdings, Inc.",19536.54,,BBG01YV88PN3,86388BAF3,Delayed Draw Term Loan,101.0,SNSE,1.0, ,,12.0,FLT,,1.375,1.375,0.0,0.01,06/24/2032,B1,B1,CWNT,B+,B+,CWNT,,B+,Transportation: Consumer,Ground Transportation,Transportation & Distribution,,0.35,US,,870259376.0,,,USD,19536.54,,No,,,,,14,,0.65,B+,issuer,B+,6.071232876712329,0.1467969863013698,reported
0,Icon Public Limited Company,18168.38,,BBG01LWZ8RZ3,L5000DAF4,Term Loan B (03/24),100.25,SNSE,1.0, ,,4.0,FLT,ACTUAL_360,2.0,5.6996,0.5,,07/03/2028,,Baa3,CWNT,BBB-,BBB-,CWNT,,BBB-,Services: Business,Professional Services,Business Services General,,0.5,US,,6241354939.14,,,USD,18168.38,,No,,,AAA,,28,,0.5,BBB-,issuer,BBB-,2.0931506849315067,0.0068030136986301,reported
0,"Savor Acquisition, Inc.",15086.21,,BBG01RZSWGN3,80536AAC6,Delayed Draw Term Loan (02/25),100.313,SNSE,1.0,Yes,,4.0,FLT,,3.0,3.0,0.0,0.03,02/19/2032,B2,B2,CWNT,B,B,CWNT,,B,"Beverage, Food & Tobacco",Consumer Staples Distribution & Retail,"Food, Beverage & Tobacco",,0.4,US,,1043586372.18,,,USD,15086.21,,No,,,,,17,,0.6,B,issuer,B,5.726027397260274,0.1614931506849315,reported
0,South Field Energy LLC,13404.56,,BBG01X1L0MW4,83783XAF3,Term Loan C,101.0,SNSE,1.0, ,,4.0,FLT,ACTUAL_360,3.0,6.6996,0.0,,08/29/2031,,Ba3,CWNT,,B+,CWNT,,B,Utilities: Electric,Electric Utilities,Utilities (Power),,0.6,US,,827296763.19,,,USD,13404.56,,No,,,AAA,,26,,0.4,B+,issue_fallback,B+,5.249315068493151,0.1330134246575342,reported
0,"NRG Energy, Inc.",9556.89,,BBG01QXYP841,62937NBC0,Term Loan B (03/24),100.188,SNSE,1.0,Yes,,12.0,FLT,ACTUAL_360,1.75,5.4091,0.0,,04/16/2031,Ba1,Baa3,CWNT,BB,BB,CWNT,,BB+,Utilities: Electric,Electric Utilities,Utilities (Power),,0.7,US,,13237246143.67,,,USD,9556.89,,No,,,AAA,BBB-,26,,0.3,BB,issuer,BB,4.879452054794521,0.0490413698630137,reported
0,Naked Juice LLC,48.02,,BBG01TG20556,62984CAK9,Term Loan,101.679,SNSE,1.0, ,,4.0,FLT,ACTUAL_360,5.5,9.1996,1.0,,01/24/2029,Caa2,B2,CWNT,CCC,CCC,CWNT,,CCC,Consumer Goods: Non-Durable,Beverages,"Food, Beverage & Tobacco",,0.7,US,,5105250619.46,,,USD,48.02,,No,,,AAA,,17,,0.3,CCC/C,issuer,CCC/C,2.654794520547945,0.394558904109589,reported
0,Touchdown Acquirer Inc.,20.72,,BBG01ZVV7K88,89157NAM5,Term Loan,99.25,SNSE,1.0, ,,4.0,FLT,ACTUAL_360,2.5,6.1634,0.0,,02/21/2031,B2,B2,CWNT,B,B,CWNT,,B,"Chemicals, Plastics & Rubber",Chemicals,Chemicals,,0.3,US,,897733004.47,,,USD,20.72,,No,,,AAA,,9,,0.7,B,issuer,B,4.7315068493150685,0.140858904109589,reported
